####
#
# OBJ File Generated by Meshlab
#
####
# Object rope_mount_v10.obj
#
# Vertices: 2954
# Faces: 5920
#
####
mtllib ./rope_mount_v10.obj.mtl

vn 0.119524 4.173579 -2.610202
v 30.128023 4.998361 47.233162
vn -0.893863 3.062515 -2.617429
v 30.873554 4.923099 46.802731
vn 0.000001 2.094396 -2.720699
v 30.128023 2.750000 47.233162
vn -0.445455 2.927537 -2.616720
v 31.599464 4.737268 46.383625
vn -0.023016 2.727511 -2.611241
v 32.289455 4.445043 45.985260
vn -0.006421 3.362449 -1.786089
v 32.928024 4.052984 45.616581
vn -2.356195 2.094396 -1.360349
v 32.928024 2.750000 45.616581
vn 0.231795 3.528943 -1.737916
v 27.328024 4.226173 45.616581
vn 0.188509 2.815329 -2.615386
v 27.977453 4.572669 45.991528
vn 2.356194 2.094393 -1.360350
v 27.328024 2.750000 45.616581
vn 0.613367 2.986737 -2.616115
v 28.670717 4.820063 46.391785
vn 1.056390 3.093754 -2.611231
v 29.392790 4.962993 46.808674
vn 0.232771 3.529478 1.736750
v 27.328024 4.226173 42.383419
vn 2.356194 2.094393 1.360350
v 27.328024 2.750000 42.383419
vn 0.128540 4.173231 2.609495
v 30.128023 4.998361 40.766838
vn 1.052954 3.093174 2.610240
v 29.392790 4.962993 41.191326
vn 0.000001 2.094396 2.720699
v 30.128023 2.750000 40.766838
vn 0.608420 2.984942 2.611673
v 28.670717 4.820063 41.608215
vn 0.184994 2.813316 2.610119
v 27.977453 4.572669 42.008472
vn -0.007236 3.362964 1.784923
v 32.928024 4.052984 42.383419
vn -0.020787 2.725946 2.606374
v 32.289455 4.445043 42.014740
vn -2.356195 2.094397 1.360349
v 32.928024 2.750000 42.383419
vn -0.440796 2.925399 2.610364
v 31.599464 4.737268 41.616375
vn -0.887205 3.060749 2.611507
v 30.873554 4.923099 41.197269
vn 3.008584 3.403394 0.806147
v 28.437653 2.750000 43.547066
vn 3.114717 3.403390 -0.000000
v 28.378023 2.750000 44.000000
vn 3.008584 3.403394 -0.806147
v 28.437653 2.750000 44.452934
vn 2.697423 3.403391 -1.557359
v 28.612478 2.750000 44.875000
vn 2.202436 3.403393 -2.202438
v 28.890587 2.750000 45.237438
vn 1.557352 3.403394 -2.697426
v 29.253023 2.750000 45.515545
vn 0.806148 3.403386 -3.008586
v 29.675089 2.750000 45.690369
vn -0.000001 3.403399 -3.114715
v 30.128023 2.750000 45.750000
vn -0.806147 3.403384 -3.008587
v 30.580956 2.750000 45.690369
vn -1.557350 3.403396 -2.697427
v 31.003023 2.750000 45.515545
vn -2.202436 3.403393 -2.202438
v 31.365459 2.750000 45.237438
vn -2.697423 3.403391 -1.557359
v 31.643568 2.750000 44.875000
vn -3.008584 3.403394 -0.806147
v 31.818394 2.750000 44.452934
vn -3.114717 3.403390 0.000000
v 31.878023 2.750000 44.000000
vn -3.008584 3.403394 0.806147
v 31.818394 2.750000 43.547066
vn -2.697423 3.403391 1.557359
v 31.643568 2.750000 43.125000
vn -2.202436 3.403393 2.202438
v 31.365459 2.750000 42.762562
vn -1.557350 3.403396 2.697427
v 31.003023 2.750000 42.484455
vn -0.806146 3.403384 3.008587
v 30.580956 2.750000 42.309631
vn -0.000001 3.403399 3.114715
v 30.128023 2.750000 42.250000
vn 0.806148 3.403386 3.008586
v 29.675089 2.750000 42.309631
vn 1.557352 3.403394 2.697426
v 29.253023 2.750000 42.484455
vn 2.202436 3.403393 2.202438
v 28.890587 2.750000 42.762562
vn 2.697423 3.403391 1.557359
v 28.612478 2.750000 43.125000
vn 0.119524 4.173579 -2.610202
v -29.871977 4.998361 47.233162
vn -0.893863 3.062515 -2.617429
v -29.126446 4.923099 46.802731
vn 0.000001 2.094396 -2.720699
v -29.871977 2.750000 47.233162
vn -0.445454 2.927539 -2.616719
v -28.400536 4.737268 46.383625
vn -0.023016 2.727510 -2.611241
v -27.710546 4.445043 45.985260
vn -0.006421 3.362449 -1.786089
v -27.071978 4.052984 45.616581
vn -2.356195 2.094395 -1.360349
v -27.071978 2.750000 45.616581
vn 0.231795 3.528943 -1.737916
v -32.671978 4.226173 45.616581
vn 0.188507 2.815329 -2.615386
v -32.022549 4.572669 45.991528
vn 2.356194 2.094395 -1.360350
v -32.671978 2.750000 45.616581
vn 0.613367 2.986735 -2.616116
v -31.329283 4.820063 46.391785
vn 1.056390 3.093754 -2.611231
v -30.607210 4.962993 46.808674
vn 0.232771 3.529478 1.736750
v -32.671978 4.226173 42.383419
vn 2.356194 2.094395 1.360350
v -32.671978 2.750000 42.383419
vn 0.128540 4.173231 2.609495
v -29.871977 4.998361 40.766838
vn 1.052954 3.093174 2.610240
v -30.607210 4.962993 41.191326
vn 0.000001 2.094396 2.720699
v -29.871977 2.750000 40.766838
vn 0.608421 2.984940 2.611674
v -31.329283 4.820063 41.608215
vn 0.184993 2.813317 2.610119
v -32.022549 4.572669 42.008472
vn -0.007236 3.362964 1.784923
v -27.071978 4.052984 42.383419
vn -0.020788 2.725946 2.606374
v -27.710546 4.445043 42.014740
vn -2.356195 2.094395 1.360349
v -27.071978 2.750000 42.383419
vn -0.440795 2.925400 2.610363
v -28.400536 4.737268 41.616375
vn -0.887205 3.060749 2.611507
v -29.126446 4.923099 41.197269
vn 3.008584 3.403394 0.806147
v -31.562347 2.750000 43.547066
vn 3.114717 3.403390 -0.000000
v -31.621977 2.750000 44.000000
vn 3.008584 3.403394 -0.806147
v -31.562347 2.750000 44.452934
vn 2.697423 3.403391 -1.557359
v -31.387522 2.750000 44.875000
vn 2.202436 3.403393 -2.202438
v -31.109413 2.750000 45.237438
vn 1.557352 3.403394 -2.697426
v -30.746977 2.750000 45.515545
vn 0.806148 3.403386 -3.008586
v -30.324911 2.750000 45.690369
vn -0.000001 3.403399 -3.114715
v -29.871977 2.750000 45.750000
vn -0.806147 3.403384 -3.008587
v -29.419044 2.750000 45.690369
vn -1.557350 3.403396 -2.697427
v -28.996977 2.750000 45.515545
vn -2.202436 3.403393 -2.202438
v -28.634541 2.750000 45.237438
vn -2.697423 3.403391 -1.557359
v -28.356432 2.750000 44.875000
vn -3.008584 3.403394 -0.806147
v -28.181606 2.750000 44.452934
vn -3.114717 3.403390 0.000000
v -28.121977 2.750000 44.000000
vn -3.008584 3.403394 0.806147
v -28.181606 2.750000 43.547066
vn -2.697423 3.403391 1.557359
v -28.356432 2.750000 43.125000
vn -2.202436 3.403393 2.202438
v -28.634541 2.750000 42.762562
vn -1.557350 3.403396 2.697427
v -28.996977 2.750000 42.484455
vn -0.806146 3.403384 3.008587
v -29.419044 2.750000 42.309631
vn -0.000001 3.403399 3.114715
v -29.871977 2.750000 42.250000
vn 0.806148 3.403386 3.008586
v -30.324911 2.750000 42.309631
vn 1.557352 3.403394 2.697426
v -30.746977 2.750000 42.484455
vn 2.202436 3.403393 2.202438
v -31.109413 2.750000 42.762562
vn 2.697423 3.403391 1.557359
v -31.387522 2.750000 43.125000
vn 5.987133 0.260588 1.598341
v 49.965927 25.000000 -0.741181
vn 6.017160 0.000000 1.612308
v 49.965927 19.444445 -0.741181
vn 6.233297 0.271664 0.407801
v 50.000000 25.000000 -1.000000
vn 6.017160 0.000000 1.612308
v 49.965927 13.888889 -0.741181
vn 6.017160 0.000000 1.612308
v 49.965927 8.333333 -0.741181
vn 5.394847 0.000000 3.114727
v 49.866024 8.333333 -0.500000
vn 5.394847 0.000000 3.114727
v 49.866024 2.777778 -0.500000
vn 4.404881 0.000000 4.404860
v 49.707108 2.777778 -0.292893
vn 4.404881 0.000000 4.404860
v 49.707108 -2.777778 -0.292893
vn 3.114714 0.000000 5.394848
v 49.500000 -2.777778 -0.133975
vn 3.114714 0.000000 5.394849
v 49.500000 -8.333333 -0.133975
vn 1.612297 0.000000 6.017168
v 49.258820 -8.333333 -0.034074
vn 1.612297 0.000000 6.017168
v 49.258820 -13.888889 -0.034074
vn 0.421353 -0.019424 6.254727
v 49.000000 -25.000000 0.000000
vn 1.612297 0.000000 6.017168
v 49.258820 -19.444445 -0.034074
vn 1.631486 -0.072209 6.004911
v 49.258820 -25.000000 -0.034074
vn 3.114714 0.000000 5.394848
v 49.500000 -19.444445 -0.133975
vn 3.124261 -0.137091 5.372663
v 49.500000 -25.000000 -0.133975
vn 4.404881 0.000000 4.404860
v 49.707108 -19.444445 -0.292893
vn 4.400479 -0.192306 4.378216
v 49.707108 -25.000000 -0.292893
vn 5.394847 0.000000 3.114727
v 49.866024 -19.444445 -0.500000
vn 5.375848 -0.234330 3.090967
v 49.866024 -25.000000 -0.500000
vn 6.017160 0.000000 1.612308
v 49.965927 -19.444445 -0.741181
vn 5.987133 -0.260590 1.598340
v 49.965927 -25.000000 -0.741181
vn 6.233281 -0.271666 0.407800
v 50.000000 -25.000000 -1.000000
vn 5.394847 0.000000 3.114727
v 49.866024 19.444445 -0.500000
vn 5.375845 0.234333 3.090969
v 49.866024 25.000000 -0.500000
vn 4.404881 0.000000 4.404860
v 49.707108 19.444445 -0.292893
vn 4.400482 0.192310 4.378214
v 49.707108 25.000000 -0.292893
vn 3.114714 0.000000 5.394848
v 49.500000 19.444445 -0.133975
vn 3.124261 0.137089 5.372663
v 49.500000 25.000000 -0.133975
vn 1.612297 0.000000 6.017168
v 49.258820 19.444445 -0.034074
vn 1.631485 0.072208 6.004912
v 49.258820 25.000000 -0.034074
vn 0.421351 0.019424 6.254711
v 49.000000 25.000000 0.000000
vn 1.612297 0.000000 6.017169
v 49.258820 2.777778 -0.034074
vn 1.612297 0.000000 6.017168
v 49.258820 8.333333 -0.034074
vn 1.612297 0.000000 6.017168
v 49.258820 13.888889 -0.034074
vn 3.114714 0.000000 5.394849
v 49.500000 13.888889 -0.133975
vn 6.017162 0.000000 1.612308
v 49.965927 -2.777778 -0.741181
vn 6.017160 0.000000 1.612308
v 49.965927 -8.333333 -0.741181
vn 6.017160 0.000000 1.612308
v 49.965927 -13.888889 -0.741181
vn 5.394847 0.000000 3.114727
v 49.866024 -13.888889 -0.500000
vn 5.394847 0.000000 3.114727
v 49.866024 13.888889 -0.500000
vn 4.404881 0.000000 4.404860
v 49.707108 13.888889 -0.292893
vn 6.017160 0.000000 1.612308
v 49.965927 2.777778 -0.741181
vn 5.394847 0.000000 3.114727
v 49.866024 -2.777778 -0.500000
vn 5.394847 0.000000 3.114727
v 49.866024 -8.333333 -0.500000
vn 4.404881 0.000000 4.404860
v 49.707108 -8.333333 -0.292893
vn 4.404881 0.000000 4.404861
v 49.707108 8.333333 -0.292893
vn 3.114714 0.000000 5.394848
v 49.500000 2.777778 -0.133975
vn 1.612297 0.000000 6.017168
v 49.258820 -2.777778 -0.034074
vn 4.404881 0.000000 4.404861
v 49.707108 -13.888889 -0.292893
vn 3.114714 0.000000 5.394849
v 49.500000 8.333333 -0.133975
vn 3.114714 0.000000 5.394848
v 49.500000 -13.888889 -0.133975
vn 0.087045 -0.424443 6.253032
v 45.780361 -28.923141 0.000000
vn 0.019424 -0.421365 6.254817
v 45.000000 -29.000000 0.000000
vn 0.281965 -1.624988 5.992842
v 45.739536 -29.194118 -0.034074
vn 0.072208 -1.631485 6.004912
v 45.000000 -29.258820 -0.034074
vn 0.137086 -3.124261 5.372665
v 45.000000 -29.500000 -0.133975
vn 0.544184 -3.086202 5.350474
v 45.781418 -29.431635 -0.133975
vn 0.192305 -4.400472 4.378230
v 45.000000 -29.707108 -0.292893
vn 0.763371 -4.329289 4.351582
v 45.817379 -29.635595 -0.292893
vn 0.234335 -5.375852 3.090941
v 45.000000 -29.866026 -0.500000
vn 0.930209 -5.275463 3.067192
v 45.844978 -29.792099 -0.500000
vn 0.260591 -5.987147 1.598327
v 45.000000 -29.965925 -0.741181
vn 1.034438 -5.866618 1.584357
v 45.862324 -29.890482 -0.741181
vn 0.271664 -6.233377 0.407834
v 45.000000 -30.000000 -1.000000
vn 1.078393 -6.115884 0.405561
v 45.868240 -29.924038 -1.000000
vn 2.037452 -5.597857 1.584357
v 46.698448 -29.666445 -0.741181
vn 2.124021 -5.835708 0.405562
v 46.710102 -29.698463 -1.000000
vn 2.978567 -5.159015 1.584363
v 47.482964 -29.300617 -0.741181
vn 3.105112 -5.378215 0.405579
v 47.500000 -29.330128 -1.000000
vn 3.829159 -4.563416 1.584387
v 48.192036 -28.804119 -0.741181
vn 3.991854 -4.757307 0.405592
v 48.213940 -28.830223 -1.000000
vn 4.563420 -3.829160 1.584368
v 48.804119 -28.192036 -0.741181
vn 4.757313 -3.991853 0.405579
v 48.830223 -28.213938 -1.000000
vn 5.159007 -2.978555 1.584388
v 49.300617 -27.482964 -0.741181
vn 5.378215 -3.105111 0.405578
v 49.330128 -27.500000 -1.000000
vn 5.597855 -2.037458 1.584382
v 49.666443 -26.698446 -0.741181
vn 5.835705 -2.124022 0.405577
v 49.698463 -26.710100 -1.000000
vn 5.866605 -1.034442 1.584358
v 49.890484 -25.862324 -0.741181
vn 6.115887 -1.078393 0.405540
v 49.924038 -25.868240 -1.000000
vn 5.275449 -0.930210 3.067219
v 49.792099 -25.844976 -0.500000
vn 5.033792 -1.832150 3.067191
v 49.572567 -26.664278 -0.500000
vn 4.639169 -2.678422 3.067199
v 49.214100 -27.433012 -0.500000
vn 4.103585 -3.443312 3.067182
v 48.727592 -28.127821 -0.500000
vn 3.443309 -4.103582 3.067198
v 48.127819 -28.727592 -0.500000
vn 2.678427 -4.639156 3.067192
v 47.433014 -29.214102 -0.500000
vn 1.832142 -5.033777 3.067208
v 46.664280 -29.572569 -0.500000
vn 4.329280 -0.763375 4.351595
v 49.635593 -25.817381 -0.292893
vn 4.130975 -1.503548 4.351566
v 49.423233 -26.609926 -0.292893
vn 3.807120 -2.198040 4.351574
v 49.076473 -27.353554 -0.292893
vn 3.367586 -2.825741 4.351586
v 48.605854 -28.025669 -0.292893
vn 2.825746 -3.367590 4.351584
v 48.025669 -28.605852 -0.292893
vn 2.198035 -3.807106 4.351593
v 47.353554 -29.076473 -0.292893
vn 1.503541 -4.130951 4.351597
v 46.609924 -29.423233 -0.292893
vn 3.086208 -0.544179 5.350475
v 49.431633 -25.781416 -0.133975
vn 2.944821 -1.071824 5.350469
v 49.228619 -26.539091 -0.133975
vn 2.713954 -1.566904 5.350479
v 48.897114 -27.250000 -0.133975
vn 2.400635 -2.014372 5.350477
v 48.447201 -27.892544 -0.133975
vn 2.014377 -2.400641 5.350471
v 47.892544 -28.447201 -0.133975
vn 1.566905 -2.713962 5.350475
v 47.250000 -28.897114 -0.133975
vn 1.071828 -2.944822 5.350474
v 46.539089 -29.228617 -0.133975
vn 1.624996 -0.281964 5.992839
v 49.194118 -25.739536 -0.034074
vn 1.549152 -0.558387 5.993183
v 49.001980 -26.456602 -0.034074
vn 1.425656 -0.818697 5.993530
v 48.688244 -27.129410 -0.034074
vn 1.259048 -1.054657 5.993735
v 48.262444 -27.737516 -0.034074
vn 1.054657 -1.259050 5.993735
v 47.737514 -28.262445 -0.034074
vn 0.818701 -1.425663 5.993527
v 47.129410 -28.688246 -0.034074
vn 0.558388 -1.549166 5.993176
v 46.456600 -29.001982 -0.034074
vn 0.424443 -0.087045 6.253031
v 48.923141 -25.780361 0.000000
vn 0.401158 -0.170394 6.252702
v 48.695518 -26.530733 0.000000
vn 0.363166 -0.245809 6.252344
v 48.325878 -27.222281 0.000000
vn 0.310842 -0.310841 6.252200
v 47.828426 -27.828426 0.000000
vn 0.245810 -0.363165 6.252343
v 47.222282 -28.325878 0.000000
vn 0.170393 -0.401158 6.252702
v 46.530735 -28.695518 0.000000
vn -0.072208 -1.631485 6.004913
v -45.000000 -29.258820 -0.034074
vn 0.000000 -1.612298 6.017169
v -39.375000 -29.258820 -0.034074
vn -0.019424 -0.421365 6.254817
v -45.000000 -29.000000 0.000000
vn 0.000000 -1.612298 6.017169
v -33.750000 -29.258820 -0.034074
vn 0.000000 -1.612298 6.017169
v -28.125000 -29.258820 -0.034074
vn 0.000000 -3.114715 5.394850
v -28.125000 -29.500000 -0.133975
vn 0.000000 -3.114715 5.394850
v -22.500000 -29.500000 -0.133975
vn 0.000000 -4.404871 4.404876
v -22.500000 -29.707108 -0.292893
vn 0.000000 -4.404871 4.404876
v -16.875000 -29.707108 -0.292893
vn 0.000000 -5.394854 3.114704
v -16.875000 -29.866026 -0.500000
vn 0.000000 -5.394854 3.114703
v -11.250000 -29.866026 -0.500000
vn 0.000000 -6.017173 1.612292
v -11.250000 -29.965925 -0.741181
vn 0.000000 -6.017174 1.612292
v -5.625000 -29.965925 -0.741181
vn -0.271665 -6.233377 0.407835
v -45.000000 -30.000000 -1.000000
vn 0.000000 -6.017179 1.612292
v 0.000000 -29.965925 -0.741181
vn 0.000000 -6.017174 1.612292
v 5.625000 -29.965925 -0.741181
vn 0.000000 -6.017174 1.612292
v 11.250000 -29.965925 -0.741181
vn 0.000000 -5.394854 3.114704
v 5.625000 -29.866026 -0.500000
vn 0.000000 -5.394854 3.114704
v 11.250000 -29.866026 -0.500000
vn 0.000000 -4.404871 4.404876
v 5.625000 -29.707108 -0.292893
vn 0.000000 -4.404871 4.404876
v 11.250000 -29.707108 -0.292893
vn 0.000000 -3.114715 5.394850
v 5.625000 -29.500000 -0.133975
vn 0.000000 -3.114715 5.394850
v 11.250000 -29.500000 -0.133975
vn 0.000000 -1.612298 6.017169
v 5.625000 -29.258820 -0.034074
vn 0.000000 -1.612298 6.017169
v 11.250000 -29.258820 -0.034074
vn 0.000000 -1.612297 6.017169
v 16.875000 -29.258820 -0.034074
vn 0.000000 -1.612298 6.017169
v 22.500000 -29.258820 -0.034074
vn 0.000000 -3.114715 5.394850
v 22.500000 -29.500000 -0.133975
vn 0.000000 -3.114715 5.394850
v 28.125000 -29.500000 -0.133975
vn 0.000000 -4.404871 4.404876
v 28.125000 -29.707108 -0.292893
vn 0.000000 -4.404871 4.404876
v 33.750000 -29.707108 -0.292893
vn 0.000000 -5.394854 3.114703
v 33.750000 -29.866026 -0.500000
vn 0.000000 -5.394854 3.114703
v 39.375000 -29.866026 -0.500000
vn 0.000000 -6.017174 1.612292
v 39.375000 -29.965925 -0.741181
vn 0.000000 -6.017174 1.612292
v 33.750000 -29.965925 -0.741181
vn 0.000000 -6.017174 1.612292
v 28.125000 -29.965925 -0.741181
vn 0.000000 -5.394854 3.114703
v 28.125000 -29.866026 -0.500000
vn 0.000000 -5.394854 3.114704
v 22.500000 -29.866026 -0.500000
vn 0.000000 -4.404871 4.404876
v 22.500000 -29.707108 -0.292893
vn 0.000000 -4.404871 4.404876
v 16.875000 -29.707108 -0.292893
vn 0.000000 -3.114715 5.394850
v 16.875000 -29.500000 -0.133975
vn 0.000000 -3.114715 5.394850
v -39.375000 -29.500000 -0.133975
vn -0.137087 -3.124261 5.372664
v -45.000000 -29.500000 -0.133975
vn 0.000000 -4.404871 4.404876
v -39.375000 -29.707108 -0.292893
vn -0.192305 -4.400472 4.378230
v -45.000000 -29.707108 -0.292893
vn 0.000000 -5.394854 3.114704
v -39.375000 -29.866026 -0.500000
vn -0.234333 -5.375852 3.090942
v -45.000000 -29.866026 -0.500000
vn 0.000000 -6.017174 1.612292
v -39.375000 -29.965925 -0.741181
vn -0.260591 -5.987147 1.598324
v -45.000000 -29.965925 -0.741181
vn 0.000000 -4.404871 4.404876
v 39.375000 -29.707108 -0.292893
vn 0.000000 -3.114715 5.394850
v 33.750000 -29.500000 -0.133975
vn 0.000000 -1.612298 6.017169
v 28.125000 -29.258820 -0.034074
vn 0.000000 -3.114715 5.394850
v 39.375000 -29.500000 -0.133975
vn 0.000000 -1.612298 6.017169
v 33.750000 -29.258820 -0.034074
vn 0.000000 -1.612297 6.017169
v 39.375000 -29.258820 -0.034074
vn 0.000000 -1.612298 6.017174
v 0.000000 -29.258820 -0.034074
vn 0.000000 -1.612298 6.017169
v -5.625000 -29.258820 -0.034074
vn 0.000000 -1.612298 6.017169
v -11.250000 -29.258820 -0.034074
vn 0.000000 -3.114715 5.394850
v -5.625000 -29.500000 -0.133975
vn 0.000000 -3.114715 5.394850
v -11.250000 -29.500000 -0.133975
vn 0.000000 -4.404871 4.404876
v -5.625000 -29.707108 -0.292893
vn 0.000000 -4.404872 4.404876
v -11.250000 -29.707108 -0.292893
vn 0.000000 -5.394854 3.114704
v -5.625000 -29.866026 -0.500000
vn 0.000000 -3.114715 5.394850
v -33.750000 -29.500000 -0.133975
vn 0.000000 -4.404871 4.404876
v -33.750000 -29.707108 -0.292893
vn 0.000000 -5.394854 3.114704
v -33.750000 -29.866026 -0.500000
vn 0.000000 -6.017174 1.612292
v -33.750000 -29.965925 -0.741181
vn 0.000000 -1.612298 6.017169
v -22.500000 -29.258820 -0.034074
vn 0.000000 -1.612297 6.017169
v -16.875000 -29.258820 -0.034074
vn 0.000000 -3.114715 5.394850
v -16.875000 -29.500000 -0.133975
vn 0.000000 -3.114715 5.394850
v 0.000000 -29.500000 -0.133975
vn 0.000000 -4.404871 4.404876
v 0.000000 -29.707108 -0.292893
vn 0.000000 -5.394854 3.114704
v 0.000000 -29.866026 -0.500000
vn 0.000000 -4.404871 4.404876
v -28.125000 -29.707108 -0.292893
vn 0.000000 -5.394854 3.114704
v -22.500000 -29.866026 -0.500000
vn 0.000000 -6.017174 1.612292
v -16.875000 -29.965925 -0.741181
vn 0.000000 -5.394854 3.114704
v -28.125000 -29.866026 -0.500000
vn 0.000000 -6.017173 1.612292
v -28.125000 -29.965925 -0.741181
vn 0.000000 -5.394854 3.114704
v 16.875000 -29.866026 -0.500000
vn 0.000000 -6.017174 1.612292
v 16.875000 -29.965925 -0.741181
vn 0.000000 -6.017173 1.612292
v -22.500000 -29.965925 -0.741181
vn 0.000000 -6.017174 1.612292
v 22.500000 -29.965925 -0.741181
vn -0.424443 -0.087045 6.253031
v -48.923141 -25.780361 0.000000
vn -0.421351 -0.019424 6.254711
v -49.000000 -25.000000 0.000000
vn -1.624997 -0.281970 5.992838
v -49.194118 -25.739536 -0.034074
vn -1.631485 -0.072208 6.004912
v -49.258820 -25.000000 -0.034074
vn -3.124261 -0.137089 5.372663
v -49.500000 -25.000000 -0.133975
vn -3.086205 -0.544180 5.350477
v -49.431633 -25.781416 -0.133975
vn -4.400482 -0.192310 4.378214
v -49.707108 -25.000000 -0.292893
vn -4.329284 -0.763367 4.351593
v -49.635593 -25.817381 -0.292893
vn -5.375845 -0.234333 3.090969
v -49.866024 -25.000000 -0.500000
vn -5.275449 -0.930202 3.067222
v -49.792099 -25.844976 -0.500000
vn -5.987134 -0.260588 1.598341
v -49.965927 -25.000000 -0.741181
vn -5.866605 -1.034448 1.584353
v -49.890484 -25.862324 -0.741181
vn -6.233297 -0.271664 0.407801
v -50.000000 -25.000000 -1.000000
vn -6.115886 -1.078400 0.405543
v -49.924038 -25.868240 -1.000000
vn -5.597856 -2.037456 1.584378
v -49.666443 -26.698446 -0.741181
vn -5.835706 -2.124016 0.405581
v -49.698463 -26.710100 -1.000000
vn -5.159009 -2.978551 1.584386
v -49.300617 -27.482964 -0.741181
vn -5.378214 -3.105111 0.405578
v -49.330128 -27.500000 -1.000000
vn -4.563416 -3.829167 1.584365
v -48.804119 -28.192036 -0.741181
vn -4.757312 -3.991854 0.405581
v -48.830223 -28.213938 -1.000000
vn -3.829164 -4.563411 1.584388
v -48.192036 -28.804119 -0.741181
vn -3.991857 -4.757305 0.405592
v -48.213940 -28.830223 -1.000000
vn -2.978564 -5.159015 1.584367
v -47.482964 -29.300617 -0.741181
vn -3.105113 -5.378216 0.405576
v -47.500000 -29.330128 -1.000000
vn -2.037452 -5.597857 1.584359
v -46.698448 -29.666445 -0.741181
vn -2.124019 -5.835708 0.405560
v -46.710102 -29.698463 -1.000000
vn -1.034437 -5.866618 1.584354
v -45.862324 -29.890482 -0.741181
vn -1.078391 -6.115884 0.405562
v -45.868240 -29.924038 -1.000000
vn -0.930208 -5.275463 3.067193
v -45.844978 -29.792099 -0.500000
vn -1.832147 -5.033776 3.067207
v -46.664280 -29.572569 -0.500000
vn -2.678423 -4.639158 3.067192
v -47.433014 -29.214102 -0.500000
vn -3.443311 -4.103580 3.067198
v -48.127819 -28.727592 -0.500000
vn -4.103581 -3.443314 3.067184
v -48.727592 -28.127821 -0.500000
vn -4.639169 -2.678418 3.067202
v -49.214100 -27.433012 -0.500000
vn -5.033791 -1.832156 3.067189
v -49.572567 -26.664278 -0.500000
vn -0.763368 -4.329289 4.351583
v -45.817379 -29.635595 -0.292893
vn -1.503544 -4.130949 4.351597
v -46.609924 -29.423233 -0.292893
vn -2.198035 -3.807105 4.351593
v -47.353554 -29.076473 -0.292893
vn -2.825744 -3.367593 4.351584
v -48.025669 -28.605852 -0.292893
vn -3.367589 -2.825739 4.351583
v -48.605854 -28.025669 -0.292893
vn -3.807119 -2.198041 4.351573
v -49.076473 -27.353554 -0.292893
vn -4.130972 -1.503554 4.351567
v -49.423233 -26.609926 -0.292893
vn -0.544183 -3.086203 5.350474
v -45.781418 -29.431635 -0.133975
vn -1.071828 -2.944821 5.350475
v -46.539089 -29.228617 -0.133975
vn -1.566907 -2.713963 5.350475
v -47.250000 -28.897114 -0.133975
vn -2.014376 -2.400643 5.350471
v -47.892544 -28.447201 -0.133975
vn -2.400636 -2.014370 5.350478
v -48.447201 -27.892544 -0.133975
vn -2.713956 -1.566905 5.350478
v -48.897114 -27.250000 -0.133975
vn -2.944819 -1.071824 5.350470
v -49.228619 -26.539091 -0.133975
vn -0.281965 -1.624988 5.992842
v -45.739536 -29.194118 -0.034074
vn -0.558388 -1.549167 5.993176
v -46.456600 -29.001982 -0.034074
vn -0.818700 -1.425663 5.993527
v -47.129410 -28.688246 -0.034074
vn -1.054658 -1.259049 5.993735
v -47.737514 -28.262445 -0.034074
vn -1.259049 -1.054656 5.993735
v -48.262444 -27.737516 -0.034074
vn -1.425655 -0.818698 5.993531
v -48.688244 -27.129410 -0.034074
vn -1.549155 -0.558383 5.993182
v -49.001980 -26.456602 -0.034074
vn -0.087045 -0.424443 6.253032
v -45.780361 -28.923141 0.000000
vn -0.170393 -0.401158 6.252701
v -46.530735 -28.695518 0.000000
vn -0.245810 -0.363165 6.252343
v -47.222282 -28.325878 0.000000
vn -0.310842 -0.310841 6.252201
v -47.828426 -27.828426 0.000000
vn -0.363166 -0.245809 6.252343
v -48.325878 -27.222281 0.000000
vn -0.401158 -0.170394 6.252701
v -48.695518 -26.530733 0.000000
vn -1.631486 0.072209 6.004911
v -49.258820 25.000000 -0.034074
vn -1.612297 0.000000 6.017168
v -49.258820 19.444445 -0.034074
vn -0.421353 0.019424 6.254727
v -49.000000 25.000000 0.000000
vn -1.612297 0.000000 6.017168
v -49.258820 13.888889 -0.034074
vn -1.612297 0.000000 6.017168
v -49.258820 8.333333 -0.034074
vn -3.114714 0.000000 5.394849
v -49.500000 8.333333 -0.133975
vn -3.114714 0.000000 5.394848
v -49.500000 2.777778 -0.133975
vn -4.404881 0.000000 4.404860
v -49.707108 2.777778 -0.292893
vn -4.404881 0.000000 4.404860
v -49.707108 -2.777778 -0.292893
vn -5.394847 0.000000 3.114727
v -49.866024 -2.777778 -0.500000
vn -5.394847 0.000000 3.114727
v -49.866024 -8.333333 -0.500000
vn -6.017160 0.000000 1.612308
v -49.965927 -8.333333 -0.741181
vn -6.017160 0.000000 1.612308
v -49.965927 -13.888889 -0.741181
vn -6.017160 0.000000 1.612308
v -49.965927 -19.444445 -0.741181
vn -5.394847 0.000000 3.114727
v -49.866024 -19.444445 -0.500000
vn -4.404881 0.000000 4.404860
v -49.707108 -19.444445 -0.292893
vn -3.114714 0.000000 5.394848
v -49.500000 -19.444445 -0.133975
vn -1.612297 0.000000 6.017168
v -49.258820 -19.444445 -0.034074
vn -3.114714 0.000000 5.394848
v -49.500000 19.444445 -0.133975
vn -3.124261 0.137091 5.372663
v -49.500000 25.000000 -0.133975
vn -4.404881 0.000000 4.404860
v -49.707108 19.444445 -0.292893
vn -4.400479 0.192306 4.378216
v -49.707108 25.000000 -0.292893
vn -5.394847 0.000000 3.114727
v -49.866024 19.444445 -0.500000
vn -5.375848 0.234330 3.090967
v -49.866024 25.000000 -0.500000
vn -6.017160 0.000000 1.612308
v -49.965927 19.444445 -0.741181
vn -5.987133 0.260590 1.598340
v -49.965927 25.000000 -0.741181
vn -6.233281 0.271666 0.407800
v -50.000000 25.000000 -1.000000
vn -6.017162 0.000000 1.612308
v -49.965927 2.777778 -0.741181
vn -6.017160 0.000000 1.612308
v -49.965927 8.333333 -0.741181
vn -6.017160 0.000000 1.612308
v -49.965927 13.888889 -0.741181
vn -5.394847 0.000000 3.114727
v -49.866024 13.888889 -0.500000
vn -1.612297 0.000000 6.017169
v -49.258820 -2.777778 -0.034074
vn -1.612297 0.000000 6.017168
v -49.258820 -8.333333 -0.034074
vn -1.612297 0.000000 6.017168
v -49.258820 -13.888889 -0.034074
vn -3.114714 0.000000 5.394849
v -49.500000 -13.888889 -0.133975
vn -3.114714 0.000000 5.394848
v -49.500000 13.888889 -0.133975
vn -4.404881 0.000000 4.404861
v -49.707108 13.888889 -0.292893
vn -1.612297 0.000000 6.017168
v -49.258820 2.777778 -0.034074
vn -3.114714 0.000000 5.394848
v -49.500000 -2.777778 -0.133975
vn -3.114714 0.000000 5.394848
v -49.500000 -8.333333 -0.133975
vn -4.404881 0.000000 4.404861
v -49.707108 -8.333333 -0.292893
vn -4.404881 0.000000 4.404861
v -49.707108 8.333333 -0.292893
vn -5.394847 0.000000 3.114727
v -49.866024 2.777778 -0.500000
vn -6.017160 0.000000 1.612308
v -49.965927 -2.777778 -0.741181
vn -4.404881 0.000000 4.404861
v -49.707108 -13.888889 -0.292893
vn -5.394847 0.000000 3.114727
v -49.866024 8.333333 -0.500000
vn -5.394847 0.000000 3.114727
v -49.866024 -13.888889 -0.500000
vn -0.087045 0.424443 6.253032
v -45.780361 28.923141 0.000000
vn -0.019424 0.421365 6.254817
v -45.000000 29.000000 0.000000
vn -0.281965 1.624988 5.992842
v -45.739536 29.194118 -0.034074
vn -0.072208 1.631485 6.004912
v -45.000000 29.258820 -0.034074
vn -0.137086 3.124261 5.372665
v -45.000000 29.500000 -0.133975
vn -0.544184 3.086202 5.350474
v -45.781418 29.431635 -0.133975
vn -0.192305 4.400472 4.378230
v -45.000000 29.707108 -0.292893
vn -0.763371 4.329289 4.351582
v -45.817379 29.635595 -0.292893
vn -0.234335 5.375852 3.090941
v -45.000000 29.866026 -0.500000
vn -0.930209 5.275463 3.067192
v -45.844978 29.792099 -0.500000
vn -0.260591 5.987147 1.598327
v -45.000000 29.965925 -0.741181
vn -1.034438 5.866618 1.584357
v -45.862324 29.890482 -0.741181
vn -0.271664 6.233377 0.407834
v -45.000000 30.000000 -1.000000
vn -1.078393 6.115884 0.405561
v -45.868240 29.924038 -1.000000
vn -2.037452 5.597857 1.584357
v -46.698448 29.666445 -0.741181
vn -2.124021 5.835708 0.405562
v -46.710102 29.698463 -1.000000
vn -2.978567 5.159015 1.584363
v -47.482964 29.300617 -0.741181
vn -3.105112 5.378215 0.405579
v -47.500000 29.330128 -1.000000
vn -3.829159 4.563416 1.584387
v -48.192036 28.804119 -0.741181
vn -3.991854 4.757307 0.405592
v -48.213940 28.830223 -1.000000
vn -4.563420 3.829160 1.584368
v -48.804119 28.192036 -0.741181
vn -4.757313 3.991853 0.405579
v -48.830223 28.213938 -1.000000
vn -5.159007 2.978555 1.584388
v -49.300617 27.482964 -0.741181
vn -5.378215 3.105111 0.405578
v -49.330128 27.500000 -1.000000
vn -5.597855 2.037458 1.584382
v -49.666443 26.698446 -0.741181
vn -5.835705 2.124022 0.405577
v -49.698463 26.710100 -1.000000
vn -5.866605 1.034442 1.584358
v -49.890484 25.862324 -0.741181
vn -6.115887 1.078393 0.405540
v -49.924038 25.868240 -1.000000
vn -5.275449 0.930210 3.067219
v -49.792099 25.844976 -0.500000
vn -5.033792 1.832150 3.067191
v -49.572567 26.664278 -0.500000
vn -4.639169 2.678422 3.067199
v -49.214100 27.433012 -0.500000
vn -4.103585 3.443312 3.067182
v -48.727592 28.127821 -0.500000
vn -3.443309 4.103582 3.067198
v -48.127819 28.727592 -0.500000
vn -2.678427 4.639156 3.067192
v -47.433014 29.214102 -0.500000
vn -1.832142 5.033777 3.067208
v -46.664280 29.572569 -0.500000
vn -4.329280 0.763375 4.351595
v -49.635593 25.817381 -0.292893
vn -4.130975 1.503548 4.351566
v -49.423233 26.609926 -0.292893
vn -3.807120 2.198040 4.351574
v -49.076473 27.353554 -0.292893
vn -3.367586 2.825741 4.351586
v -48.605854 28.025669 -0.292893
vn -2.825746 3.367590 4.351584
v -48.025669 28.605852 -0.292893
vn -2.198035 3.807106 4.351593
v -47.353554 29.076473 -0.292893
vn -1.503541 4.130951 4.351597
v -46.609924 29.423233 -0.292893
vn -3.086208 0.544179 5.350475
v -49.431633 25.781416 -0.133975
vn -2.944821 1.071824 5.350469
v -49.228619 26.539091 -0.133975
vn -2.713954 1.566904 5.350479
v -48.897114 27.250000 -0.133975
vn -2.400635 2.014372 5.350477
v -48.447201 27.892544 -0.133975
vn -2.014377 2.400641 5.350471
v -47.892544 28.447201 -0.133975
vn -1.566905 2.713962 5.350475
v -47.250000 28.897114 -0.133975
vn -1.071828 2.944822 5.350474
v -46.539089 29.228617 -0.133975
vn -1.624996 0.281964 5.992839
v -49.194118 25.739536 -0.034074
vn -1.549152 0.558387 5.993183
v -49.001980 26.456602 -0.034074
vn -1.425656 0.818697 5.993530
v -48.688244 27.129410 -0.034074
vn -1.259048 1.054657 5.993735
v -48.262444 27.737516 -0.034074
vn -1.054657 1.259050 5.993735
v -47.737514 28.262445 -0.034074
vn -0.818701 1.425663 5.993527
v -47.129410 28.688246 -0.034074
vn -0.558388 1.549166 5.993176
v -46.456600 29.001982 -0.034074
vn -0.424443 0.087045 6.253031
v -48.923141 25.780361 0.000000
vn -0.401158 0.170394 6.252702
v -48.695518 26.530733 0.000000
vn -0.363166 0.245809 6.252344
v -48.325878 27.222281 0.000000
vn -0.310842 0.310841 6.252200
v -47.828426 27.828426 0.000000
vn -0.245810 0.363165 6.252343
v -47.222282 28.325878 0.000000
vn -0.170393 0.401158 6.252702
v -46.530735 28.695518 0.000000
vn 0.072208 1.631485 6.004913
v 45.000000 29.258820 -0.034074
vn 0.000000 1.612298 6.017169
v 39.375000 29.258820 -0.034074
vn 0.019424 0.421365 6.254817
v 45.000000 29.000000 0.000000
vn 0.000000 1.612298 6.017169
v 33.750000 29.258820 -0.034074
vn 0.000000 1.612298 6.017169
v 28.125000 29.258820 -0.034074
vn 0.000000 3.114715 5.394850
v 28.125000 29.500000 -0.133975
vn 0.000000 3.114715 5.394850
v 22.500000 29.500000 -0.133975
vn 0.000000 4.404871 4.404876
v 22.500000 29.707108 -0.292893
vn 0.000000 4.404871 4.404876
v 16.875000 29.707108 -0.292893
vn 0.000000 5.394854 3.114704
v 16.875000 29.866026 -0.500000
vn 0.000000 5.394854 3.114703
v 11.250000 29.866026 -0.500000
vn 0.000000 6.017173 1.612292
v 11.250000 29.965925 -0.741181
vn 0.000000 6.017174 1.612292
v 5.625000 29.965925 -0.741181
vn 0.271665 6.233377 0.407835
v 45.000000 30.000000 -1.000000
vn 0.000000 6.017179 1.612292
v 0.000000 29.965925 -0.741181
vn 0.000000 6.017174 1.612292
v -5.625000 29.965925 -0.741181
vn 0.000000 6.017174 1.612292
v -11.250000 29.965925 -0.741181
vn 0.000000 5.394854 3.114704
v -5.625000 29.866026 -0.500000
vn 0.000000 5.394854 3.114704
v -11.250000 29.866026 -0.500000
vn 0.000000 4.404871 4.404876
v -5.625000 29.707108 -0.292893
vn 0.000000 4.404871 4.404876
v -11.250000 29.707108 -0.292893
vn 0.000000 3.114715 5.394850
v -5.625000 29.500000 -0.133975
vn 0.000000 3.114715 5.394850
v -11.250000 29.500000 -0.133975
vn 0.000000 1.612298 6.017169
v -5.625000 29.258820 -0.034074
vn 0.000000 1.612298 6.017169
v -11.250000 29.258820 -0.034074
vn 0.000000 1.612297 6.017169
v -16.875000 29.258820 -0.034074
vn 0.000000 1.612298 6.017169
v -22.500000 29.258820 -0.034074
vn 0.000000 3.114715 5.394850
v -22.500000 29.500000 -0.133975
vn 0.000000 3.114715 5.394850
v -28.125000 29.500000 -0.133975
vn 0.000000 4.404871 4.404876
v -28.125000 29.707108 -0.292893
vn 0.000000 4.404871 4.404876
v -33.750000 29.707108 -0.292893
vn 0.000000 5.394854 3.114703
v -33.750000 29.866026 -0.500000
vn 0.000000 5.394854 3.114703
v -39.375000 29.866026 -0.500000
vn 0.000000 6.017174 1.612292
v -39.375000 29.965925 -0.741181
vn 0.000000 6.017174 1.612292
v -33.750000 29.965925 -0.741181
vn 0.000000 6.017174 1.612292
v -28.125000 29.965925 -0.741181
vn 0.000000 5.394854 3.114703
v -28.125000 29.866026 -0.500000
vn 0.000000 5.394854 3.114704
v -22.500000 29.866026 -0.500000
vn 0.000000 4.404871 4.404876
v -22.500000 29.707108 -0.292893
vn 0.000000 4.404871 4.404876
v -16.875000 29.707108 -0.292893
vn 0.000000 3.114715 5.394850
v -16.875000 29.500000 -0.133975
vn 0.000000 3.114715 5.394850
v 39.375000 29.500000 -0.133975
vn 0.137087 3.124261 5.372664
v 45.000000 29.500000 -0.133975
vn 0.000000 4.404871 4.404876
v 39.375000 29.707108 -0.292893
vn 0.192305 4.400472 4.378230
v 45.000000 29.707108 -0.292893
vn 0.000000 5.394854 3.114704
v 39.375000 29.866026 -0.500000
vn 0.234333 5.375852 3.090942
v 45.000000 29.866026 -0.500000
vn 0.000000 6.017174 1.612292
v 39.375000 29.965925 -0.741181
vn 0.260591 5.987147 1.598324
v 45.000000 29.965925 -0.741181
vn 0.000000 4.404871 4.404876
v -39.375000 29.707108 -0.292893
vn 0.000000 3.114715 5.394850
v -33.750000 29.500000 -0.133975
vn 0.000000 1.612298 6.017169
v -28.125000 29.258820 -0.034074
vn 0.000000 3.114715 5.394850
v -39.375000 29.500000 -0.133975
vn 0.000000 1.612298 6.017169
v -33.750000 29.258820 -0.034074
vn 0.000000 1.612297 6.017169
v -39.375000 29.258820 -0.034074
vn 0.000000 1.612298 6.017174
v 0.000000 29.258820 -0.034074
vn 0.000000 1.612298 6.017169
v 5.625000 29.258820 -0.034074
vn 0.000000 1.612298 6.017169
v 11.250000 29.258820 -0.034074
vn 0.000000 3.114715 5.394850
v 5.625000 29.500000 -0.133975
vn 0.000000 3.114715 5.394850
v 11.250000 29.500000 -0.133975
vn 0.000000 4.404871 4.404876
v 5.625000 29.707108 -0.292893
vn 0.000000 4.404872 4.404876
v 11.250000 29.707108 -0.292893
vn 0.000000 5.394854 3.114704
v 5.625000 29.866026 -0.500000
vn 0.000000 3.114715 5.394850
v 33.750000 29.500000 -0.133975
vn 0.000000 4.404871 4.404876
v 33.750000 29.707108 -0.292893
vn 0.000000 5.394854 3.114704
v 33.750000 29.866026 -0.500000
vn 0.000000 6.017174 1.612292
v 33.750000 29.965925 -0.741181
vn 0.000000 1.612298 6.017169
v 22.500000 29.258820 -0.034074
vn 0.000000 1.612297 6.017169
v 16.875000 29.258820 -0.034074
vn 0.000000 3.114715 5.394850
v 16.875000 29.500000 -0.133975
vn 0.000000 3.114715 5.394850
v 0.000000 29.500000 -0.133975
vn 0.000000 4.404871 4.404876
v 0.000000 29.707108 -0.292893
vn 0.000000 5.394854 3.114704
v 0.000000 29.866026 -0.500000
vn 0.000000 4.404871 4.404876
v 28.125000 29.707108 -0.292893
vn 0.000000 5.394854 3.114704
v 22.500000 29.866026 -0.500000
vn 0.000000 6.017174 1.612292
v 16.875000 29.965925 -0.741181
vn 0.000000 5.394854 3.114704
v 28.125000 29.866026 -0.500000
vn 0.000000 6.017173 1.612292
v 28.125000 29.965925 -0.741181
vn 0.000000 5.394854 3.114704
v -16.875000 29.866026 -0.500000
vn 0.000000 6.017174 1.612292
v -16.875000 29.965925 -0.741181
vn 0.000000 6.017173 1.612292
v 22.500000 29.965925 -0.741181
vn 0.000000 6.017174 1.612292
v -22.500000 29.965925 -0.741181
vn 0.424443 0.087045 6.253031
v 48.923141 25.780361 0.000000
vn 1.624997 0.281970 5.992838
v 49.194118 25.739536 -0.034074
vn 3.086205 0.544180 5.350477
v 49.431633 25.781416 -0.133975
vn 4.329284 0.763367 4.351593
v 49.635593 25.817381 -0.292893
vn 5.275449 0.930202 3.067222
v 49.792099 25.844976 -0.500000
vn 5.866605 1.034448 1.584353
v 49.890484 25.862324 -0.741181
vn 6.115886 1.078400 0.405543
v 49.924038 25.868240 -1.000000
vn 5.597856 2.037456 1.584378
v 49.666443 26.698446 -0.741181
vn 5.835706 2.124016 0.405581
v 49.698463 26.710100 -1.000000
vn 5.159009 2.978551 1.584386
v 49.300617 27.482964 -0.741181
vn 5.378214 3.105111 0.405578
v 49.330128 27.500000 -1.000000
vn 4.563416 3.829167 1.584365
v 48.804119 28.192036 -0.741181
vn 4.757312 3.991854 0.405581
v 48.830223 28.213938 -1.000000
vn 3.829164 4.563411 1.584388
v 48.192036 28.804119 -0.741181
vn 3.991857 4.757305 0.405592
v 48.213940 28.830223 -1.000000
vn 2.978564 5.159015 1.584367
v 47.482964 29.300617 -0.741181
vn 3.105113 5.378216 0.405576
v 47.500000 29.330128 -1.000000
vn 2.037452 5.597857 1.584359
v 46.698448 29.666445 -0.741181
vn 2.124019 5.835708 0.405560
v 46.710102 29.698463 -1.000000
vn 1.034437 5.866618 1.584354
v 45.862324 29.890482 -0.741181
vn 1.078391 6.115884 0.405562
v 45.868240 29.924038 -1.000000
vn 0.930208 5.275463 3.067193
v 45.844978 29.792099 -0.500000
vn 1.832147 5.033776 3.067207
v 46.664280 29.572569 -0.500000
vn 2.678423 4.639158 3.067192
v 47.433014 29.214102 -0.500000
vn 3.443311 4.103580 3.067198
v 48.127819 28.727592 -0.500000
vn 4.103581 3.443314 3.067184
v 48.727592 28.127821 -0.500000
vn 4.639169 2.678418 3.067202
v 49.214100 27.433012 -0.500000
vn 5.033791 1.832156 3.067189
v 49.572567 26.664278 -0.500000
vn 0.763368 4.329289 4.351583
v 45.817379 29.635595 -0.292893
vn 1.503544 4.130949 4.351597
v 46.609924 29.423233 -0.292893
vn 2.198035 3.807105 4.351593
v 47.353554 29.076473 -0.292893
vn 2.825744 3.367593 4.351584
v 48.025669 28.605852 -0.292893
vn 3.367589 2.825739 4.351583
v 48.605854 28.025669 -0.292893
vn 3.807119 2.198041 4.351573
v 49.076473 27.353554 -0.292893
vn 4.130972 1.503554 4.351567
v 49.423233 26.609926 -0.292893
vn 0.544183 3.086203 5.350474
v 45.781418 29.431635 -0.133975
vn 1.071828 2.944821 5.350475
v 46.539089 29.228617 -0.133975
vn 1.566907 2.713963 5.350475
v 47.250000 28.897114 -0.133975
vn 2.014376 2.400643 5.350471
v 47.892544 28.447201 -0.133975
vn 2.400636 2.014370 5.350478
v 48.447201 27.892544 -0.133975
vn 2.713956 1.566905 5.350478
v 48.897114 27.250000 -0.133975
vn 2.944819 1.071824 5.350470
v 49.228619 26.539091 -0.133975
vn 0.281965 1.624988 5.992842
v 45.739536 29.194118 -0.034074
vn 0.558388 1.549167 5.993176
v 46.456600 29.001982 -0.034074
vn 0.818700 1.425663 5.993527
v 47.129410 28.688246 -0.034074
vn 1.054658 1.259049 5.993735
v 47.737514 28.262445 -0.034074
vn 1.259049 1.054656 5.993735
v 48.262444 27.737516 -0.034074
vn 1.425655 0.818698 5.993531
v 48.688244 27.129410 -0.034074
vn 1.549155 0.558383 5.993182
v 49.001980 26.456602 -0.034074
vn 0.087045 0.424443 6.253032
v 45.780361 28.923141 0.000000
vn 0.170393 0.401158 6.252701
v 46.530735 28.695518 0.000000
vn 0.245810 0.363165 6.252343
v 47.222282 28.325878 0.000000
vn 0.310842 0.310841 6.252201
v 47.828426 27.828426 0.000000
vn 0.363166 0.245809 6.252343
v 48.325878 27.222281 0.000000
vn 0.401158 0.170394 6.252701
v 48.695518 26.530733 0.000000
vn -6.233298 0.271664 -0.407801
v -50.000000 25.000000 -5.000000
vn -6.115886 1.078400 -0.405543
v -49.924038 25.868240 -5.000000
vn -5.835706 2.124016 -0.405581
v -49.698463 26.710100 -5.000000
vn -5.378215 3.105111 -0.405578
v -49.330128 27.500000 -5.000000
vn -4.757312 3.991854 -0.405581
v -48.830223 28.213938 -5.000000
vn -3.991857 4.757305 -0.405592
v -48.213940 28.830223 -5.000000
vn -3.105113 5.378216 -0.405576
v -47.500000 29.330128 -5.000000
vn -2.124019 5.835708 -0.405560
v -46.710102 29.698463 -5.000000
vn -1.078391 6.115884 -0.405562
v -45.868240 29.924038 -5.000000
vn -0.271665 6.233377 -0.407835
v -45.000000 30.000000 -5.000000
vn 0.271664 6.233377 -0.407834
v 45.000000 30.000000 -5.000000
vn 1.078393 6.115884 -0.405561
v 45.868240 29.924038 -5.000000
vn 2.124021 5.835707 -0.405562
v 46.710102 29.698463 -5.000000
vn 3.105112 5.378215 -0.405579
v 47.500000 29.330128 -5.000000
vn 3.991854 4.757308 -0.405592
v 48.213940 28.830223 -5.000000
vn 4.757313 3.991853 -0.405579
v 48.830223 28.213938 -5.000000
vn 5.378215 3.105111 -0.405578
v 49.330128 27.500000 -5.000000
vn 5.835705 2.124022 -0.405577
v 49.698463 26.710100 -5.000000
vn 6.115888 1.078393 -0.405540
v 49.924038 25.868240 -5.000000
vn 6.233281 0.271666 -0.407800
v 50.000000 25.000000 -5.000000
vn 6.233297 -0.271664 -0.407801
v 50.000000 -25.000000 -5.000000
vn -0.262722 0.033011 6.271985
v -39.921146 1.253332 0.000000
vn -0.264319 0.000000 6.272023
v -40.000000 -0.000000 0.000000
vn -0.262722 -0.033011 6.271985
v -39.921146 -1.253332 0.000000
vn -0.256910 -0.065953 6.271947
v -39.685833 -2.486899 0.000000
vn -0.246611 -0.097652 6.271947
v -39.297764 -3.681246 0.000000
vn -0.231951 -0.127718 6.271984
v -38.763065 -4.817537 0.000000
vn -0.213839 -0.155363 6.272023
v -38.090172 -5.877852 0.000000
vn -0.193143 -0.181131 6.271985
v -37.289688 -6.845471 0.000000
vn -0.169079 -0.204365 6.271948
v -36.374241 -7.705132 0.000000
vn -0.142114 -0.223955 6.271947
v -35.358269 -8.443279 0.000000
vn -0.112581 -0.239663 6.271984
v -34.257793 -9.048270 0.000000
vn -0.081679 -0.251383 6.272023
v -33.090172 -9.510565 0.000000
vn -0.049790 -0.260065 6.271984
v -31.873814 -9.822872 0.000000
vn -0.016665 -0.264717 6.271947
v -30.627905 -9.980268 0.000000
vn 0.016665 -0.264717 6.271947
v -29.372095 -9.980268 0.000000
vn 0.049790 -0.260065 6.271984
v -28.126186 -9.822872 0.000000
vn 0.081679 -0.251383 6.272023
v -26.909830 -9.510565 0.000000
vn 0.112581 -0.239663 6.271984
v -25.742207 -9.048270 0.000000
vn -0.112581 -0.239663 6.271983
v 25.742207 -9.048270 0.000000
vn -0.081679 -0.251383 6.272023
v 26.909830 -9.510565 0.000000
vn -0.049790 -0.260065 6.271984
v 28.126186 -9.822872 0.000000
vn -0.016665 -0.264717 6.271947
v 29.372095 -9.980268 0.000000
vn 0.016665 -0.264717 6.271947
v 30.627905 -9.980268 0.000000
vn 0.049790 -0.260065 6.271984
v 31.873814 -9.822872 0.000000
vn 0.081679 -0.251383 6.272023
v 33.090172 -9.510565 0.000000
vn 0.112581 -0.239663 6.271984
v 34.257793 -9.048270 0.000000
vn 0.142114 -0.223955 6.271947
v 35.358269 -8.443279 0.000000
vn 0.169079 -0.204365 6.271947
v 36.374241 -7.705132 0.000000
vn 0.193143 -0.181131 6.271985
v 37.289688 -6.845471 0.000000
vn 0.213839 -0.155363 6.272023
v 38.090172 -5.877852 0.000000
vn 0.231951 -0.127718 6.271984
v 38.763065 -4.817537 0.000000
vn 0.246611 -0.097652 6.271947
v 39.297764 -3.681246 0.000000
vn 0.256910 -0.065953 6.271948
v 39.685833 -2.486899 0.000000
vn 0.262722 -0.033011 6.271985
v 39.921146 -1.253332 0.000000
vn 0.264319 0.000000 6.272023
v 40.000000 0.000000 0.000000
vn 0.262722 0.033011 6.271985
v 39.921146 1.253332 0.000000
vn 0.256910 0.065953 6.271947
v 39.685833 2.486899 0.000000
vn 0.246611 0.097652 6.271947
v 39.297764 3.681246 0.000000
vn 0.231951 0.127718 6.271984
v 38.763065 4.817537 0.000000
vn 0.213839 0.155363 6.272023
v 38.090172 5.877852 0.000000
vn 0.193143 0.181131 6.271985
v 37.289688 6.845471 0.000000
vn 0.169079 0.204365 6.271948
v 36.374241 7.705132 0.000000
vn 0.142114 0.223955 6.271947
v 35.358269 8.443279 0.000000
vn 0.112581 0.239663 6.271984
v 34.257793 9.048270 0.000000
vn 0.081679 0.251382 6.272022
v 33.090172 9.510565 0.000000
vn 0.049790 0.260065 6.271984
v 31.873814 9.822872 0.000000
vn 0.016665 0.264717 6.271947
v 30.627905 9.980268 0.000000
vn -0.016665 0.264717 6.271947
v 29.372095 9.980268 0.000000
vn -0.049790 0.260065 6.271984
v 28.126186 9.822872 0.000000
vn -0.081679 0.251383 6.272023
v 26.909830 9.510565 0.000000
vn -0.112581 0.239663 6.271984
v 25.742207 9.048270 0.000000
vn 0.112581 0.239663 6.271983
v -25.742207 9.048270 0.000000
vn 0.081679 0.251383 6.272023
v -26.909830 9.510565 0.000000
vn 0.049790 0.260065 6.271984
v -28.126186 9.822872 0.000000
vn 0.016665 0.264717 6.271947
v -29.372095 9.980268 0.000000
vn -0.016665 0.264717 6.271947
v -30.627905 9.980268 0.000000
vn -0.049790 0.260065 6.271984
v -31.873814 9.822872 0.000000
vn -0.081679 0.251382 6.272022
v -33.090172 9.510565 0.000000
vn -0.112581 0.239663 6.271984
v -34.257793 9.048270 0.000000
vn -0.142114 0.223955 6.271947
v -35.358269 8.443279 0.000000
vn -0.169079 0.204365 6.271947
v -36.374241 7.705132 0.000000
vn -0.193143 0.181131 6.271985
v -37.289688 6.845471 0.000000
vn -0.213839 0.155363 6.272023
v -38.090172 5.877852 0.000000
vn -0.231951 0.127718 6.271984
v -38.763065 4.817537 0.000000
vn -0.246611 0.097652 6.271947
v -39.297764 3.681246 0.000000
vn -0.256910 0.065953 6.271948
v -39.685833 2.486899 0.000000
vn -0.142114 0.223956 6.271945
v 24.641731 8.443279 0.000000
vn 0.142114 0.223956 6.271949
v -24.641731 8.443279 0.000000
vn -0.169079 0.204365 6.271949
v 23.625761 7.705132 0.000000
vn 0.169079 0.204365 6.271945
v -23.625761 7.705132 0.000000
vn -0.193143 0.181131 6.271982
v 22.710314 6.845471 0.000000
vn 0.193143 0.181131 6.271983
v -22.710314 6.845471 0.000000
vn -0.213839 0.155363 6.272022
v 21.909830 5.877852 0.000000
vn 0.213839 0.155363 6.272024
v -21.909830 5.877852 0.000000
vn -0.231950 0.127718 6.271985
v 21.236933 4.817537 0.000000
vn 0.231950 0.127718 6.271983
v -21.236933 4.817537 0.000000
vn -0.246610 0.097651 6.271946
v 20.702234 3.681246 0.000000
vn 0.246610 0.097651 6.271949
v -20.702234 3.681246 0.000000
vn -0.256911 0.065953 6.271949
v 20.314169 2.486899 0.000000
vn 0.256911 0.065953 6.271949
v -20.314169 2.486899 0.000000
vn -0.262722 0.033011 6.271986
v 20.078854 1.253332 0.000000
vn 0.262722 0.033011 6.271984
v -20.078854 1.253332 0.000000
vn -0.264319 0.000000 6.272022
v 20.000000 -0.000000 0.000000
vn 0.264319 0.000000 6.272022
v -20.000000 0.000000 0.000000
vn -0.262722 -0.033011 6.271984
v 20.078854 -1.253332 0.000000
vn 0.262722 -0.033011 6.271986
v -20.078854 -1.253332 0.000000
vn -0.256911 -0.065953 6.271949
v 20.314169 -2.486899 0.000000
vn 0.256911 -0.065953 6.271949
v -20.314169 -2.486899 0.000000
vn -0.246610 -0.097651 6.271949
v 20.702234 -3.681246 0.000000
vn 0.246610 -0.097651 6.271946
v -20.702234 -3.681246 0.000000
vn -0.231950 -0.127718 6.271983
v 21.236933 -4.817537 0.000000
vn 0.231950 -0.127718 6.271985
v -21.236933 -4.817537 0.000000
vn -0.213839 -0.155363 6.272024
v 21.909830 -5.877852 0.000000
vn 0.213839 -0.155363 6.272022
v -21.909830 -5.877852 0.000000
vn -0.193143 -0.181131 6.271983
v 22.710314 -6.845471 0.000000
vn 0.193143 -0.181131 6.271982
v -22.710314 -6.845471 0.000000
vn -0.169079 -0.204365 6.271945
v 23.625761 -7.705132 0.000000
vn 0.169079 -0.204365 6.271949
v -23.625761 -7.705132 0.000000
vn -0.142114 -0.223956 6.271949
v 24.641731 -8.443279 0.000000
vn 0.142114 -0.223956 6.271945
v -24.641731 -8.443279 0.000000
vn -6.108500 -1.108433 0.405798
v -34.919647 -0.892784 49.000000
vn -5.859102 -1.063272 1.583404
v -34.886120 -0.886700 49.258820
vn -6.208245 -0.000003 0.405646
v -35.000000 -0.000000 49.000000
vn -5.954778 0.000002 1.583420
v -34.965927 0.000000 49.258820
vn -6.108500 1.108436 0.405796
v -34.919647 0.892784 49.000000
vn -5.859101 1.063269 1.583410
v -34.886120 0.886700 49.258820
vn -5.813185 2.179767 0.408830
v -34.681175 1.756874 49.000000
vn -5.575088 2.092362 1.583407
v -34.649273 1.744901 49.258820
vn -5.329603 3.184580 0.411251
v -34.292244 2.564496 49.000000
vn -5.111885 3.054211 1.583404
v -34.262993 2.547020 49.258820
vn -4.674181 4.086069 0.408145
v -33.765358 3.289694 49.000000
vn -4.484377 3.917886 1.583431
v -33.739697 3.267275 49.258820
vn -3.875436 4.850674 0.413406
v -33.117451 3.909158 49.000000
vn -3.712747 4.655644 1.583431
v -33.096203 3.882517 49.258820
vn -2.943139 5.467434 0.422207
v -32.369343 4.402977 49.000000
vn -2.821792 5.243766 1.583402
v -32.353195 4.372972 49.258820
vn -1.918126 5.905575 0.422141
v -31.545086 4.755282 49.000000
vn -1.840130 5.663342 1.583410
v -31.534555 4.722876 49.258820
vn -0.832083 6.153074 0.418417
v -30.671165 4.954749 49.000000
vn -0.799331 5.900899 1.583409
v -30.666592 4.920983 49.258820
vn 0.275991 6.203059 0.420123
v -29.775677 4.994966 49.000000
vn 0.267161 5.948792 1.583415
v -29.777205 4.960926 49.258820
vn 1.381528 6.053825 0.424832
v -28.887396 4.874640 49.000000
vn 1.325065 5.805490 1.583414
v -28.894978 4.841420 49.258820
vn 2.441479 5.709271 0.424149
v -28.034874 4.597639 49.000000
vn 2.340382 5.475595 1.583420
v -28.048267 4.566307 49.258820
vn 3.422287 5.180860 0.419946
v -27.245516 4.172866 49.000000
vn 3.280475 4.969710 1.583404
v -27.264286 4.144429 49.258820
vn 4.292449 4.485907 0.413830
v -26.544687 3.613974 49.000000
vn 4.115131 4.304090 1.583409
v -26.568233 3.589346 49.258820
vn 5.022692 3.649464 0.410901
v -25.954914 2.938926 49.000000
vn 4.817525 3.500133 1.583422
v -25.982481 2.918898 49.258820
vn 5.592204 2.697759 0.417192
v -25.495155 2.169419 49.000000
vn 5.365084 2.583689 1.583412
v -25.525856 2.154634 49.258820
vn 5.985505 1.651892 0.421483
v -25.180185 1.330184 49.000000
vn 5.740196 1.584194 1.583412
v -25.213032 1.321119 49.258820
vn 6.184271 0.556593 0.421487
v -25.020128 0.448197 49.000000
vn 5.930815 0.533781 1.583422
v -25.054066 0.445142 49.258820
vn 6.184271 -0.556593 0.421488
v -25.020128 -0.448197 49.000000
vn 5.930815 -0.533782 1.583422
v -25.054066 -0.445142 49.258820
vn 5.985505 -1.651891 0.421483
v -25.180185 -1.330184 49.000000
vn 5.740196 -1.584193 1.583414
v -25.213032 -1.321119 49.258820
vn 5.591229 -2.699396 0.414267
v -25.495155 -2.169419 49.000000
vn 5.365085 -2.583688 1.583412
v -25.525856 -2.154634 49.258820
vn 5.022559 -3.649105 0.405398
v -25.954914 -2.938926 49.000000
vn 4.817524 -3.500136 1.583419
v -25.982481 -2.918898 49.258820
vn 4.290273 -4.487278 0.405386
v -26.544687 -3.613974 49.000000
vn 4.115131 -4.304089 1.583408
v -26.568233 -3.589346 49.258820
vn 3.420095 -5.181219 0.405389
v -27.245516 -4.172866 49.000000
vn 3.280478 -4.969708 1.583406
v -27.264286 -4.144429 49.258820
vn 2.439987 -5.708635 0.405403
v -28.034874 -4.597639 49.000000
vn 2.340379 -5.475596 1.583420
v -28.048267 -4.566307 49.258820
vn 1.381460 -6.052575 0.405393
v -28.887396 -4.874640 49.000000
vn 1.325067 -5.805490 1.583412
v -28.894978 -4.841420 49.258820
vn 0.278529 -6.201973 0.405395
v -29.775677 -4.994966 49.000000
vn 0.267160 -5.948792 1.583416
v -29.777205 -4.960926 49.258820
vn -0.833351 -6.152041 0.405394
v -30.671165 -4.954749 49.000000
vn -0.799330 -5.900899 1.583410
v -30.666592 -4.920983 49.258820
vn -1.918448 -5.904372 0.405396
v -31.545086 -4.755282 49.000000
vn -1.840132 -5.663342 1.583411
v -31.534555 -4.722876 49.258820
vn -2.941882 -5.466938 0.405398
v -32.369343 -4.402977 49.000000
vn -2.821788 -5.243769 1.583403
v -32.353195 -4.372972 49.258820
vn -3.870762 -4.853781 0.405415
v -33.117451 -3.909158 49.000000
vn -3.712751 -4.655642 1.583429
v -33.096203 -3.882517 49.258820
vn -4.675238 -4.084627 0.405406
v -33.765358 -3.289694 49.000000
vn -4.484379 -3.917884 1.583429
v -33.739697 -3.267275 49.258820
vn -5.329443 -3.184196 0.405396
v -34.292244 -2.564496 49.000000
vn -5.111883 -3.054214 1.583406
v -34.262993 -2.547020 49.258820
vn -5.812311 -2.181607 0.405716
v -34.681175 -1.756874 49.000000
vn -5.575088 -2.092362 1.583408
v -34.649273 -1.744901 49.258820
vn -0.424715 0.086839 6.252991
v -33.923141 0.780361 50.000000
vn -1.625204 0.291141 5.991985
v -34.190376 0.760441 49.965927
vn -0.433260 0.000000 6.253011
v -34.000000 0.000000 50.000000
vn -1.651760 -0.000003 5.991886
v -34.258820 0.000000 49.965927
vn -1.625206 -0.291137 5.991984
v -34.190376 -0.760441 49.965927
vn -3.134254 -0.000000 5.349058
v -34.500000 0.000000 49.866024
vn -3.083883 -0.559640 5.349054
v -34.427685 -0.803506 49.866024
vn -4.395555 -0.000001 4.349814
v -34.707108 0.000000 49.707108
vn -4.324918 -0.784859 4.349819
v -34.631462 -0.840486 49.707108
vn -5.355312 0.000004 3.065601
v -34.866024 0.000000 49.500000
vn -5.269251 -0.956229 3.065576
v -34.787827 -0.868862 49.500000
vn -1.546114 0.575015 5.992183
v -33.987255 1.496442 49.965927
vn -0.400430 0.170453 6.252778
v -33.695518 1.530734 50.000000
vn -1.416648 0.840881 5.992461
v -33.655979 2.184345 49.965927
vn -0.361577 0.246746 6.252442
v -33.325878 2.222281 50.000000
vn -1.241467 1.079926 5.992717
v -33.207195 2.802042 49.965927
vn -0.308993 0.313132 6.252150
v -32.828426 2.828427 50.000000
vn -1.026488 1.284396 5.992878
v -32.655331 3.329679 49.965927
vn -0.244370 0.367139 6.251998
v -32.222282 3.325878 50.000000
vn -0.778659 1.447736 5.992922
v -32.018120 3.750297 49.965927
vn -0.170118 0.406651 6.252029
v -31.530733 3.695518 50.000000
vn -0.505912 1.564750 5.992839
v -31.316048 4.050377 49.965927
vn -0.089127 0.430153 6.252235
v -30.780361 3.923141 50.000000
vn -0.216953 1.631674 5.992642
v -30.571674 4.220276 49.965927
vn -0.004451 0.436869 6.252555
v -30.000000 4.000000 50.000000
vn 0.078873 1.646255 5.992368
v -29.808929 4.254531 49.965927
vn 0.081006 0.426842 6.252873
v -29.219639 3.923141 50.000000
vn 0.371770 1.607790 5.992098
v -29.052324 4.152041 49.965927
vn 0.164730 0.400882 6.252996
v -28.469267 3.695518 50.000000
vn 0.651752 1.517170 5.991954
v -28.326178 3.916102 49.965927
vn 0.241099 0.360103 6.252998
v -27.777719 3.325878 50.000000
vn 0.908358 1.379274 5.991917
v -27.653830 3.554296 49.965927
vn 1.137658 1.196101 5.992026
v -27.056889 3.078253 49.965927
vn 2.165969 2.265429 5.349054
v -26.890219 3.252577 49.866024
vn 2.535667 1.842270 5.349055
v -26.359423 2.645034 49.866024
vn 3.556074 2.583643 4.349821
v -26.191870 2.766768 49.707108
vn 3.960248 1.907151 4.349833
v -25.759043 2.042337 49.707108
vn 4.824969 2.323584 3.065577
v -25.615862 2.111289 49.500000
vn 5.162315 1.424704 3.065593
v -25.309332 1.294542 49.500000
vn 0.309035 0.304535 6.252947
v -27.171574 2.828427 50.000000
vn 1.331027 0.973223 5.992274
v -26.554543 2.503271 49.965927
vn 2.823865 1.359899 5.349059
v -25.945641 1.952477 49.866024
vn 4.237146 1.169377 4.349831
v -25.462524 1.252264 49.707108
vn 5.333755 0.480046 3.065587
v -25.153564 0.436187 49.500000
vn 0.364993 0.238535 6.252670
v -26.674122 2.222281 50.000000
vn 1.481689 0.718471 5.992558
v -26.162937 1.847832 49.965927
vn 3.021309 0.833830 5.349051
v -25.662167 1.197166 49.866024
vn 4.377855 0.394015 4.349820
v -25.311842 0.421942 49.707108
vn 5.333756 -0.480045 3.065585
v -25.153564 -0.436187 49.500000
vn 0.406672 0.164169 6.252333
v -26.304482 1.530734 50.000000
vn 1.584845 0.440495 5.992786
v -25.894657 1.133003 49.965927
vn 3.121635 0.280951 5.349059
v -25.518116 0.403377 49.866024
vn 4.377852 -0.394014 4.349822
v -25.311842 -0.421942 49.707108
vn 5.162315 -1.424708 3.065590
v -25.309332 -1.294542 49.500000
vn 0.432404 0.083695 6.252080
v -26.076859 0.780361 50.000000
vn 1.637252 0.148411 5.992907
v -25.758326 0.381758 49.965927
vn 3.121638 -0.280953 5.349058
v -25.518116 -0.403377 49.866024
vn 4.237144 -1.169377 4.349833
v -25.462524 -1.252264 49.707108
vn 4.824969 -2.323580 3.065579
v -25.615862 -2.111289 49.500000
vn 0.441105 0.000000 6.251988
v -26.000000 0.000000 50.000000
vn 1.637251 -0.148410 5.992907
v -25.758326 -0.381758 49.965927
vn 3.021310 -0.833827 5.349051
v -25.662167 -1.197166 49.866024
vn 3.960248 -1.907154 4.349831
v -25.759043 -2.042337 49.707108
vn 4.332537 -3.147774 3.065590
v -26.063303 -2.860178 49.500000
vn 0.432404 -0.083695 6.252080
v -26.076859 -0.780361 50.000000
vn 1.584845 -0.440496 5.992786
v -25.894657 -1.133003 49.965927
vn 2.823863 -1.359901 5.349060
v -25.945641 -1.952477 49.866024
vn 3.556075 -2.583640 4.349821
v -26.191870 -2.766768 49.707108
vn 3.700850 -3.870788 3.065596
v -26.637272 -3.517138 49.500000
vn 0.406672 -0.164169 6.252333
v -26.304482 -1.530734 50.000000
vn 1.481690 -0.718470 5.992558
v -26.162937 -1.847832 49.965927
vn 2.535667 -1.842270 5.349054
v -26.359423 -2.645034 49.866024
vn 3.037595 -3.177079 4.349832
v -26.747095 -3.402273 49.707108
vn 2.950221 -4.469393 3.065592
v -27.319321 -4.061055 49.500000
vn 0.364993 -0.238535 6.252671
v -26.674122 -2.222281 50.000000
vn 1.331027 -0.973224 5.992274
v -26.554543 -2.503271 49.965927
vn 2.165970 -2.265429 5.349053
v -26.890219 -3.252577 49.866024
vn 2.421491 -3.668405 4.349833
v -27.406870 -3.928425 49.707108
vn 2.104770 -4.924353 3.065590
v -28.087530 -4.474445 49.500000
vn 0.309035 -0.304535 6.252948
v -27.171574 -2.828427 50.000000
vn 1.137659 -1.196100 5.992026
v -27.056889 -3.078253 49.965927
vn 1.726655 -2.615770 5.349051
v -27.520964 -3.755580 49.866024
vn 1.727560 -4.041828 4.349830
v -28.149990 -4.328315 49.707108
vn 1.191669 -5.221041 3.065589
v -28.917208 -4.744024 49.500000
vn 0.241099 -0.360103 6.252997
v -27.777719 -3.325878 50.000000
vn 0.908357 -1.379274 5.991917
v -27.653830 -3.554296 49.965927
vn 1.231843 -2.882039 5.349052
v -28.231388 -4.137875 49.866024
vn 0.978102 -4.285343 4.349825
v -28.952570 -4.589090 49.707108
vn 0.240264 -5.349915 3.065592
v -29.781687 -4.861125 49.500000
vn 0.651753 -1.517169 5.991954
v -28.326178 -3.916102 49.965927
vn 0.164730 -0.400882 6.252995
v -28.469267 -3.695518 50.000000
vn 0.371769 -1.607790 5.992099
v -29.052324 -4.152041 49.965927
vn 0.081006 -0.426843 6.252873
v -29.219639 -3.923141 50.000000
vn 0.078873 -1.646255 5.992369
v -29.808929 -4.254531 49.965927
vn -0.004451 -0.436869 6.252555
v -30.000000 -4.000000 50.000000
vn -0.216953 -1.631674 5.992642
v -30.571674 -4.220276 49.965927
vn -0.089127 -0.430153 6.252234
v -30.780361 -3.923141 50.000000
vn -0.505912 -1.564749 5.992838
v -31.316048 -4.050377 49.965927
vn -0.170118 -0.406651 6.252031
v -31.530733 -3.695518 50.000000
vn -0.778660 -1.447736 5.992922
v -32.018120 -3.750297 49.965927
vn -0.244370 -0.367139 6.251999
v -32.222282 -3.325878 50.000000
vn -1.026487 -1.284397 5.992878
v -32.655331 -3.329679 49.965927
vn -0.308993 -0.313132 6.252150
v -32.828426 -2.828427 50.000000
vn -1.241468 -1.079925 5.992717
v -33.207195 -2.802042 49.965927
vn -0.361577 -0.246746 6.252442
v -33.325878 -2.222281 50.000000
vn -1.416645 -0.840883 5.992461
v -33.655979 -2.184345 49.965927
vn -0.400430 -0.170453 6.252779
v -33.695518 -1.530734 50.000000
vn -1.546112 -0.575013 5.992185
v -33.987255 -1.496442 49.965927
vn -0.424715 -0.086839 6.252991
v -33.923141 -0.780361 50.000000
vn -5.269257 0.956222 3.065568
v -34.787827 0.868862 49.500000
vn -5.013815 1.881716 3.065593
v -34.555744 1.709799 49.500000
vn -4.597251 2.746733 3.065590
v -34.177235 2.495781 49.500000
vn -4.032931 3.523472 3.065589
v -33.664463 3.201547 49.500000
vn -3.338987 4.186952 3.065578
v -33.033916 3.804412 49.500000
vn -2.537715 4.715856 3.065582
v -32.305859 4.285000 49.500000
vn -1.654881 5.093202 3.065587
v -31.503685 4.627865 49.500000
vn -0.718861 5.306844 3.065585
v -30.653183 4.821987 49.500000
vn 0.240266 5.349915 3.065592
v -29.781687 4.861125 49.500000
vn 1.191668 5.221041 3.065589
v -28.917208 4.744024 49.500000
vn 2.104770 4.924355 3.065589
v -28.087530 4.474445 49.500000
vn 2.950221 4.469393 3.065593
v -27.319321 4.061055 49.500000
vn 3.700851 3.870786 3.065599
v -26.637272 3.517138 49.500000
vn 4.332537 3.147775 3.065589
v -26.063303 2.860178 49.500000
vn -4.324914 0.784857 4.349824
v -34.631462 0.840486 49.707108
vn -4.115263 1.544489 4.349842
v -34.406956 1.653959 49.707108
vn -3.773343 2.254470 4.349838
v -34.040810 2.414272 49.707108
vn -3.310166 2.892000 4.349819
v -33.544788 3.096988 49.707108
vn -2.740576 3.436572 4.349829
v -32.934834 3.680164 49.707108
vn -2.082906 3.870694 4.349840
v -32.230549 4.145057 49.707108
vn -1.358300 4.180412 4.349828
v -31.454576 4.476725 49.707108
vn -0.590028 4.355766 4.349828
v -30.631851 4.664506 49.707108
vn 0.197206 4.391120 4.349828
v -29.788816 4.702367 49.707108
vn 0.978101 4.285343 4.349826
v -28.952570 4.589090 49.707108
vn 1.727560 4.041827 4.349831
v -28.149990 4.328315 49.707108
vn 2.421492 3.668405 4.349833
v -27.406870 3.928425 49.707108
vn 3.037597 3.177080 4.349831
v -26.747095 3.402273 49.707108
vn -3.083885 0.559644 5.349051
v -34.427685 0.803506 49.866024
vn -2.934412 1.101303 5.349042
v -34.213058 1.581187 49.866024
vn -2.690601 1.607562 5.349057
v -33.863018 2.308047 49.866024
vn -2.360318 2.062149 5.349057
v -33.388821 2.960724 49.866024
vn -1.954174 2.450461 5.349059
v -32.805702 3.518242 49.866024
vn -1.485229 2.760014 5.349053
v -32.132408 3.962680 49.866024
vn -0.968540 2.980855 5.349055
v -31.390577 4.279754 49.866024
vn -0.420721 3.105891 5.349056
v -30.604050 4.459274 49.866024
vn 0.140617 3.131104 5.349054
v -29.798109 4.495469 49.866024
vn 0.697439 3.055674 5.349055
v -28.998655 4.387176 49.866024
vn 1.231842 2.882039 5.349053
v -28.231388 4.137875 49.866024
vn 1.726655 2.615770 5.349051
v -27.520964 3.755580 49.866024
vn -5.013816 -1.881711 3.065594
v -34.555744 -1.709799 49.500000
vn -4.597254 -2.746736 3.065584
v -34.177235 -2.495781 49.500000
vn -4.032933 -3.523473 3.065586
v -33.664463 -3.201547 49.500000
vn -3.338984 -4.186951 3.065583
v -33.033916 -3.804412 49.500000
vn -2.537716 -4.715855 3.065583
v -32.305859 -4.285000 49.500000
vn -1.654882 -5.093202 3.065585
v -31.503685 -4.627865 49.500000
vn -0.718860 -5.306843 3.065585
v -30.653183 -4.821987 49.500000
vn -4.115263 -1.544487 4.349840
v -34.406956 -1.653959 49.707108
vn -3.773342 -2.254464 4.349844
v -34.040810 -2.414272 49.707108
vn -3.310162 -2.892002 4.349821
v -33.544788 -3.096988 49.707108
vn -2.740577 -3.436574 4.349826
v -32.934834 -3.680164 49.707108
vn -2.082909 -3.870693 4.349838
v -32.230549 -4.145057 49.707108
vn -1.358299 -4.180411 4.349829
v -31.454576 -4.476725 49.707108
vn -0.590028 -4.355765 4.349828
v -30.631851 -4.664506 49.707108
vn 0.197206 -4.391121 4.349829
v -29.788816 -4.702367 49.707108
vn -2.934412 -1.101309 5.349040
v -34.213058 -1.581187 49.866024
vn -2.690603 -1.607563 5.349054
v -33.863018 -2.308047 49.866024
vn -2.360318 -2.062149 5.349057
v -33.388821 -2.960724 49.866024
vn -1.954174 -2.450459 5.349060
v -32.805702 -3.518242 49.866024
vn -1.485228 -2.760014 5.349054
v -32.132408 -3.962680 49.866024
vn -0.968540 -2.980855 5.349055
v -31.390577 -4.279754 49.866024
vn -0.420721 -3.105891 5.349056
v -30.604050 -4.459274 49.866024
vn 0.140618 -3.131103 5.349055
v -29.798109 -4.495469 49.866024
vn 0.697438 -3.055674 5.349055
v -28.998655 -4.387176 49.866024
vn -2.965789 5.510967 -0.007385
v -32.369343 4.402977 34.333332
vn -3.903709 4.891303 -0.003578
v -33.117451 3.909158 34.333332
vn -4.547713 4.325245 0.000000
v -33.765358 3.289694 34.333332
vn -2.874905 -0.809802 -0.971681
v -33.799671 3.250000 37.250000
vn -3.656018 1.395135 2.190023
v -33.799671 3.250000 32.250000
vn -4.712427 4.117583 -0.000551
v -33.765358 3.289694 19.666666
vn -5.372160 3.209645 -0.000961
v -34.292244 2.564496 19.666666
vn -4.705539 4.129992 0.308118
v -33.765358 3.289694 5.000000
vn -5.375777 3.209000 0.320302
v -34.292244 2.564496 5.000000
vn -1.933461 5.952146 -0.006921
v -31.545086 4.755282 34.333332
vn -0.839191 6.201661 -0.004833
v -30.671165 4.954749 34.333332
vn 0.279665 6.251949 -0.005185
v -29.775677 4.994966 34.333332
vn 1.392228 6.101511 -0.007461
v -28.887396 4.874640 34.333332
vn 2.459875 5.754647 -0.007769
v -28.034874 4.597639 34.333332
vn 3.448256 5.222594 -0.006413
v -27.245516 4.172866 34.333332
vn 4.242237 4.614172 -0.002671
v -26.544687 3.613974 34.333332
vn 2.780287 -0.705186 -0.971778
v -26.200329 3.250000 37.250000
vn 2.482238 -0.795905 -1.541733
v -25.930843 2.905506 37.846680
vn 2.639379 -1.017645 -1.543103
v -25.692495 2.538779 38.481873
vn 2.778188 -1.254875 -1.545568
v -25.487106 2.152625 39.150707
vn 4.403423 0.082177 -1.845851
v -25.316252 1.750000 45.750000
vn 2.376321 -1.741685 -0.680860
v -25.316252 1.750000 39.848076
vn -6.158601 1.126089 0.315042
v -34.919647 0.892784 5.000000
vn -6.260739 0.000000 0.320863
v -35.000000 0.000000 5.000000
vn -6.257876 -0.000498 -0.000355
v -35.000000 -0.000000 19.666666
vn -6.159242 -1.122422 0.318508
v -34.919647 -0.892784 5.000000
vn -6.157489 -1.117149 -0.000169
v -34.919395 -0.894176 19.666666
vn -5.859613 -2.196974 -0.000013
v -34.682560 -1.753175 19.666666
vn -4.345987 -0.207239 1.839638
v -34.683750 -1.750000 32.250000
vn -5.372952 -3.207852 -0.000097
v -34.292244 -2.564496 34.333332
vn -4.712642 -4.117305 0.000000
v -33.765358 -3.289694 34.333332
vn -3.901730 -4.892618 0.000000
v -33.117451 -3.909158 34.333332
vn -2.965416 -5.510673 0.000000
v -32.369343 -4.402977 34.333332
vn -1.933796 -5.951610 0.000000
v -31.545086 -4.755282 34.333332
vn -0.840018 -6.201256 0.000000
v -30.671165 -4.954749 34.333332
vn 0.280758 -6.251592 0.000000
v -29.775677 -4.994966 34.333332
vn 1.392511 -6.100995 0.000000
v -28.887396 -4.874640 34.333332
vn 2.459508 -5.754303 0.000000
v -28.034874 -4.597639 34.333332
vn 3.447457 -5.222669 0.000000
v -27.245516 -4.172866 34.333332
vn 4.324593 -4.523176 0.000000
v -26.544687 -3.613974 34.333332
vn 5.062738 -3.678298 0.000000
v -25.954914 -2.938926 34.333332
vn 5.586586 -2.843920 0.000000
v -25.495155 -2.169419 34.333332
vn 4.402687 -0.083905 -1.846097
v -25.316252 -1.750000 45.750000
vn 4.403656 -0.080487 1.841893
v -25.316252 -1.750000 32.250000
vn 5.637603 -2.716692 -0.002454
v -25.495155 -2.169419 19.666666
vn 6.032648 -1.664905 -0.004802
v -25.180185 -1.330184 19.666666
vn 5.642684 -2.712225 0.318547
v -25.495155 -2.169419 5.000000
vn 6.036757 -1.658859 0.310732
v -25.180185 -1.330184 5.000000
vn -5.858887 -2.206292 0.310697
v -34.681175 -1.756874 5.000000
vn -5.372611 -3.208568 0.000037
v -34.292244 -2.564496 19.666666
vn -5.381948 -3.198993 0.308119
v -34.292244 -2.564496 5.000000
vn -4.712644 -4.117307 0.000000
v -33.765358 -3.289694 19.666666
vn -4.713148 -4.121031 0.320299
v -33.765358 -3.289694 5.000000
vn -3.901730 -4.892618 0.000000
v -33.117451 -3.909158 19.666666
vn -3.898567 -4.898607 0.315442
v -33.117451 -3.909158 5.000000
vn -2.965417 -5.510674 0.000000
v -32.369343 -4.402977 19.666666
vn -2.974087 -5.509196 0.315043
v -32.369343 -4.402977 5.000000
vn -1.933796 -5.951609 0.000000
v -31.545086 -4.755282 19.666666
vn -1.934676 -5.954319 0.320864
v -31.545086 -4.755282 5.000000
vn -0.840018 -6.201258 0.000000
v -30.671165 -4.954749 19.666666
vn -0.835796 -6.204636 0.318547
v -30.671165 -4.954749 5.000000
vn 0.280758 -6.251592 0.000000
v -29.775677 -4.994966 19.666666
vn 0.287791 -6.253913 0.310732
v -29.775677 -4.994966 5.000000
vn 1.392511 -6.100995 0.000000
v -28.887396 -4.874640 19.666666
vn 1.379308 -6.107081 0.308116
v -28.887396 -4.874640 5.000000
vn 2.459509 -5.754306 0.000000
v -28.034874 -4.597639 19.666666
vn 2.462893 -5.755938 0.320298
v -28.034874 -4.597639 5.000000
vn 3.447457 -5.222669 0.000000
v -27.245516 -4.172866 19.666666
vn 3.454129 -5.221510 0.315448
v -27.245516 -4.172866 5.000000
vn 4.324594 -4.523176 0.000000
v -26.544687 -3.613974 19.666666
vn 4.320508 -4.530965 0.315046
v -26.544687 -3.613974 5.000000
vn 5.062740 -3.678298 0.000000
v -25.954914 -2.938926 19.666666
vn 5.065045 -3.679973 0.320864
v -25.954914 -2.938926 5.000000
vn 6.232981 -0.560977 -0.004801
v -25.020128 -0.448197 19.666666
vn 6.234408 -0.575391 0.308117
v -25.020128 -0.448197 5.000000
vn 6.232979 0.560981 -0.004794
v -25.020128 0.448197 19.666666
vn 6.235298 0.563667 0.320300
v -25.020128 0.448197 5.000000
vn 6.032646 1.664908 -0.004784
v -25.180185 1.330184 19.666666
vn 6.033337 1.671535 0.315447
v -25.180185 1.330184 5.000000
vn 5.638416 2.715322 -0.004768
v -25.495155 2.169419 19.666666
vn 5.644313 2.708904 0.315044
v -25.495155 2.169419 5.000000
vn 5.062962 3.678468 -0.004748
v -25.954914 2.938926 19.666666
vn 5.065044 3.679973 0.320864
v -25.954914 2.938926 5.000000
vn 4.323555 4.524363 -0.002416
v -26.544687 3.613974 19.666666
vn 4.323164 4.528389 0.318548
v -26.544687 3.613974 5.000000
vn 3.447457 5.222669 0.000000
v -27.245516 4.172866 19.666666
vn 3.443130 5.228682 0.310733
v -27.245516 4.172866 5.000000
vn 2.459509 5.754305 0.000000
v -28.034874 4.597639 19.666666
vn 2.473768 5.751469 0.308114
v -28.034874 4.597639 5.000000
vn 1.392511 6.100995 0.000000
v -28.887396 4.874640 19.666666
vn 1.390731 6.104304 0.320298
v -28.887396 4.874640 5.000000
vn 0.280758 6.251592 0.000000
v -29.775677 4.994966 19.666666
vn 0.274680 6.254577 0.315446
v -29.775677 4.994966 5.000000
vn -0.840018 6.201258 0.000000
v -30.671165 4.954749 19.666666
vn -0.832134 6.205157 0.315045
v -30.671165 4.954749 5.000000
vn -1.933796 5.951609 0.000000
v -31.545086 4.755282 19.666666
vn -1.934676 5.954319 0.320864
v -31.545086 4.755282 5.000000
vn -2.965417 5.510674 0.000000
v -32.369343 4.402977 19.666666
vn -2.970819 5.510924 0.318545
v -32.369343 4.402977 5.000000
vn -3.901730 4.892618 0.000000
v -33.117451 3.909158 19.666666
vn -3.908784 4.890364 0.310728
v -33.117451 3.909158 5.000000
vn -5.858923 2.198819 -0.000768
v -34.681175 1.756874 19.666666
vn -5.863576 2.194003 0.315448
v -34.681175 1.756874 5.000000
vn -6.157372 1.117329 -0.000570
v -34.919647 0.892784 19.666666
vn 3.080187 -0.556640 -2.978724
v -25.079699 -0.889173 45.750000
vn 3.130079 0.000000 -2.978723
v -25.000000 0.000000 45.750000
vn 3.080187 0.556640 -2.978724
v -25.079699 0.889173 45.750000
vn 3.560698 1.500736 2.191885
v -26.200329 3.250000 32.250000
vn 2.700054 1.582229 2.968715
v -25.686113 2.527919 32.250000
vn 2.937033 1.080544 2.968727
v -25.307493 1.726379 32.250000
vn 3.081694 0.544896 2.968746
v -25.076374 0.870574 32.250000
vn 3.129486 -0.007880 2.968750
v -25.000015 -0.012596 32.250000
vn 3.078910 -0.560413 2.968756
v -25.080822 -0.895370 32.250000
vn -3.079200 0.556352 -2.962935
v -34.920303 0.889173 45.750000
vn -4.408331 0.068657 -1.839338
v -34.683750 1.750000 45.750000
vn -2.777706 -1.253966 -1.544857
v -34.512894 2.152625 39.150707
vn -2.640127 -1.018800 -1.543873
v -34.307507 2.538779 38.481873
vn -2.481227 -0.794612 -1.540863
v -34.069157 2.905506 37.846680
vn -3.129049 0.000000 -2.962810
v -35.000000 0.000000 45.750000
vn -3.079200 -0.556352 -2.962935
v -34.920303 -0.889173 45.750000
vn -4.456586 0.052474 -1.839051
v -34.683750 -1.750000 45.750000
vn -3.078640 -0.560378 2.964069
v -34.919178 -0.895370 32.250000
vn -3.129221 -0.007960 2.964208
v -34.999985 -0.012596 32.250000
vn -3.081460 0.544785 2.964432
v -34.923626 0.870574 32.250000
vn -2.936836 1.080392 2.964633
v -34.692505 1.726379 32.250000
vn -2.699897 1.582050 2.964821
v -34.313889 2.527919 32.250000
vn -2.376316 -1.741673 -0.680858
v -34.683750 1.750000 39.848076
vn -6.108501 -1.108436 0.405776
v 25.080353 -0.892784 49.000000
vn -5.859092 -1.063269 1.583403
v 25.113878 -0.886700 49.258820
vn -6.208242 0.000002 0.405662
v 25.000000 -0.000000 49.000000
vn -5.954795 0.000001 1.583408
v 25.034075 0.000000 49.258820
vn -6.108503 1.108431 0.405776
v 25.080353 0.892784 49.000000
vn -5.859095 1.063265 1.583402
v 25.113878 0.886700 49.258820
vn -5.813184 2.179768 0.408827
v 25.318825 1.756874 49.000000
vn -5.575078 2.092365 1.583425
v 25.350727 1.744901 49.258820
vn -5.329603 3.184580 0.411251
v 25.707756 2.564496 49.000000
vn -5.111879 3.054206 1.583420
v 25.737007 2.547020 49.258820
vn -4.674179 4.086073 0.408145
v 26.234642 3.289694 49.000000
vn -4.484384 3.917887 1.583417
v 26.260303 3.267275 49.258820
vn -3.875440 4.850677 0.413381
v 26.882551 3.909158 49.000000
vn -3.712749 4.655639 1.583413
v 26.903795 3.882517 49.258820
vn -2.943142 5.467436 0.422195
v 27.630657 4.402977 49.000000
vn -2.821789 5.243759 1.583408
v 27.646803 4.372972 49.258820
vn -1.918125 5.905576 0.422140
v 28.454914 4.755282 49.000000
vn -1.840129 5.663342 1.583411
v 28.465445 4.722876 49.258820
vn -0.832083 6.153074 0.418417
v 29.328835 4.954749 49.000000
vn -0.799331 5.900899 1.583409
v 29.333408 4.920983 49.258820
vn 0.275991 6.203059 0.420123
v 30.224323 4.994966 49.000000
vn 0.267161 5.948792 1.583415
v 30.222795 4.960926 49.258820
vn 1.381528 6.053825 0.424832
v 31.112604 4.874640 49.000000
vn 1.325065 5.805490 1.583414
v 31.105022 4.841420 49.258820
vn 2.441477 5.709273 0.424149
v 31.965126 4.597639 49.000000
vn 2.340380 5.475595 1.583421
v 31.951733 4.566307 49.258820
vn 3.422285 5.180858 0.419957
v 32.754486 4.172866 49.000000
vn 3.280474 4.969710 1.583417
v 32.735714 4.144429 49.258820
vn 4.292451 4.485900 0.413845
v 33.455315 3.613974 49.000000
vn 4.115132 4.304086 1.583424
v 33.431767 3.589346 49.258820
vn 5.022693 3.649459 0.410919
v 34.045086 2.938926 49.000000
vn 4.817533 3.500144 1.583412
v 34.017517 2.918898 49.258820
vn 5.592206 2.697757 0.417195
v 34.504845 2.169419 49.000000
vn 5.365080 2.583683 1.583422
v 34.474144 2.154634 49.258820
vn 5.985510 1.651891 0.421467
v 34.819813 1.330184 49.000000
vn 5.740191 1.584191 1.583408
v 34.786968 1.321119 49.258820
vn 6.184277 0.556593 0.421468
v 34.979870 0.448197 49.000000
vn 5.930816 0.533783 1.583401
v 34.945934 0.445142 49.258820
vn 6.184276 -0.556593 0.421468
v 34.979870 -0.448197 49.000000
vn 5.930817 -0.533782 1.583400
v 34.945934 -0.445142 49.258820
vn 5.985511 -1.651887 0.421465
v 34.819813 -1.330184 49.000000
vn 5.740190 -1.584190 1.583411
v 34.786968 -1.321119 49.258820
vn 5.591231 -2.699393 0.414266
v 34.504845 -2.169419 49.000000
vn 5.365076 -2.583686 1.583430
v 34.474144 -2.154634 49.258820
vn 5.022558 -3.649099 0.405414
v 34.045086 -2.938926 49.000000
vn 4.817536 -3.500140 1.583412
v 34.017517 -2.918898 49.258820
vn 4.290275 -4.487272 0.405401
v 33.455315 -3.613974 49.000000
vn 4.115131 -4.304089 1.583421
v 33.431767 -3.589346 49.258820
vn 3.420092 -5.181219 0.405401
v 32.754486 -4.172866 49.000000
vn 3.280475 -4.969709 1.583418
v 32.735714 -4.144429 49.258820
vn 2.439986 -5.708636 0.405404
v 31.965126 -4.597639 49.000000
vn 2.340379 -5.475596 1.583420
v 31.951733 -4.566307 49.258820
vn 1.381460 -6.052575 0.405393
v 31.112604 -4.874640 49.000000
vn 1.325067 -5.805490 1.583412
v 31.105022 -4.841420 49.258820
vn 0.278529 -6.201973 0.405395
v 30.224323 -4.994966 49.000000
vn 0.267160 -5.948792 1.583416
v 30.222795 -4.960926 49.258820
vn -0.833351 -6.152041 0.405394
v 29.328835 -4.954749 49.000000
vn -0.799330 -5.900899 1.583410
v 29.333408 -4.920983 49.258820
vn -1.918448 -5.904372 0.405396
v 28.454914 -4.755282 49.000000
vn -1.840130 -5.663342 1.583410
v 28.465445 -4.722876 49.258820
vn -2.941884 -5.466939 0.405388
v 27.630657 -4.402977 49.000000
vn -2.821788 -5.243761 1.583407
v 27.646803 -4.372972 49.258820
vn -3.870765 -4.853790 0.405389
v 26.882551 -3.909158 49.000000
vn -3.712750 -4.655637 1.583416
v 26.903795 -3.882517 49.258820
vn -4.675237 -4.084629 0.405403
v 26.234642 -3.289694 49.000000
vn -4.484384 -3.917888 1.583418
v 26.260303 -3.267275 49.258820
vn -5.329443 -3.184196 0.405396
v 25.707756 -2.564496 49.000000
vn -5.111879 -3.054207 1.583419
v 25.737007 -2.547020 49.258820
vn -5.812280 -2.181595 0.405715
v 25.318825 -1.756874 49.000000
vn -5.575079 -2.092362 1.583424
v 25.350727 -1.744901 49.258820
vn -0.424713 0.086839 6.252991
v 26.076859 0.780361 50.000000
vn -1.625219 0.291142 5.991978
v 25.809622 0.760441 49.965927
vn -0.433259 0.000000 6.253011
v 26.000000 0.000000 50.000000
vn -1.651761 -0.000000 5.991886
v 25.741180 0.000000 49.965927
vn -1.625219 -0.291142 5.991978
v 25.809622 -0.760441 49.965927
vn -3.134255 -0.000000 5.349057
v 25.500000 0.000000 49.866024
vn -3.083886 -0.559644 5.349058
v 25.572317 -0.803506 49.866024
vn -4.395544 0.000000 4.349829
v 25.292892 0.000000 49.707108
vn -4.324907 -0.784856 4.349829
v 25.368538 -0.840486 49.707108
vn -5.355313 -0.000002 3.065577
v 25.133974 0.000000 49.500000
vn -5.269247 -0.956228 3.065588
v 25.212173 -0.868862 49.500000
vn -1.546119 0.575017 5.992180
v 26.012745 1.496442 49.965927
vn -0.400430 0.170454 6.252779
v 26.304482 1.530734 50.000000
vn -1.416636 0.840877 5.992467
v 26.344023 2.184345 49.965927
vn -0.361579 0.246747 6.252442
v 26.674122 2.222281 50.000000
vn -1.241469 1.079924 5.992717
v 26.792805 2.802042 49.965927
vn -0.308993 0.313132 6.252149
v 27.171574 2.828427 50.000000
vn -1.026483 1.284392 5.992879
v 27.344669 3.329679 49.965927
vn -0.244368 0.367137 6.251998
v 27.777719 3.325878 50.000000
vn -0.778662 1.447737 5.992920
v 27.981878 3.750297 49.965927
vn -0.170117 0.406651 6.252030
v 28.469267 3.695518 50.000000
vn -0.505911 1.564750 5.992840
v 28.683952 4.050377 49.965927
vn -0.089127 0.430153 6.252235
v 29.219639 3.923141 50.000000
vn -0.216953 1.631674 5.992642
v 29.428326 4.220276 49.965927
vn -0.004451 0.436869 6.252555
v 30.000000 4.000000 50.000000
vn 0.078873 1.646255 5.992368
v 30.191071 4.254531 49.965927
vn 0.081006 0.426842 6.252873
v 30.780361 3.923141 50.000000
vn 0.371770 1.607790 5.992098
v 30.947676 4.152041 49.965927
vn 0.164730 0.400882 6.252996
v 31.530733 3.695518 50.000000
vn 0.651752 1.517170 5.991954
v 31.673822 3.916102 49.965927
vn 0.241099 0.360104 6.252997
v 32.222282 3.325878 50.000000
vn 0.908358 1.379275 5.991917
v 32.346172 3.554296 49.965927
vn 1.137657 1.196096 5.992029
v 32.943111 3.078253 49.965927
vn 2.165971 2.265421 5.349054
v 33.109783 3.252577 49.866024
vn 2.535673 1.842271 5.349053
v 33.640575 2.645034 49.866024
vn 3.556067 2.583625 4.349844
v 33.808128 2.766768 49.707108
vn 3.960254 1.907159 4.349825
v 34.240955 2.042337 49.707108
vn 4.824965 2.323575 3.065599
v 34.384136 2.111289 49.500000
vn 5.162318 1.424711 3.065600
v 34.690666 1.294542 49.500000
vn 0.309035 0.304534 6.252948
v 32.828426 2.828427 50.000000
vn 1.331032 0.973227 5.992271
v 33.445457 2.503271 49.965927
vn 2.823872 1.359907 5.349051
v 34.054359 1.952477 49.866024
vn 4.237154 1.169382 4.349817
v 34.537476 1.252264 49.707108
vn 5.333745 0.480047 3.065597
v 34.846436 0.436187 49.500000
vn 0.364993 0.238535 6.252670
v 33.325878 2.222281 50.000000
vn 1.481689 0.718471 5.992558
v 33.837063 1.847832 49.965927
vn 3.021311 0.833829 5.349051
v 34.337833 1.197166 49.866024
vn 4.377854 0.394012 4.349829
v 34.688156 0.421942 49.707108
vn 5.333744 -0.480047 3.065599
v 34.846436 -0.436187 49.500000
vn 0.406672 0.164169 6.252333
v 33.695518 1.530734 50.000000
vn 1.584846 0.440494 5.992787
v 34.105343 1.133003 49.965927
vn 3.121640 0.280951 5.349053
v 34.481884 0.403377 49.866024
vn 4.377854 -0.394014 4.349828
v 34.688156 -0.421942 49.707108
vn 5.162317 -1.424711 3.065600
v 34.690666 -1.294542 49.500000
vn 0.432405 0.083695 6.252079
v 33.923141 0.780361 50.000000
vn 1.637245 0.148408 5.992911
v 34.241673 0.381758 49.965927
vn 3.121640 -0.280951 5.349053
v 34.481884 -0.403377 49.866024
vn 4.237154 -1.169379 4.349816
v 34.537476 -1.252264 49.707108
vn 4.824967 -2.323579 3.065593
v 34.384136 -2.111289 49.500000
vn 0.441108 0.000000 6.251987
v 34.000000 0.000000 50.000000
vn 1.637245 -0.148409 5.992911
v 34.241673 -0.381758 49.965927
vn 3.021310 -0.833828 5.349051
v 34.337833 -1.197166 49.866024
vn 3.960254 -1.907157 4.349828
v 34.240955 -2.042337 49.707108
vn 4.332536 -3.147763 3.065578
v 33.936699 -2.860178 49.500000
vn 0.432405 -0.083695 6.252080
v 33.923141 -0.780361 50.000000
vn 1.584846 -0.440495 5.992786
v 34.105343 -1.133003 49.965927
vn 2.823871 -1.359906 5.349052
v 34.054359 -1.952477 49.866024
vn 3.556063 -2.583632 4.349844
v 33.808128 -2.766768 49.707108
vn 3.700855 -3.870793 3.065591
v 33.362728 -3.517138 49.500000
vn 0.406672 -0.164169 6.252333
v 33.695518 -1.530734 50.000000
vn 1.481690 -0.718471 5.992558
v 33.837063 -1.847832 49.965927
vn 2.535673 -1.842271 5.349054
v 33.640575 -2.645034 49.866024
vn 3.037606 -3.177078 4.349820
v 33.252907 -3.402273 49.707108
vn 2.950224 -4.469399 3.065584
v 32.680679 -4.061055 49.500000
vn 0.364993 -0.238535 6.252671
v 33.325878 -2.222281 50.000000
vn 1.331033 -0.973225 5.992271
v 33.445457 -2.503271 49.965927
vn 2.165970 -2.265423 5.349054
v 33.109783 -3.252577 49.866024
vn 2.421494 -3.668409 4.349825
v 32.593132 -3.928425 49.707108
vn 2.104769 -4.924354 3.065590
v 31.912470 -4.474445 49.500000
vn 0.309035 -0.304534 6.252948
v 32.828426 -2.828427 50.000000
vn 1.137655 -1.196096 5.992029
v 32.943111 -3.078253 49.965927
vn 1.726654 -2.615771 5.349051
v 32.479038 -3.755580 49.866024
vn 1.727558 -4.041829 4.349830
v 31.850010 -4.328315 49.707108
vn 1.191669 -5.221041 3.065589
v 31.082792 -4.744024 49.500000
vn 0.241099 -0.360104 6.252996
v 32.222282 -3.325878 50.000000
vn 0.908358 -1.379275 5.991917
v 32.346172 -3.554296 49.965927
vn 1.231841 -2.882039 5.349053
v 31.768612 -4.137875 49.866024
vn 0.978102 -4.285343 4.349825
v 31.047430 -4.589090 49.707108
vn 0.240264 -5.349915 3.065592
v 30.218313 -4.861125 49.500000
vn 0.651752 -1.517170 5.991954
v 31.673822 -3.916102 49.965927
vn 0.164730 -0.400882 6.252995
v 31.530733 -3.695518 50.000000
vn 0.371769 -1.607790 5.992099
v 30.947676 -4.152041 49.965927
vn 0.081006 -0.426843 6.252873
v 30.780361 -3.923141 50.000000
vn 0.078873 -1.646255 5.992369
v 30.191071 -4.254531 49.965927
vn -0.004451 -0.436869 6.252555
v 30.000000 -4.000000 50.000000
vn -0.216953 -1.631674 5.992642
v 29.428326 -4.220276 49.965927
vn -0.089127 -0.430153 6.252234
v 29.219639 -3.923141 50.000000
vn -0.505912 -1.564749 5.992839
v 28.683952 -4.050377 49.965927
vn -0.170117 -0.406651 6.252030
v 28.469267 -3.695518 50.000000
vn -0.778661 -1.447738 5.992921
v 27.981878 -3.750297 49.965927
vn -0.244368 -0.367137 6.251999
v 27.777719 -3.325878 50.000000
vn -1.026484 -1.284391 5.992880
v 27.344669 -3.329679 49.965927
vn -0.308993 -0.313132 6.252149
v 27.171574 -2.828427 50.000000
vn -1.241467 -1.079925 5.992717
v 26.792805 -2.802042 49.965927
vn -0.361579 -0.246747 6.252441
v 26.674122 -2.222281 50.000000
vn -1.416637 -0.840874 5.992467
v 26.344023 -2.184345 49.965927
vn -0.400430 -0.170454 6.252779
v 26.304482 -1.530734 50.000000
vn -1.546119 -0.575018 5.992180
v 26.012745 -1.496442 49.965927
vn -0.424713 -0.086839 6.252991
v 26.076859 -0.780361 50.000000
vn -5.269246 0.956230 3.065589
v 25.212173 0.868862 49.500000
vn -5.013826 1.881723 3.065590
v 25.444258 1.709799 49.500000
vn -4.597258 2.746735 3.065593
v 25.822767 2.495781 49.500000
vn -4.032934 3.523464 3.065583
v 26.335535 3.201547 49.500000
vn -3.338979 4.186951 3.065592
v 26.966084 3.804412 49.500000
vn -2.537713 4.715862 3.065589
v 27.694143 4.285000 49.500000
vn -1.654882 5.093202 3.065586
v 28.496315 4.627865 49.500000
vn -0.718861 5.306844 3.065585
v 29.346817 4.821987 49.500000
vn 0.240266 5.349915 3.065592
v 30.218313 4.861125 49.500000
vn 1.191668 5.221041 3.065589
v 31.082792 4.744024 49.500000
vn 2.104770 4.924355 3.065589
v 31.912470 4.474445 49.500000
vn 2.950222 4.469398 3.065586
v 32.680679 4.061055 49.500000
vn 3.700857 3.870793 3.065587
v 33.362728 3.517138 49.500000
vn 4.332535 3.147766 3.065578
v 33.936699 2.860178 49.500000
vn -4.324905 0.784856 4.349828
v 25.368538 0.840486 49.707108
vn -4.115263 1.544486 4.349826
v 25.593042 1.653959 49.707108
vn -3.773358 2.254474 4.349823
v 25.959190 2.414272 49.707108
vn -3.310159 2.891998 4.349829
v 26.455212 3.096988 49.707108
vn -2.740581 3.436578 4.349823
v 27.065166 3.680164 49.707108
vn -2.082911 3.870697 4.349829
v 27.769449 4.145057 49.707108
vn -1.358299 4.180412 4.349829
v 28.545424 4.476725 49.707108
vn -0.590028 4.355766 4.349828
v 29.368149 4.664506 49.707108
vn 0.197206 4.391120 4.349828
v 30.211184 4.702367 49.707108
vn 0.978101 4.285343 4.349826
v 31.047430 4.589090 49.707108
vn 1.727559 4.041829 4.349831
v 31.850010 4.328315 49.707108
vn 2.421494 3.668411 4.349824
v 32.593132 3.928425 49.707108
vn 3.037602 3.177081 4.349822
v 33.252907 3.402273 49.707108
vn -3.083886 0.559644 5.349057
v 25.572317 0.803506 49.866024
vn -2.934401 1.101299 5.349055
v 25.786943 1.581187 49.866024
vn -2.690600 1.607558 5.349051
v 26.136980 2.308047 49.866024
vn -2.360317 2.062148 5.349058
v 26.611179 2.960724 49.866024
vn -1.954177 2.450460 5.349055
v 27.194296 3.518242 49.866024
vn -1.485226 2.760014 5.349056
v 27.867592 3.962680 49.866024
vn -0.968539 2.980855 5.349055
v 28.609423 4.279754 49.866024
vn -0.420721 3.105891 5.349056
v 29.395950 4.459274 49.866024
vn 0.140617 3.131104 5.349054
v 30.201891 4.495469 49.866024
vn 0.697439 3.055674 5.349055
v 31.001345 4.387176 49.866024
vn 1.231841 2.882040 5.349053
v 31.768612 4.137875 49.866024
vn 1.726653 2.615771 5.349051
v 32.479038 3.755580 49.866024
vn -5.013826 -1.881724 3.065590
v 25.444258 -1.709799 49.500000
vn -4.597259 -2.746733 3.065593
v 25.822767 -2.495781 49.500000
vn -4.032932 -3.523467 3.065582
v 26.335535 -3.201547 49.500000
vn -3.338981 -4.186950 3.065592
v 26.966084 -3.804412 49.500000
vn -2.537713 -4.715860 3.065590
v 27.694143 -4.285000 49.500000
vn -1.654882 -5.093201 3.065586
v 28.496315 -4.627865 49.500000
vn -0.718860 -5.306843 3.065585
v 29.346817 -4.821987 49.500000
vn -4.115265 -1.544486 4.349826
v 25.593042 -1.653959 49.707108
vn -3.773356 -2.254476 4.349824
v 25.959190 -2.414272 49.707108
vn -3.310160 -2.891995 4.349830
v 26.455212 -3.096988 49.707108
vn -2.740580 -3.436579 4.349824
v 27.065166 -3.680164 49.707108
vn -2.082913 -3.870697 4.349829
v 27.769449 -4.145057 49.707108
vn -1.358299 -4.180412 4.349829
v 28.545424 -4.476725 49.707108
vn -0.590028 -4.355765 4.349828
v 29.368149 -4.664506 49.707108
vn 0.197206 -4.391121 4.349829
v 30.211184 -4.702367 49.707108
vn -2.934400 -1.101299 5.349056
v 25.786943 -1.581187 49.866024
vn -2.690600 -1.607559 5.349051
v 26.136980 -2.308047 49.866024
vn -2.360319 -2.062148 5.349058
v 26.611179 -2.960724 49.866024
vn -1.954177 -2.450461 5.349055
v 27.194296 -3.518242 49.866024
vn -1.485226 -2.760014 5.349056
v 27.867592 -3.962680 49.866024
vn -0.968539 -2.980855 5.349055
v 28.609423 -4.279754 49.866024
vn -0.420721 -3.105891 5.349056
v 29.395950 -4.459274 49.866024
vn 0.140618 -3.131103 5.349055
v 30.201891 -4.495469 49.866024
vn 0.697438 -3.055674 5.349055
v 31.001345 -4.387176 49.866024
vn -2.965792 5.510964 -0.007385
v 27.630657 4.402977 34.333332
vn -3.903711 4.891306 -0.003578
v 26.882551 3.909158 34.333332
vn -4.547710 4.325248 0.000000
v 26.234642 3.289694 34.333332
vn -2.874905 -0.809802 -0.971681
v 26.200329 3.250000 37.250000
vn -3.656020 1.395133 2.190021
v 26.200329 3.250000 32.250000
vn -4.712423 4.117586 -0.000551
v 26.234642 3.289694 19.666666
vn -5.372160 3.209645 -0.000961
v 25.707756 2.564496 19.666666
vn -4.705537 4.129994 0.308116
v 26.234642 3.289694 5.000000
vn -5.375777 3.209000 0.320299
v 25.707756 2.564496 5.000000
vn -1.933461 5.952146 -0.006920
v 28.454914 4.755282 34.333332
vn -0.839191 6.201661 -0.004833
v 29.328835 4.954749 34.333332
vn 0.279665 6.251949 -0.005185
v 30.224323 4.994966 34.333332
vn 1.392228 6.101511 -0.007461
v 31.112604 4.874640 34.333332
vn 2.459872 5.754648 -0.007769
v 31.965126 4.597639 34.333332
vn 3.448253 5.222595 -0.006413
v 32.754486 4.172866 34.333332
vn 4.242243 4.614166 -0.002671
v 33.455315 3.613974 34.333332
vn 2.780293 -0.705192 -0.971778
v 33.799671 3.250000 37.250000
vn 2.482238 -0.795904 -1.541734
v 34.069157 2.905506 37.846680
vn 2.639373 -1.017635 -1.543100
v 34.307507 2.538779 38.481873
vn 2.778193 -1.254886 -1.545571
v 34.512894 2.152625 39.150707
vn 4.403418 0.082186 -1.845849
v 34.683750 1.750000 45.750000
vn 2.376316 -1.741680 -0.680859
v 34.683750 1.750000 39.848076
vn -6.158600 1.126089 0.315049
v 25.080353 0.892784 5.000000
vn -6.260739 0.000000 0.320867
v 25.000000 0.000000 5.000000
vn -6.257876 -0.000498 -0.000355
v 25.000000 -0.000000 19.666666
vn -6.159241 -1.122423 0.318513
v 25.080353 -0.892784 5.000000
vn -6.157491 -1.117144 -0.000169
v 25.080605 -0.894176 19.666666
vn -5.859612 -2.196972 -0.000013
v 25.317438 -1.753175 19.666666
vn -4.345990 -0.207235 1.839640
v 25.316252 -1.750000 32.250000
vn -5.372955 -3.207848 -0.000097
v 25.707756 -2.564496 34.333332
vn -4.712640 -4.117310 0.000000
v 26.234642 -3.289694 34.333332
vn -3.901730 -4.892620 0.000000
v 26.882551 -3.909158 34.333332
vn -2.965419 -5.510671 0.000000
v 27.630657 -4.402977 34.333332
vn -1.933796 -5.951610 0.000000
v 28.454914 -4.755282 34.333332
vn -0.840018 -6.201256 0.000000
v 29.328835 -4.954749 34.333332
vn 0.280758 -6.251592 0.000000
v 30.224323 -4.994966 34.333332
vn 1.392511 -6.100995 0.000000
v 31.112604 -4.874640 34.333332
vn 2.459506 -5.754307 0.000000
v 31.965126 -4.597639 34.333332
vn 3.447454 -5.222670 0.000000
v 32.754486 -4.172866 34.333332
vn 4.324595 -4.523171 0.000000
v 33.455315 -3.613974 34.333332
vn 5.062742 -3.678294 0.000000
v 34.045086 -2.938926 34.333332
vn 5.586582 -2.843931 0.000000
v 34.504845 -2.169419 34.333332
vn 4.402682 -0.083915 -1.846095
v 34.683750 -1.750000 45.750000
vn 4.403653 -0.080495 1.841891
v 34.683750 -1.750000 32.250000
vn 5.637605 -2.716686 -0.002454
v 34.504845 -2.169419 19.666666
vn 6.032650 -1.664899 -0.004802
v 34.819813 -1.330184 19.666666
vn 5.642686 -2.712221 0.318550
v 34.504845 -2.169419 5.000000
vn 6.036759 -1.658851 0.310735
v 34.819813 -1.330184 5.000000
vn -5.858887 -2.206293 0.310695
v 25.318825 -1.756874 5.000000
vn -5.372608 -3.208573 0.000036
v 25.707756 -2.564496 19.666666
vn -5.381948 -3.198994 0.308117
v 25.707756 -2.564496 5.000000
vn -4.712641 -4.117310 0.000000
v 26.234642 -3.289694 19.666666
vn -4.713147 -4.121033 0.320298
v 26.234642 -3.289694 5.000000
vn -3.901730 -4.892620 0.000000
v 26.882551 -3.909158 19.666666
vn -3.898567 -4.898607 0.315447
v 26.882551 -3.909158 5.000000
vn -2.965420 -5.510673 0.000000
v 27.630657 -4.402977 19.666666
vn -2.974089 -5.509194 0.315046
v 27.630657 -4.402977 5.000000
vn -1.933796 -5.951609 0.000000
v 28.454914 -4.755282 19.666666
vn -1.934676 -5.954319 0.320864
v 28.454914 -4.755282 5.000000
vn -0.840018 -6.201258 0.000000
v 29.328835 -4.954749 19.666666
vn -0.835796 -6.204636 0.318547
v 29.328835 -4.954749 5.000000
vn 0.280758 -6.251592 0.000000
v 30.224323 -4.994966 19.666666
vn 0.287791 -6.253913 0.310732
v 30.224323 -4.994966 5.000000
vn 1.392511 -6.100995 0.000000
v 31.112604 -4.874640 19.666666
vn 1.379308 -6.107081 0.308116
v 31.112604 -4.874640 5.000000
vn 2.459506 -5.754307 0.000000
v 31.965126 -4.597639 19.666666
vn 2.462892 -5.755938 0.320296
v 31.965126 -4.597639 5.000000
vn 3.447454 -5.222670 0.000000
v 32.754486 -4.172866 19.666666
vn 3.454126 -5.221512 0.315442
v 32.754486 -4.172866 5.000000
vn 4.324597 -4.523172 0.000000
v 33.455315 -3.613974 19.666666
vn 4.320511 -4.530962 0.315042
v 33.455315 -3.613974 5.000000
vn 5.062743 -3.678295 0.000000
v 34.045086 -2.938926 19.666666
vn 5.065047 -3.679970 0.320865
v 34.045086 -2.938926 5.000000
vn 6.232981 -0.560977 -0.004801
v 34.979870 -0.448197 19.666666
vn 6.234408 -0.575393 0.308119
v 34.979870 -0.448197 5.000000
vn 6.232979 0.560981 -0.004795
v 34.979870 0.448197 19.666666
vn 6.235298 0.563669 0.320303
v 34.979870 0.448197 5.000000
vn 6.032648 1.664902 -0.004784
v 34.819813 1.330184 19.666666
vn 6.033339 1.671527 0.315451
v 34.819813 1.330184 5.000000
vn 5.638419 2.715317 -0.004768
v 34.504845 2.169419 19.666666
vn 5.644314 2.708900 0.315048
v 34.504845 2.169419 5.000000
vn 5.062964 3.678464 -0.004748
v 34.045086 2.938926 19.666666
vn 5.065047 3.679970 0.320865
v 34.045086 2.938926 5.000000
vn 4.323558 4.524359 -0.002415
v 33.455315 3.613974 19.666666
vn 4.323166 4.528387 0.318543
v 33.455315 3.613974 5.000000
vn 3.447454 5.222670 0.000000
v 32.754486 4.172866 19.666666
vn 3.443129 5.228682 0.310727
v 32.754486 4.172866 5.000000
vn 2.459506 5.754306 0.000000
v 31.965126 4.597639 19.666666
vn 2.473766 5.751471 0.308114
v 31.965126 4.597639 5.000000
vn 1.392511 6.100995 0.000000
v 31.112604 4.874640 19.666666
vn 1.390731 6.104304 0.320298
v 31.112604 4.874640 5.000000
vn 0.280758 6.251592 0.000000
v 30.224323 4.994966 19.666666
vn 0.274680 6.254577 0.315446
v 30.224323 4.994966 5.000000
vn -0.840018 6.201258 0.000000
v 29.328835 4.954749 19.666666
vn -0.832134 6.205157 0.315045
v 29.328835 4.954749 5.000000
vn -1.933796 5.951609 0.000000
v 28.454914 4.755282 19.666666
vn -1.934676 5.954319 0.320864
v 28.454914 4.755282 5.000000
vn -2.965420 5.510673 0.000000
v 27.630657 4.402977 19.666666
vn -2.970820 5.510924 0.318548
v 27.630657 4.402977 5.000000
vn -3.901730 4.892620 0.000000
v 26.882551 3.909158 19.666666
vn -3.908785 4.890363 0.310733
v 26.882551 3.909158 5.000000
vn -5.858923 2.198820 -0.000768
v 25.318825 1.756874 19.666666
vn -5.863575 2.194006 0.315446
v 25.318825 1.756874 5.000000
vn -6.157372 1.117328 -0.000570
v 25.080353 0.892784 19.666666
vn 3.080187 -0.556637 -2.978719
v 34.920303 -0.889173 45.750000
vn 3.130080 0.000000 -2.978724
v 35.000000 0.000000 45.750000
vn 3.080187 0.556637 -2.978719
v 34.920303 0.889173 45.750000
vn 3.560703 1.500732 2.191887
v 33.799671 3.250000 32.250000
vn 2.700055 1.582225 2.968709
v 34.313889 2.527919 32.250000
vn 2.937035 1.080541 2.968733
v 34.692505 1.726379 32.250000
vn 3.081694 0.544899 2.968744
v 34.923626 0.870574 32.250000
vn 3.129486 -0.007880 2.968749
v 34.999985 -0.012596 32.250000
vn 3.078911 -0.560410 2.968757
v 34.919178 -0.895370 32.250000
vn -3.079200 0.556354 -2.962938
v 25.079699 0.889173 45.750000
vn -4.408346 0.068625 -1.839341
v 25.316252 1.750000 45.750000
vn -2.777702 -1.253957 -1.544855
v 25.487106 2.152625 39.150707
vn -2.640134 -1.018809 -1.543876
v 25.692495 2.538779 38.481873
vn -2.481227 -0.794611 -1.540861
v 25.930843 2.905506 37.846680
vn -3.129048 0.000000 -2.962806
v 25.000000 0.000000 45.750000
vn -3.079200 -0.556354 -2.962938
v 25.079699 -0.889173 45.750000
vn -4.456879 0.053180 -1.839052
v 25.316252 -1.750000 45.750000
vn -3.078640 -0.560381 2.964067
v 25.080822 -0.895370 32.250000
vn -3.129221 -0.007960 2.964208
v 25.000015 -0.012596 32.250000
vn -3.081461 0.544782 2.964434
v 25.076374 0.870574 32.250000
vn -2.936835 1.080394 2.964627
v 25.307493 1.726379 32.250000
vn -2.699896 1.582053 2.964827
v 25.686113 2.527919 32.250000
vn -2.376321 -1.741686 -0.680860
v 25.316252 1.750000 39.848076
vn 5.987133 0.260590 -1.598340
v 49.965927 25.000000 -5.258819
vn 5.866605 1.034442 -1.584358
v 49.890484 25.862324 -5.258819
vn 5.597856 2.037458 -1.584382
v 49.666443 26.698446 -5.258819
vn 5.159007 2.978555 -1.584388
v 49.300617 27.482964 -5.258819
vn 4.563420 3.829160 -1.584368
v 48.804119 28.192036 -5.258819
vn 3.829159 4.563416 -1.584388
v 48.192036 28.804119 -5.258819
vn 2.978567 5.159015 -1.584363
v 47.482964 29.300617 -5.258819
vn 2.037452 5.597857 -1.584357
v 46.698448 29.666445 -5.258819
vn 1.034438 5.866618 -1.584357
v 45.862324 29.890482 -5.258819
vn 0.260591 5.987147 -1.598327
v 45.000000 29.965925 -5.258819
vn 0.930209 5.275462 -3.067194
v 45.844978 29.792099 -5.500000
vn 0.234335 5.375851 -3.090942
v 45.000000 29.866026 -5.500000
vn 0.763371 4.329291 -4.351582
v 45.817379 29.635595 -5.707107
vn 0.192305 4.400473 -4.378230
v 45.000000 29.707108 -5.707107
vn 0.544184 3.086203 -5.350473
v 45.781418 29.431635 -5.866025
vn 0.137086 3.124261 -5.372664
v 45.000000 29.500000 -5.866025
vn 0.281964 1.624988 -5.992843
v 45.739536 29.194118 -5.965926
vn 0.072208 1.631485 -6.004913
v 45.000000 29.258820 -5.965926
vn 0.019424 0.421366 -6.254816
v 45.000000 29.000000 -6.000000
vn 0.087045 0.424445 -6.253032
v 45.780361 28.923141 -6.000000
vn 0.558388 1.549166 -5.993177
v 46.456600 29.001982 -5.965926
vn 0.170394 0.401159 -6.252701
v 46.530735 28.695518 -6.000000
vn 0.818700 1.425662 -5.993528
v 47.129410 28.688246 -5.965926
vn 0.245811 0.363167 -6.252343
v 47.222282 28.325878 -6.000000
vn 1.054657 1.259050 -5.993736
v 47.737514 28.262445 -5.965926
vn 0.310843 0.310842 -6.252200
v 47.828426 27.828426 -6.000000
vn 1.259048 1.054656 -5.993736
v 48.262444 27.737516 -5.965926
vn 0.363167 0.245810 -6.252343
v 48.325878 27.222281 -6.000000
vn 1.425656 0.818697 -5.993531
v 48.688244 27.129410 -5.965926
vn 0.401160 0.170394 -6.252702
v 48.695518 26.530733 -6.000000
vn 1.549151 0.558387 -5.993184
v 49.001980 26.456602 -5.965926
vn 0.424445 0.087046 -6.253031
v 48.923141 25.780361 -6.000000
vn 1.624995 0.281964 -5.992839
v 49.194118 25.739536 -5.965926
vn 0.421355 0.019424 -6.254728
v 49.000000 25.000000 -6.000000
vn 1.631486 0.072209 -6.004913
v 49.258820 25.000000 -5.965926
vn 3.086209 0.544179 -5.350474
v 49.431633 25.781416 -5.866025
vn 3.124261 0.137091 -5.372663
v 49.500000 25.000000 -5.866025
vn 4.329280 0.763375 -4.351595
v 49.635593 25.817381 -5.707107
vn 4.400481 0.192306 -4.378216
v 49.707108 25.000000 -5.707107
vn 5.275448 0.930210 -3.067221
v 49.792099 25.844976 -5.500000
vn 5.375848 0.234330 -3.090968
v 49.866024 25.000000 -5.500000
vn 2.944822 1.071824 -5.350469
v 49.228619 26.539091 -5.866025
vn 2.713954 1.566904 -5.350479
v 48.897114 27.250000 -5.866025
vn 2.400635 2.014372 -5.350476
v 48.447201 27.892544 -5.866025
vn 2.014377 2.400641 -5.350471
v 47.892544 28.447201 -5.866025
vn 1.566905 2.713962 -5.350475
v 47.250000 28.897114 -5.866025
vn 1.071828 2.944822 -5.350474
v 46.539089 29.228617 -5.866025
vn 4.130976 1.503548 -4.351566
v 49.423233 26.609926 -5.707107
vn 3.807121 2.198041 -4.351574
v 49.076473 27.353554 -5.707107
vn 3.367587 2.825742 -4.351586
v 48.605854 28.025669 -5.707107
vn 2.825746 3.367591 -4.351584
v 48.025669 28.605852 -5.707107
vn 2.198035 3.807106 -4.351593
v 47.353554 29.076473 -5.707107
vn 1.503541 4.130952 -4.351597
v 46.609924 29.423233 -5.707107
vn 5.033791 1.832149 -3.067192
v 49.572567 26.664278 -5.500000
vn 4.639168 2.678422 -3.067200
v 49.214100 27.433012 -5.500000
vn 4.103584 3.443311 -3.067183
v 48.727592 28.127821 -5.500000
vn 3.443308 4.103581 -3.067199
v 48.127819 28.727592 -5.500000
vn 2.678426 4.639156 -3.067193
v 47.433014 29.214102 -5.500000
vn 1.832142 5.033776 -3.067209
v 46.664280 29.572569 -5.500000
vn -0.072208 1.631485 -6.004914
v -45.000000 29.258820 -5.965926
vn 0.000000 1.612297 -6.017169
v -39.375000 29.258820 -5.965926
vn -0.019424 0.421366 -6.254817
v -45.000000 29.000000 -6.000000
vn 0.000000 1.612297 -6.017169
v -33.750000 29.258820 -5.965926
vn 0.000000 1.612297 -6.017169
v -28.125000 29.258820 -5.965926
vn 0.000000 3.114714 -5.394849
v -28.125000 29.500000 -5.866025
vn 0.000000 3.114714 -5.394849
v -22.500000 29.500000 -5.866025
vn 0.000000 4.404872 -4.404876
v -22.500000 29.707108 -5.707107
vn 0.000000 4.404872 -4.404876
v -16.875000 29.707108 -5.707107
vn 0.000000 5.394853 -3.114705
v -16.875000 29.866026 -5.500000
vn 0.000000 5.394853 -3.114705
v -11.250000 29.866026 -5.500000
vn 0.000000 6.017173 -1.612292
v -11.250000 29.965925 -5.258819
vn 0.000000 6.017174 -1.612292
v -5.625000 29.965925 -5.258819
vn 0.000000 6.017179 -1.612292
v 0.000000 29.965925 -5.258819
vn 0.000000 6.017174 -1.612292
v 5.625000 29.965925 -5.258819
vn 0.000000 6.017174 -1.612292
v 11.250000 29.965925 -5.258819
vn 0.000000 5.394853 -3.114705
v 5.625000 29.866026 -5.500000
vn 0.000000 5.394853 -3.114705
v 11.250000 29.866026 -5.500000
vn 0.000000 4.404872 -4.404876
v 5.625000 29.707108 -5.707107
vn 0.000000 4.404872 -4.404876
v 11.250000 29.707108 -5.707107
vn 0.000000 3.114714 -5.394849
v 5.625000 29.500000 -5.866025
vn 0.000000 3.114714 -5.394850
v 11.250000 29.500000 -5.866025
vn 0.000000 1.612297 -6.017169
v 5.625000 29.258820 -5.965926
vn 0.000000 1.612297 -6.017169
v 11.250000 29.258820 -5.965926
vn 0.000000 1.612297 -6.017169
v 16.875000 29.258820 -5.965926
vn 0.000000 1.612297 -6.017169
v 22.500000 29.258820 -5.965926
vn 0.000000 3.114714 -5.394849
v 22.500000 29.500000 -5.866025
vn 0.000000 3.114715 -5.394849
v 28.125000 29.500000 -5.866025
vn 0.000000 4.404872 -4.404876
v 28.125000 29.707108 -5.707107
vn 0.000000 4.404872 -4.404876
v 33.750000 29.707108 -5.707107
vn 0.000000 5.394853 -3.114705
v 33.750000 29.866026 -5.500000
vn 0.000000 5.394853 -3.114705
v 39.375000 29.866026 -5.500000
vn 0.000000 6.017174 -1.612292
v 39.375000 29.965925 -5.258819
vn 0.000000 6.017174 -1.612292
v 33.750000 29.965925 -5.258819
vn 0.000000 6.017174 -1.612292
v 28.125000 29.965925 -5.258819
vn 0.000000 5.394853 -3.114705
v 28.125000 29.866026 -5.500000
vn 0.000000 5.394853 -3.114705
v 22.500000 29.866026 -5.500000
vn 0.000000 4.404872 -4.404876
v 22.500000 29.707108 -5.707107
vn 0.000000 4.404872 -4.404876
v 16.875000 29.707108 -5.707107
vn 0.000000 3.114714 -5.394849
v 16.875000 29.500000 -5.866025
vn 0.000000 3.114714 -5.394849
v -39.375000 29.500000 -5.866025
vn -0.137087 3.124261 -5.372663
v -45.000000 29.500000 -5.866025
vn 0.000000 4.404872 -4.404876
v -39.375000 29.707108 -5.707107
vn -0.192306 4.400473 -4.378230
v -45.000000 29.707108 -5.707107
vn 0.000000 5.394853 -3.114705
v -39.375000 29.866026 -5.500000
vn -0.234333 5.375851 -3.090944
v -45.000000 29.866026 -5.500000
vn 0.000000 6.017174 -1.612292
v -39.375000 29.965925 -5.258819
vn -0.260591 5.987147 -1.598324
v -45.000000 29.965925 -5.258819
vn 0.000000 4.404872 -4.404876
v 39.375000 29.707108 -5.707107
vn 0.000000 3.114715 -5.394849
v 33.750000 29.500000 -5.866025
vn 0.000000 1.612297 -6.017169
v 28.125000 29.258820 -5.965926
vn 0.000000 3.114715 -5.394849
v 39.375000 29.500000 -5.866025
vn 0.000000 1.612297 -6.017169
v 33.750000 29.258820 -5.965926
vn 0.000000 1.612297 -6.017169
v 39.375000 29.258820 -5.965926
vn 0.000000 1.612298 -6.017174
v 0.000000 29.258820 -5.965926
vn 0.000000 1.612297 -6.017169
v -5.625000 29.258820 -5.965926
vn 0.000000 1.612297 -6.017169
v -11.250000 29.258820 -5.965926
vn 0.000000 3.114714 -5.394849
v -5.625000 29.500000 -5.866025
vn 0.000000 3.114714 -5.394849
v -11.250000 29.500000 -5.866025
vn 0.000000 4.404872 -4.404876
v -5.625000 29.707108 -5.707107
vn 0.000000 4.404872 -4.404876
v -11.250000 29.707108 -5.707107
vn 0.000000 5.394853 -3.114705
v -5.625000 29.866026 -5.500000
vn 0.000000 3.114714 -5.394849
v -33.750000 29.500000 -5.866025
vn 0.000000 4.404872 -4.404876
v -33.750000 29.707108 -5.707107
vn 0.000000 5.394853 -3.114705
v -33.750000 29.866026 -5.500000
vn 0.000000 6.017174 -1.612292
v -33.750000 29.965925 -5.258819
vn 0.000000 1.612297 -6.017170
v -22.500000 29.258820 -5.965926
vn 0.000000 1.612297 -6.017169
v -16.875000 29.258820 -5.965926
vn 0.000000 3.114714 -5.394849
v -16.875000 29.500000 -5.866025
vn 0.000000 3.114714 -5.394850
v 0.000000 29.500000 -5.866025
vn 0.000000 4.404872 -4.404876
v 0.000000 29.707108 -5.707107
vn 0.000000 5.394853 -3.114705
v 0.000000 29.866026 -5.500000
vn 0.000000 4.404872 -4.404876
v -28.125000 29.707108 -5.707107
vn 0.000000 5.394853 -3.114705
v -22.500000 29.866026 -5.500000
vn 0.000000 6.017174 -1.612292
v -16.875000 29.965925 -5.258819
vn 0.000000 5.394853 -3.114705
v -28.125000 29.866026 -5.500000
vn 0.000000 6.017173 -1.612292
v -28.125000 29.965925 -5.258819
vn 0.000000 5.394853 -3.114705
v 16.875000 29.866026 -5.500000
vn 0.000000 6.017174 -1.612292
v 16.875000 29.965925 -5.258819
vn 0.000000 6.017173 -1.612292
v -22.500000 29.965925 -5.258819
vn 0.000000 6.017174 -1.612292
v 22.500000 29.965925 -5.258819
vn -0.424445 0.087046 -6.253031
v -48.923141 25.780361 -6.000000
vn -0.421353 0.019424 -6.254712
v -49.000000 25.000000 -6.000000
vn -1.624996 0.281969 -5.992839
v -49.194118 25.739536 -5.965926
vn -1.631485 0.072208 -6.004913
v -49.258820 25.000000 -5.965926
vn -3.124261 0.137089 -5.372663
v -49.500000 25.000000 -5.866025
vn -3.086205 0.544180 -5.350477
v -49.431633 25.781416 -5.866025
vn -4.400483 0.192310 -4.378214
v -49.707108 25.000000 -5.707107
vn -4.329285 0.763367 -4.351593
v -49.635593 25.817381 -5.707107
vn -5.375844 0.234333 -3.090971
v -49.866024 25.000000 -5.500000
vn -5.275448 0.930202 -3.067224
v -49.792099 25.844976 -5.500000
vn -5.987134 0.260588 -1.598341
v -49.965927 25.000000 -5.258819
vn -5.866605 1.034448 -1.584353
v -49.890484 25.862324 -5.258819
vn -5.597857 2.037456 -1.584378
v -49.666443 26.698446 -5.258819
vn -5.159009 2.978551 -1.584386
v -49.300617 27.482964 -5.258819
vn -4.563416 3.829166 -1.584365
v -48.804119 28.192036 -5.258819
vn -3.829164 4.563411 -1.584388
v -48.192036 28.804119 -5.258819
vn -2.978564 5.159015 -1.584367
v -47.482964 29.300617 -5.258819
vn -2.037452 5.597857 -1.584359
v -46.698448 29.666445 -5.258819
vn -1.034437 5.866618 -1.584354
v -45.862324 29.890482 -5.258819
vn -0.930208 5.275462 -3.067194
v -45.844978 29.792099 -5.500000
vn -1.832147 5.033775 -3.067208
v -46.664280 29.572569 -5.500000
vn -2.678422 4.639157 -3.067193
v -47.433014 29.214102 -5.500000
vn -3.443310 4.103580 -3.067199
v -48.127819 28.727592 -5.500000
vn -4.103580 3.443313 -3.067186
v -48.727592 28.127821 -5.500000
vn -4.639168 2.678417 -3.067203
v -49.214100 27.433012 -5.500000
vn -5.033790 1.832156 -3.067191
v -49.572567 26.664278 -5.500000
vn -0.763368 4.329290 -4.351583
v -45.817379 29.635595 -5.707107
vn -1.503544 4.130950 -4.351598
v -46.609924 29.423233 -5.707107
vn -2.198035 3.807106 -4.351593
v -47.353554 29.076473 -5.707107
vn -2.825744 3.367593 -4.351584
v -48.025669 28.605852 -5.707107
vn -3.367590 2.825740 -4.351583
v -48.605854 28.025669 -5.707107
vn -3.807119 2.198041 -4.351573
v -49.076473 27.353554 -5.707107
vn -4.130972 1.503554 -4.351568
v -49.423233 26.609926 -5.707107
vn -0.544183 3.086203 -5.350473
v -45.781418 29.431635 -5.866025
vn -1.071828 2.944821 -5.350474
v -46.539089 29.228617 -5.866025
vn -1.566906 2.713963 -5.350474
v -47.250000 28.897114 -5.866025
vn -2.014376 2.400643 -5.350470
v -47.892544 28.447201 -5.866025
vn -2.400635 2.014370 -5.350477
v -48.447201 27.892544 -5.866025
vn -2.713956 1.566905 -5.350478
v -48.897114 27.250000 -5.866025
vn -2.944819 1.071824 -5.350470
v -49.228619 26.539091 -5.866025
vn -0.281965 1.624988 -5.992843
v -45.739536 29.194118 -5.965926
vn -0.558388 1.549166 -5.993178
v -46.456600 29.001982 -5.965926
vn -0.818699 1.425662 -5.993528
v -47.129410 28.688246 -5.965926
vn -1.054657 1.259048 -5.993735
v -47.737514 28.262445 -5.965926
vn -1.259048 1.054656 -5.993736
v -48.262444 27.737516 -5.965926
vn -1.425655 0.818698 -5.993531
v -48.688244 27.129410 -5.965926
vn -1.549155 0.558382 -5.993183
v -49.001980 26.456602 -5.965926
vn -0.087045 0.424445 -6.253032
v -45.780361 28.923141 -6.000000
vn -0.170394 0.401159 -6.252701
v -46.530735 28.695518 -6.000000
vn -0.245811 0.363167 -6.252343
v -47.222282 28.325878 -6.000000
vn -0.310843 0.310842 -6.252200
v -47.828426 27.828426 -6.000000
vn -0.363167 0.245810 -6.252343
v -48.325878 27.222281 -6.000000
vn -0.401160 0.170394 -6.252701
v -48.695518 26.530733 -6.000000
vn -1.631486 -0.072209 -6.004913
v -49.258820 -25.000000 -5.965926
vn -1.612297 0.000000 -6.017169
v -49.258820 -19.444445 -5.965926
vn -0.421355 -0.019424 -6.254728
v -49.000000 -25.000000 -6.000000
vn -1.612296 0.000000 -6.017169
v -49.258820 -13.888889 -5.965926
vn -1.612297 0.000000 -6.017169
v -49.258820 -8.333333 -5.965926
vn -3.114714 0.000000 -5.394848
v -49.500000 -8.333333 -5.866025
vn -3.114714 0.000000 -5.394848
v -49.500000 -2.777778 -5.866025
vn -4.404883 0.000000 -4.404860
v -49.707108 -2.777778 -5.707107
vn -4.404883 0.000000 -4.404860
v -49.707108 2.777778 -5.707107
vn -5.394847 0.000000 -3.114728
v -49.866024 2.777778 -5.500000
vn -5.394847 0.000000 -3.114729
v -49.866024 8.333333 -5.500000
vn -6.017160 0.000000 -1.612308
v -49.965927 8.333333 -5.258819
vn -6.017160 0.000000 -1.612308
v -49.965927 13.888889 -5.258819
vn -6.017160 0.000000 -1.612308
v -49.965927 19.444445 -5.258819
vn -5.394847 0.000000 -3.114729
v -49.866024 19.444445 -5.500000
vn -4.404882 0.000000 -4.404860
v -49.707108 19.444445 -5.707107
vn -3.114714 0.000000 -5.394848
v -49.500000 19.444445 -5.866025
vn -1.612297 0.000000 -6.017169
v -49.258820 19.444445 -5.965926
vn -3.114714 0.000000 -5.394848
v -49.500000 -19.444445 -5.866025
vn -3.124261 -0.137091 -5.372663
v -49.500000 -25.000000 -5.866025
vn -4.404882 0.000000 -4.404860
v -49.707108 -19.444445 -5.707107
vn -4.400481 -0.192306 -4.378216
v -49.707108 -25.000000 -5.707107
vn -5.394847 0.000000 -3.114728
v -49.866024 -19.444445 -5.500000
vn -5.375847 -0.234330 -3.090968
v -49.866024 -25.000000 -5.500000
vn -6.017160 0.000000 -1.612308
v -49.965927 -19.444445 -5.258819
vn -5.987133 -0.260590 -1.598340
v -49.965927 -25.000000 -5.258819
vn -6.233280 -0.271666 -0.407800
v -50.000000 -25.000000 -5.000000
vn -6.017162 0.000000 -1.612308
v -49.965927 -2.777778 -5.258819
vn -6.017160 0.000000 -1.612308
v -49.965927 -8.333333 -5.258819
vn -6.017160 0.000000 -1.612308
v -49.965927 -13.888889 -5.258819
vn -5.394847 0.000000 -3.114729
v -49.866024 -13.888889 -5.500000
vn -1.612297 0.000000 -6.017170
v -49.258820 2.777778 -5.965926
vn -1.612297 0.000000 -6.017169
v -49.258820 8.333333 -5.965926
vn -1.612296 0.000000 -6.017169
v -49.258820 13.888889 -5.965926
vn -3.114714 0.000000 -5.394848
v -49.500000 13.888889 -5.866025
vn -3.114714 0.000000 -5.394848
v -49.500000 -13.888889 -5.866025
vn -4.404883 0.000000 -4.404861
v -49.707108 -13.888889 -5.707107
vn -1.612297 0.000000 -6.017169
v -49.258820 -2.777778 -5.965926
vn -3.114714 0.000000 -5.394848
v -49.500000 2.777778 -5.866025
vn -3.114714 0.000000 -5.394848
v -49.500000 8.333333 -5.866025
vn -4.404883 0.000000 -4.404861
v -49.707108 8.333333 -5.707107
vn -4.404883 0.000000 -4.404860
v -49.707108 -8.333333 -5.707107
vn -5.394847 0.000000 -3.114728
v -49.866024 -2.777778 -5.500000
vn -6.017160 0.000000 -1.612308
v -49.965927 2.777778 -5.258819
vn -4.404883 0.000000 -4.404860
v -49.707108 13.888889 -5.707107
vn -5.394847 0.000000 -3.114729
v -49.866024 -8.333333 -5.500000
vn -5.394847 0.000000 -3.114728
v -49.866024 13.888889 -5.500000
vn -0.087045 -0.424445 -6.253032
v -45.780361 -28.923141 -6.000000
vn -0.019424 -0.421366 -6.254816
v -45.000000 -29.000000 -6.000000
vn -0.281964 -1.624987 -5.992843
v -45.739536 -29.194118 -5.965926
vn -0.072208 -1.631485 -6.004913
v -45.000000 -29.258820 -5.965926
vn -0.137086 -3.124261 -5.372664
v -45.000000 -29.500000 -5.866025
vn -0.544184 -3.086202 -5.350473
v -45.781418 -29.431635 -5.866025
vn -0.192305 -4.400473 -4.378230
v -45.000000 -29.707108 -5.707107
vn -0.763371 -4.329291 -4.351583
v -45.817379 -29.635595 -5.707107
vn -0.234335 -5.375851 -3.090942
v -45.000000 -29.866026 -5.500000
vn -0.930209 -5.275462 -3.067194
v -45.844978 -29.792099 -5.500000
vn -0.260591 -5.987147 -1.598327
v -45.000000 -29.965925 -5.258819
vn -1.034438 -5.866618 -1.584357
v -45.862324 -29.890482 -5.258819
vn -0.271664 -6.233378 -0.407834
v -45.000000 -30.000000 -5.000000
vn -1.078393 -6.115884 -0.405561
v -45.868240 -29.924038 -5.000000
vn -2.037452 -5.597857 -1.584357
v -46.698448 -29.666445 -5.258819
vn -2.124021 -5.835707 -0.405562
v -46.710102 -29.698463 -5.000000
vn -2.978567 -5.159015 -1.584363
v -47.482964 -29.300617 -5.258819
vn -3.105112 -5.378215 -0.405579
v -47.500000 -29.330128 -5.000000
vn -3.829159 -4.563416 -1.584388
v -48.192036 -28.804119 -5.258819
vn -3.991854 -4.757308 -0.405592
v -48.213940 -28.830223 -5.000000
vn -4.563420 -3.829161 -1.584368
v -48.804119 -28.192036 -5.258819
vn -4.757313 -3.991853 -0.405579
v -48.830223 -28.213938 -5.000000
vn -5.159006 -2.978555 -1.584388
v -49.300617 -27.482964 -5.258819
vn -5.378215 -3.105111 -0.405578
v -49.330128 -27.500000 -5.000000
vn -5.597856 -2.037458 -1.584382
v -49.666443 -26.698446 -5.258819
vn -5.835705 -2.124022 -0.405577
v -49.698463 -26.710100 -5.000000
vn -5.866605 -1.034442 -1.584358
v -49.890484 -25.862324 -5.258819
vn -6.115888 -1.078393 -0.405540
v -49.924038 -25.868240 -5.000000
vn -5.275448 -0.930210 -3.067221
v -49.792099 -25.844976 -5.500000
vn -5.033791 -1.832149 -3.067192
v -49.572567 -26.664278 -5.500000
vn -4.639168 -2.678422 -3.067200
v -49.214100 -27.433012 -5.500000
vn -4.103584 -3.443311 -3.067183
v -48.727592 -28.127821 -5.500000
vn -3.443308 -4.103581 -3.067199
v -48.127819 -28.727592 -5.500000
vn -2.678426 -4.639156 -3.067193
v -47.433014 -29.214102 -5.500000
vn -1.832142 -5.033776 -3.067209
v -46.664280 -29.572569 -5.500000
vn -4.329281 -0.763375 -4.351594
v -49.635593 -25.817381 -5.707107
vn -4.130976 -1.503549 -4.351566
v -49.423233 -26.609926 -5.707107
vn -3.807121 -2.198041 -4.351574
v -49.076473 -27.353554 -5.707107
vn -3.367587 -2.825742 -4.351585
v -48.605854 -28.025669 -5.707107
vn -2.825746 -3.367591 -4.351584
v -48.025669 -28.605852 -5.707107
vn -2.198035 -3.807106 -4.351593
v -47.353554 -29.076473 -5.707107
vn -1.503541 -4.130952 -4.351597
v -46.609924 -29.423233 -5.707107
vn -3.086209 -0.544179 -5.350474
v -49.431633 -25.781416 -5.866025
vn -2.944821 -1.071824 -5.350469
v -49.228619 -26.539091 -5.866025
vn -2.713954 -1.566904 -5.350479
v -48.897114 -27.250000 -5.866025
vn -2.400635 -2.014372 -5.350476
v -48.447201 -27.892544 -5.866025
vn -2.014377 -2.400641 -5.350471
v -47.892544 -28.447201 -5.866025
vn -1.566905 -2.713962 -5.350475
v -47.250000 -28.897114 -5.866025
vn -1.071828 -2.944822 -5.350473
v -46.539089 -29.228617 -5.866025
vn -1.624995 -0.281964 -5.992839
v -49.194118 -25.739536 -5.965926
vn -1.549151 -0.558387 -5.993184
v -49.001980 -26.456602 -5.965926
vn -1.425656 -0.818697 -5.993531
v -48.688244 -27.129410 -5.965926
vn -1.259048 -1.054656 -5.993736
v -48.262444 -27.737516 -5.965926
vn -1.054657 -1.259050 -5.993735
v -47.737514 -28.262445 -5.965926
vn -0.818700 -1.425662 -5.993527
v -47.129410 -28.688246 -5.965926
vn -0.558388 -1.549166 -5.993177
v -46.456600 -29.001982 -5.965926
vn -0.424445 -0.087046 -6.253031
v -48.923141 -25.780361 -6.000000
vn -0.401160 -0.170394 -6.252702
v -48.695518 -26.530733 -6.000000
vn -0.363167 -0.245810 -6.252343
v -48.325878 -27.222281 -6.000000
vn -0.310843 -0.310842 -6.252200
v -47.828426 -27.828426 -6.000000
vn -0.245811 -0.363167 -6.252343
v -47.222282 -28.325878 -6.000000
vn -0.170394 -0.401159 -6.252701
v -46.530735 -28.695518 -6.000000
vn 0.072208 -1.631485 -6.004914
v 45.000000 -29.258820 -5.965926
vn 0.000000 -1.612297 -6.017169
v 39.375000 -29.258820 -5.965926
vn 0.019424 -0.421366 -6.254817
v 45.000000 -29.000000 -6.000000
vn 0.000000 -1.612297 -6.017169
v 33.750000 -29.258820 -5.965926
vn 0.000000 -1.612297 -6.017169
v 28.125000 -29.258820 -5.965926
vn 0.000000 -3.114714 -5.394849
v 28.125000 -29.500000 -5.866025
vn 0.000000 -3.114714 -5.394849
v 22.500000 -29.500000 -5.866025
vn 0.000000 -4.404872 -4.404876
v 22.500000 -29.707108 -5.707107
vn 0.000000 -4.404872 -4.404876
v 16.875000 -29.707108 -5.707107
vn 0.000000 -5.394853 -3.114705
v 16.875000 -29.866026 -5.500000
vn 0.000000 -5.394853 -3.114705
v 11.250000 -29.866026 -5.500000
vn 0.000000 -6.017173 -1.612292
v 11.250000 -29.965925 -5.258819
vn 0.000000 -6.017174 -1.612292
v 5.625000 -29.965925 -5.258819
vn 0.271665 -6.233377 -0.407835
v 45.000000 -30.000000 -5.000000
vn 0.000000 -6.017179 -1.612292
v 0.000000 -29.965925 -5.258819
vn 0.000000 -6.017174 -1.612292
v -5.625000 -29.965925 -5.258819
vn 0.000000 -6.017174 -1.612292
v -11.250000 -29.965925 -5.258819
vn 0.000000 -5.394853 -3.114705
v -5.625000 -29.866026 -5.500000
vn 0.000000 -5.394853 -3.114705
v -11.250000 -29.866026 -5.500000
vn 0.000000 -4.404872 -4.404876
v -5.625000 -29.707108 -5.707107
vn 0.000000 -4.404872 -4.404876
v -11.250000 -29.707108 -5.707107
vn 0.000000 -3.114714 -5.394849
v -5.625000 -29.500000 -5.866025
vn 0.000000 -3.114714 -5.394850
v -11.250000 -29.500000 -5.866025
vn 0.000000 -1.612297 -6.017169
v -5.625000 -29.258820 -5.965926
vn 0.000000 -1.612297 -6.017169
v -11.250000 -29.258820 -5.965926
vn 0.000000 -1.612297 -6.017169
v -16.875000 -29.258820 -5.965926
vn 0.000000 -1.612297 -6.017169
v -22.500000 -29.258820 -5.965926
vn 0.000000 -3.114714 -5.394849
v -22.500000 -29.500000 -5.866025
vn 0.000000 -3.114715 -5.394849
v -28.125000 -29.500000 -5.866025
vn 0.000000 -4.404872 -4.404876
v -28.125000 -29.707108 -5.707107
vn 0.000000 -4.404872 -4.404876
v -33.750000 -29.707108 -5.707107
vn 0.000000 -5.394853 -3.114705
v -33.750000 -29.866026 -5.500000
vn 0.000000 -5.394853 -3.114705
v -39.375000 -29.866026 -5.500000
vn 0.000000 -6.017174 -1.612292
v -39.375000 -29.965925 -5.258819
vn 0.000000 -6.017174 -1.612292
v -33.750000 -29.965925 -5.258819
vn 0.000000 -6.017174 -1.612292
v -28.125000 -29.965925 -5.258819
vn 0.000000 -5.394853 -3.114705
v -28.125000 -29.866026 -5.500000
vn 0.000000 -5.394853 -3.114705
v -22.500000 -29.866026 -5.500000
vn 0.000000 -4.404872 -4.404876
v -22.500000 -29.707108 -5.707107
vn 0.000000 -4.404872 -4.404876
v -16.875000 -29.707108 -5.707107
vn 0.000000 -3.114714 -5.394849
v -16.875000 -29.500000 -5.866025
vn 0.000000 -3.114714 -5.394849
v 39.375000 -29.500000 -5.866025
vn 0.137087 -3.124261 -5.372663
v 45.000000 -29.500000 -5.866025
vn 0.000000 -4.404872 -4.404876
v 39.375000 -29.707108 -5.707107
vn 0.192306 -4.400473 -4.378230
v 45.000000 -29.707108 -5.707107
vn 0.000000 -5.394853 -3.114705
v 39.375000 -29.866026 -5.500000
vn 0.234333 -5.375851 -3.090944
v 45.000000 -29.866026 -5.500000
vn 0.000000 -6.017174 -1.612292
v 39.375000 -29.965925 -5.258819
vn 0.260591 -5.987147 -1.598324
v 45.000000 -29.965925 -5.258819
vn 0.000000 -4.404872 -4.404876
v -39.375000 -29.707108 -5.707107
vn 0.000000 -3.114715 -5.394849
v -33.750000 -29.500000 -5.866025
vn 0.000000 -1.612297 -6.017169
v -28.125000 -29.258820 -5.965926
vn 0.000000 -3.114715 -5.394849
v -39.375000 -29.500000 -5.866025
vn 0.000000 -1.612297 -6.017169
v -33.750000 -29.258820 -5.965926
vn 0.000000 -1.612297 -6.017169
v -39.375000 -29.258820 -5.965926
vn 0.000000 -1.612298 -6.017174
v 0.000000 -29.258820 -5.965926
vn 0.000000 -1.612297 -6.017169
v 5.625000 -29.258820 -5.965926
vn 0.000000 -1.612297 -6.017169
v 11.250000 -29.258820 -5.965926
vn 0.000000 -3.114714 -5.394849
v 5.625000 -29.500000 -5.866025
vn 0.000000 -3.114714 -5.394849
v 11.250000 -29.500000 -5.866025
vn 0.000000 -4.404872 -4.404876
v 5.625000 -29.707108 -5.707107
vn 0.000000 -4.404872 -4.404876
v 11.250000 -29.707108 -5.707107
vn 0.000000 -5.394853 -3.114705
v 5.625000 -29.866026 -5.500000
vn 0.000000 -3.114714 -5.394849
v 33.750000 -29.500000 -5.866025
vn 0.000000 -4.404872 -4.404876
v 33.750000 -29.707108 -5.707107
vn 0.000000 -5.394853 -3.114705
v 33.750000 -29.866026 -5.500000
vn 0.000000 -6.017174 -1.612292
v 33.750000 -29.965925 -5.258819
vn 0.000000 -1.612297 -6.017170
v 22.500000 -29.258820 -5.965926
vn 0.000000 -1.612297 -6.017169
v 16.875000 -29.258820 -5.965926
vn 0.000000 -3.114714 -5.394849
v 16.875000 -29.500000 -5.866025
vn 0.000000 -3.114714 -5.394850
v 0.000000 -29.500000 -5.866025
vn 0.000000 -4.404872 -4.404876
v 0.000000 -29.707108 -5.707107
vn 0.000000 -5.394853 -3.114705
v 0.000000 -29.866026 -5.500000
vn 0.000000 -4.404872 -4.404876
v 28.125000 -29.707108 -5.707107
vn 0.000000 -5.394853 -3.114705
v 22.500000 -29.866026 -5.500000
vn 0.000000 -6.017174 -1.612292
v 16.875000 -29.965925 -5.258819
vn 0.000000 -5.394853 -3.114705
v 28.125000 -29.866026 -5.500000
vn 0.000000 -6.017173 -1.612292
v 28.125000 -29.965925 -5.258819
vn 0.000000 -5.394853 -3.114705
v -16.875000 -29.866026 -5.500000
vn 0.000000 -6.017174 -1.612292
v -16.875000 -29.965925 -5.258819
vn 0.000000 -6.017173 -1.612292
v 22.500000 -29.965925 -5.258819
vn 0.000000 -6.017174 -1.612292
v -22.500000 -29.965925 -5.258819
vn 0.424445 -0.087046 -6.253031
v 48.923141 -25.780361 -6.000000
vn 0.421353 -0.019424 -6.254712
v 49.000000 -25.000000 -6.000000
vn 1.624996 -0.281969 -5.992839
v 49.194118 -25.739536 -5.965926
vn 1.631485 -0.072208 -6.004913
v 49.258820 -25.000000 -5.965926
vn 3.124261 -0.137089 -5.372663
v 49.500000 -25.000000 -5.866025
vn 3.086205 -0.544180 -5.350477
v 49.431633 -25.781416 -5.866025
vn 4.400483 -0.192310 -4.378214
v 49.707108 -25.000000 -5.707107
vn 4.329285 -0.763367 -4.351593
v 49.635593 -25.817381 -5.707107
vn 5.375844 -0.234333 -3.090971
v 49.866024 -25.000000 -5.500000
vn 5.275448 -0.930202 -3.067224
v 49.792099 -25.844976 -5.500000
vn 5.987134 -0.260588 -1.598341
v 49.965927 -25.000000 -5.258819
vn 5.866605 -1.034448 -1.584353
v 49.890484 -25.862324 -5.258819
vn 6.115886 -1.078400 -0.405543
v 49.924038 -25.868240 -5.000000
vn 5.597857 -2.037456 -1.584378
v 49.666443 -26.698446 -5.258819
vn 5.835706 -2.124016 -0.405581
v 49.698463 -26.710100 -5.000000
vn 5.159009 -2.978551 -1.584386
v 49.300617 -27.482964 -5.258819
vn 5.378215 -3.105112 -0.405578
v 49.330128 -27.500000 -5.000000
vn 4.563416 -3.829166 -1.584365
v 48.804119 -28.192036 -5.258819
vn 4.757312 -3.991854 -0.405581
v 48.830223 -28.213938 -5.000000
vn 3.829164 -4.563411 -1.584388
v 48.192036 -28.804119 -5.258819
vn 3.991857 -4.757305 -0.405592
v 48.213940 -28.830223 -5.000000
vn 2.978564 -5.159015 -1.584367
v 47.482964 -29.300617 -5.258819
vn 3.105113 -5.378216 -0.405576
v 47.500000 -29.330128 -5.000000
vn 2.037452 -5.597857 -1.584359
v 46.698448 -29.666445 -5.258819
vn 2.124019 -5.835708 -0.405560
v 46.710102 -29.698463 -5.000000
vn 1.034437 -5.866618 -1.584354
v 45.862324 -29.890482 -5.258819
vn 1.078391 -6.115884 -0.405562
v 45.868240 -29.924038 -5.000000
vn 0.930208 -5.275462 -3.067194
v 45.844978 -29.792099 -5.500000
vn 1.832147 -5.033775 -3.067208
v 46.664280 -29.572569 -5.500000
vn 2.678422 -4.639157 -3.067193
v 47.433014 -29.214102 -5.500000
vn 3.443310 -4.103580 -3.067199
v 48.127819 -28.727592 -5.500000
vn 4.103580 -3.443313 -3.067186
v 48.727592 -28.127821 -5.500000
vn 4.639168 -2.678417 -3.067203
v 49.214100 -27.433012 -5.500000
vn 5.033790 -1.832156 -3.067191
v 49.572567 -26.664278 -5.500000
vn 0.763368 -4.329290 -4.351583
v 45.817379 -29.635595 -5.707107
vn 1.503544 -4.130950 -4.351598
v 46.609924 -29.423233 -5.707107
vn 2.198035 -3.807106 -4.351593
v 47.353554 -29.076473 -5.707107
vn 2.825744 -3.367593 -4.351584
v 48.025669 -28.605852 -5.707107
vn 3.367590 -2.825740 -4.351583
v 48.605854 -28.025669 -5.707107
vn 3.807119 -2.198041 -4.351573
v 49.076473 -27.353554 -5.707107
vn 4.130972 -1.503554 -4.351568
v 49.423233 -26.609926 -5.707107
vn 0.544183 -3.086203 -5.350473
v 45.781418 -29.431635 -5.866025
vn 1.071828 -2.944821 -5.350474
v 46.539089 -29.228617 -5.866025
vn 1.566906 -2.713963 -5.350474
v 47.250000 -28.897114 -5.866025
vn 2.014376 -2.400643 -5.350470
v 47.892544 -28.447201 -5.866025
vn 2.400635 -2.014370 -5.350477
v 48.447201 -27.892544 -5.866025
vn 2.713956 -1.566905 -5.350478
v 48.897114 -27.250000 -5.866025
vn 2.944819 -1.071824 -5.350470
v 49.228619 -26.539091 -5.866025
vn 0.281965 -1.624988 -5.992843
v 45.739536 -29.194118 -5.965926
vn 0.558388 -1.549166 -5.993178
v 46.456600 -29.001982 -5.965926
vn 0.818699 -1.425662 -5.993528
v 47.129410 -28.688246 -5.965926
vn 1.054657 -1.259048 -5.993735
v 47.737514 -28.262445 -5.965926
vn 1.259048 -1.054656 -5.993736
v 48.262444 -27.737516 -5.965926
vn 1.425655 -0.818698 -5.993531
v 48.688244 -27.129410 -5.965926
vn 1.549155 -0.558382 -5.993183
v 49.001980 -26.456602 -5.965926
vn 0.087045 -0.424445 -6.253032
v 45.780361 -28.923141 -6.000000
vn 0.170394 -0.401159 -6.252701
v 46.530735 -28.695518 -6.000000
vn 0.245811 -0.363167 -6.252343
v 47.222282 -28.325878 -6.000000
vn 0.310843 -0.310842 -6.252200
v 47.828426 -27.828426 -6.000000
vn 0.363167 -0.245810 -6.252343
v 48.325878 -27.222281 -6.000000
vn 0.401160 -0.170394 -6.252701
v 48.695518 -26.530733 -6.000000
vn 6.017160 0.000000 -1.612308
v 49.965927 -19.444445 -5.258819
vn 6.017160 0.000000 -1.612308
v 49.965927 -13.888889 -5.258819
vn 6.017160 0.000000 -1.612308
v 49.965927 -8.333333 -5.258819
vn 5.394847 0.000000 -3.114729
v 49.866024 -8.333333 -5.500000
vn 5.394847 0.000000 -3.114729
v 49.866024 -2.777778 -5.500000
vn 4.404882 0.000000 -4.404860
v 49.707108 -2.777778 -5.707107
vn 4.404882 0.000000 -4.404861
v 49.707108 2.777778 -5.707107
vn 3.114714 0.000000 -5.394848
v 49.500000 2.777778 -5.866025
vn 3.114714 0.000000 -5.394848
v 49.500000 8.333333 -5.866025
vn 1.612297 0.000000 -6.017169
v 49.258820 8.333333 -5.965926
vn 1.612297 0.000000 -6.017169
v 49.258820 13.888889 -5.965926
vn 1.612297 0.000000 -6.017169
v 49.258820 19.444445 -5.965926
vn 3.114714 0.000000 -5.394848
v 49.500000 19.444445 -5.866025
vn 4.404882 0.000000 -4.404861
v 49.707108 19.444445 -5.707107
vn 5.394847 0.000000 -3.114728
v 49.866024 19.444445 -5.500000
vn 6.017160 0.000000 -1.612308
v 49.965927 19.444445 -5.258819
vn 5.394847 0.000000 -3.114729
v 49.866024 -19.444445 -5.500000
vn 4.404882 0.000000 -4.404860
v 49.707108 -19.444445 -5.707107
vn 3.114714 0.000000 -5.394848
v 49.500000 -19.444445 -5.866025
vn 1.612297 0.000000 -6.017169
v 49.258820 -19.444445 -5.965926
vn 1.612297 0.000000 -6.017170
v 49.258820 -2.777778 -5.965926
vn 1.612297 0.000000 -6.017169
v 49.258820 -8.333333 -5.965926
vn 1.612296 0.000000 -6.017169
v 49.258820 -13.888889 -5.965926
vn 3.114714 0.000000 -5.394848
v 49.500000 -13.888889 -5.866025
vn 6.017162 0.000000 -1.612308
v 49.965927 2.777778 -5.258819
vn 6.017160 0.000000 -1.612308
v 49.965927 8.333333 -5.258819
vn 6.017160 0.000000 -1.612308
v 49.965927 13.888889 -5.258819
vn 5.394847 0.000000 -3.114729
v 49.866024 13.888889 -5.500000
vn 5.394847 0.000000 -3.114729
v 49.866024 -13.888889 -5.500000
vn 4.404882 0.000000 -4.404860
v 49.707108 -13.888889 -5.707107
vn 6.017160 0.000000 -1.612308
v 49.965927 -2.777778 -5.258819
vn 5.394847 0.000000 -3.114729
v 49.866024 2.777778 -5.500000
vn 5.394847 0.000000 -3.114729
v 49.866024 8.333333 -5.500000
vn 4.404882 0.000000 -4.404860
v 49.707108 8.333333 -5.707107
vn 4.404882 0.000000 -4.404860
v 49.707108 -8.333333 -5.707107
vn 3.114714 0.000000 -5.394848
v 49.500000 -2.777778 -5.866025
vn 1.612297 0.000000 -6.017169
v 49.258820 2.777778 -5.965926
vn 4.404882 0.000000 -4.404860
v 49.707108 13.888889 -5.707107
vn 3.114714 0.000000 -5.394848
v 49.500000 -8.333333 -5.866025
vn 3.114714 0.000000 -5.394848
v 49.500000 13.888889 -5.866025
vn -6.138803 0.638225 1.105281
v -35.048153 0.530582 4.131759
vn -6.173105 -0.000004 1.091712
v -35.075962 0.000000 4.131759
vn -6.138804 -0.638218 1.105280
v -35.048153 -0.530582 4.131759
vn -5.888624 -0.000003 2.149934
v -35.301537 0.000000 3.289899
vn -5.856364 -0.615532 2.149940
v -35.272495 -0.554161 3.289899
vn -5.424211 0.000001 3.142216
v -35.669872 0.000000 2.500000
vn -5.394496 -0.566990 3.142217
v -35.638813 -0.592663 2.500000
vn -4.794163 0.000000 4.038103
v -36.169777 0.000000 1.786062
vn -4.767900 -0.501123 4.038105
v -36.135979 -0.644917 1.786062
vn -4.017907 -0.000001 4.810112
v -36.786060 -0.000000 1.169778
vn -3.995896 -0.419977 4.810114
v -36.748886 -0.709337 1.169778
vn -3.119422 -0.000001 5.434595
v -37.500000 -0.000000 0.669873
vn -3.102332 -0.326068 5.434596
v -37.458916 -0.783964 0.669873
vn -2.126479 0.000001 5.892521
v -38.289898 -0.000000 0.301537
vn -2.114829 -0.222277 5.892523
v -38.244488 -0.866530 0.301537
vn -1.069748 0.000001 6.170102
v -39.131760 -0.000000 0.075961
vn -1.064084 -0.110604 6.170097
v -39.081734 -0.954529 0.075961
vn -6.030790 1.306435 1.110260
v -34.965038 1.055352 4.131759
vn -5.876054 1.881896 1.116201
v -34.827526 1.568558 4.131759
vn -5.632588 2.522587 1.106045
v -34.637123 2.064579 4.131759
vn -5.379528 2.395113 2.149933
v -34.843193 2.156329 3.289899
vn -5.099698 2.944310 2.149936
v -34.591267 2.650769 3.289899
vn -4.697504 2.712102 3.142220
v -34.910255 2.834936 2.500000
vn -4.388270 3.188278 3.142222
v -34.587025 3.332668 2.500000
vn -3.878555 2.817943 4.038105
v -34.991455 3.626504 1.786062
vn -3.562756 3.207922 4.038104
v -34.585037 4.128387 1.786062
vn -2.985884 2.688508 4.810112
v -35.043026 4.540762 1.169778
vn -2.688507 2.985888 4.810110
v -34.540760 5.043027 1.169778
vn -2.087303 2.318182 5.434594
v -35.018478 5.573586 0.669873
vn -1.833552 2.523664 5.434596
v -34.408390 6.067627 0.669873
vn -1.249915 1.720356 5.892522
v -34.872681 6.706669 0.301537
vn -1.063240 1.841583 5.892523
v -34.144951 7.179264 0.301537
vn -0.534147 0.926813 6.170109
v -34.565880 7.908335 0.075961
vn -0.434010 0.977824 6.170097
v -33.714222 8.342278 0.075961
vn -0.330570 1.017392 6.170102
v -32.821869 8.684819 0.075961
vn -0.223629 1.046181 6.170098
v -31.898600 8.932208 0.075961
vn -0.657116 2.022401 5.892523
v -32.561718 7.884163 0.301537
vn -0.442120 2.080010 5.892523
v -31.723566 8.108745 0.301537
vn -0.963954 2.966748 5.434594
v -32.317627 7.132924 0.669873
vn -0.648565 3.051257 5.434594
v -31.559338 7.336107 0.669873
vn -1.241602 3.821259 4.810111
v -32.097008 6.453928 1.169778
vn -0.835371 3.930107 4.810112
v -31.410902 6.637770 1.169778
vn -1.481476 4.559519 4.038106
v -31.906567 5.867807 1.786062
vn -0.996762 4.689398 4.038105
v -31.282768 6.034953 1.786062
vn -1.676174 5.158730 3.142217
v -31.752087 5.392370 2.500000
vn -1.127757 5.305678 3.142218
v -31.178833 5.545973 2.500000
vn -1.819684 5.600413 2.149937
v -31.638266 5.042061 3.289899
vn -1.224311 5.759942 2.149938
v -31.102251 5.185686 3.289899
vn -1.907594 5.870972 1.091709
v -31.568558 4.827526 4.131759
vn -1.290017 6.035570 1.105278
v -31.055351 4.965039 4.131759
vn -5.350196 3.078723 1.094449
v -34.395912 2.537981 4.131759
vn -4.763988 3.461255 2.149935
v -34.289032 3.116165 3.289899
vn -4.030968 3.629508 3.142222
v -34.213535 3.793885 2.500000
vn -3.207921 3.562756 4.038106
v -34.128387 4.585039 1.786062
vn -2.361669 3.250554 4.810112
v -33.988747 5.490039 1.169778
vn -1.559712 2.701499 5.434595
v -33.750000 6.495191 0.669873
vn -0.864915 1.942634 5.892524
v -33.371807 7.573200 0.301537
vn -4.993226 3.627789 1.105040
v -34.106541 2.983575 4.131759
vn -4.566667 4.148774 1.114511
v -33.772175 3.396481 4.131759
vn -4.152157 4.560543 1.135005
v -33.396481 3.772174 4.131759
vn -3.611735 5.003994 1.107591
v -32.983574 4.106539 4.131759
vn -3.461245 4.763995 2.149940
v -33.116165 4.289033 3.289899
vn -2.944311 5.099696 2.149940
v -32.650768 4.591266 3.289899
vn -2.712103 4.697503 3.142220
v -32.834938 4.910254 2.500000
vn -2.206222 4.955263 3.142220
v -32.306145 5.179687 2.500000
vn -1.949962 4.379685 4.038105
v -32.509476 5.636373 1.786062
vn -3.101078 5.336104 1.102644
v -32.537979 4.395911 4.131759
vn -2.395121 5.379524 2.149936
v -32.156330 4.843195 3.289899
vn -2.503975 5.641130 1.105278
v -32.064579 4.637121 4.131759
vn -0.621114 6.139333 1.110263
v -30.530582 5.048154 4.131759
vn -0.025999 6.169996 1.116206
v -30.000000 5.075961 4.131759
vn 0.658564 6.136429 1.106050
v -29.469418 5.048154 4.131759
vn 0.615529 5.856364 2.149937
v -29.445839 5.272494 3.289899
vn 1.224311 5.759943 2.149936
v -28.897749 5.185686 3.289899
vn 1.127757 5.305677 3.142219
v -28.821167 5.545973 2.500000
vn 1.676174 5.158730 3.142219
v -28.247913 5.392370 2.500000
vn 1.481477 4.559519 4.038105
v -28.093433 5.867807 1.786062
vn 1.949962 4.379685 4.038105
v -27.490526 5.636373 1.786062
vn 1.634231 3.670541 4.810112
v -27.239861 6.199376 1.169778
vn 2.008954 3.479610 4.810112
v -26.606970 5.876902 1.169778
vn 1.559712 2.701499 5.434595
v -26.250000 6.495191 0.669873
vn 1.833550 2.523666 5.434596
v -25.591610 6.067627 0.669873
vn 1.249912 1.720358 5.892523
v -25.127319 6.706669 0.301537
vn 1.422892 1.580280 5.892523
v -24.452974 6.160596 0.301537
vn 0.716392 0.794404 6.170110
v -23.889660 6.786220 0.075961
vn 0.795850 0.714932 6.170097
v -23.213781 6.110340 0.075961
vn 0.865445 0.628783 6.170102
v -22.612251 5.367513 0.075961
vn 0.925872 0.535973 6.170097
v -22.091665 4.565879 0.075961
vn 1.720356 1.249913 5.892523
v -23.293331 4.872681 0.301537
vn 1.841583 1.063239 5.892523
v -22.820736 4.144949 0.301537
vn 2.523666 1.833552 5.434594
v -23.932373 4.408390 0.669873
vn 2.701499 1.559712 5.434594
v -23.504810 3.750000 0.669873
vn 3.250557 2.361667 4.810111
v -24.509960 3.988747 1.169778
vn 3.479612 2.008952 4.810112
v -24.123098 3.393031 1.169778
vn 3.878560 2.817934 4.038107
v -25.008545 3.626504 1.786062
vn 4.151867 2.397079 4.038105
v -24.656816 3.084889 1.786062
vn 4.388279 3.188268 3.142218
v -25.412977 3.332668 2.500000
vn 4.697502 2.712109 3.142216
v -25.089746 2.834936 2.500000
vn 4.763999 3.461243 2.149935
v -25.710966 3.116165 3.289899
vn 5.099697 2.944313 2.149934
v -25.408735 2.650769 3.289899
vn 4.994148 3.628460 1.091705
v -25.893461 2.983575 4.131759
vn 5.341530 3.091975 1.105273
v -25.604088 2.537981 4.131759
vn 1.274733 6.039718 1.094450
v -28.944649 4.965039 4.131759
vn 1.819684 5.600414 2.149936
v -28.361734 5.042061 3.289899
vn 2.206225 4.955263 3.142217
v -27.693855 5.179687 2.500000
vn 2.397079 4.151868 4.038105
v -26.915112 5.343184 1.786062
vn 2.361666 3.250557 4.810112
v -26.011253 5.490039 1.169778
vn 2.087302 2.318182 5.434595
v -24.981520 5.573586 0.669873
vn 1.580282 1.422891 5.892522
v -23.839405 5.547025 0.301537
vn 1.907241 5.869886 1.105046
v -28.431442 4.827526 4.131759
vn 2.534535 5.625200 1.114516
v -27.935421 4.637121 4.131759
vn 3.054238 5.358226 1.135012
v -27.462019 4.395911 4.131759
vn 3.642991 4.981287 1.107594
v -27.016424 4.106539 4.131759
vn 3.461245 4.763996 2.149936
v -26.883835 4.289033 3.289899
vn 3.940258 4.376100 2.149937
v -26.452579 3.939810 3.289899
vn 3.629505 4.030972 3.142220
v -26.206114 4.213537 2.500000
vn 4.030975 3.629501 3.142220
v -25.786463 3.793885 2.500000
vn 3.562758 3.207921 4.038105
v -25.414961 4.128387 1.786062
vn 4.116652 4.598246 1.102643
v -26.603519 3.772174 4.131759
vn 4.376099 3.940259 2.149935
v -26.060190 3.547421 3.289899
vn 4.591264 4.124626 1.105277
v -26.227825 3.396481 4.131759
vn 5.646921 2.487869 1.110262
v -25.362879 2.064579 4.131759
vn 5.859979 1.931366 1.116205
v -25.172474 1.568558 4.131759
vn 6.039599 1.269932 1.106051
v -25.034960 1.055352 4.131759
vn 5.759942 1.224319 2.149934
v -24.814314 1.102252 3.289899
vn 5.856366 0.615524 2.149935
v -24.727505 0.554161 3.289899
vn 5.394497 0.566981 3.142216
v -24.361187 0.592663 2.500000
vn 5.424211 -0.000001 3.142216
v -24.330128 0.000000 2.500000
vn 4.794161 -0.000000 4.038107
v -23.830223 0.000000 1.786062
vn 4.767900 -0.501122 4.038105
v -23.864021 -0.644917 1.786062
vn 3.995896 -0.419987 4.810113
v -23.251112 -0.709337 1.169778
vn 3.930107 -0.835373 4.810111
v -23.362230 -1.410902 1.169778
vn 3.051255 -0.648566 5.434595
v -22.663893 -1.559338 0.669873
vn 2.966747 -0.963955 5.434595
v -22.867077 -2.317627 0.669873
vn 2.022401 -0.657118 5.892523
v -22.115837 -2.561720 0.301537
vn 1.942634 -0.864916 5.892523
v -22.426800 -3.371806 0.301537
vn 0.976900 -0.435844 6.170110
v -21.657722 -3.714221 0.075961
vn 0.925873 -0.535972 6.170097
v -22.091665 -4.565879 0.075961
vn 0.865445 -0.628783 6.170102
v -22.612251 -5.367513 0.075961
vn 0.795850 -0.714932 6.170098
v -23.213781 -6.110340 0.075961
vn 1.720356 -1.249913 5.892523
v -23.293331 -4.872681 0.301537
vn 1.580282 -1.422891 5.892523
v -23.839405 -5.547025 0.301537
vn 2.523667 -1.833551 5.434594
v -23.932373 -4.408390 0.669873
vn 2.318185 -2.087301 5.434594
v -24.426414 -5.018479 0.669873
vn 3.250556 -2.361667 4.810112
v -24.509960 -3.988747 1.169778
vn 2.985889 -2.688506 4.810110
v -24.956974 -4.540762 1.169778
vn 3.878559 -2.817935 4.038106
v -25.008545 -3.626504 1.786062
vn 3.562759 -3.207919 4.038105
v -25.414961 -4.128387 1.786062
vn 4.388280 -3.188267 3.142218
v -25.412977 -3.332668 2.500000
vn 4.030976 -3.629502 3.142219
v -25.786463 -3.793885 2.500000
vn 4.763999 -3.461243 2.149934
v -25.710966 -3.116165 3.289899
vn 4.376099 -3.940258 2.149937
v -26.060190 -3.547421 3.289899
vn 4.994146 -3.628463 1.091706
v -25.893461 -2.983575 4.131759
vn 4.591265 -4.124625 1.105277
v -26.227825 -3.396481 4.131759
vn 6.138028 0.654028 1.094449
v -24.951845 0.530582 4.131759
vn 5.888624 0.000001 2.149932
v -24.698463 0.000000 3.289899
vn 5.394497 -0.566979 3.142217
v -24.361187 -0.592663 2.500000
vn 4.689400 -0.996761 4.038105
v -23.965046 -1.282769 1.786062
vn 3.821259 -1.241603 4.810111
v -23.546072 -2.097008 1.169778
vn 2.849733 -1.268783 5.434596
v -23.148409 -3.050525 0.669873
vn 1.841583 -1.063239 5.892524
v -22.820736 -4.144949 0.301537
vn 6.171965 0.000002 1.105044
v -24.924038 0.000000 4.131759
vn 6.133097 -0.672204 1.114518
v -24.951845 -0.530582 4.131759
vn 6.039786 -1.248973 1.135011
v -25.034960 -1.055352 4.131759
vn 5.863230 -1.925391 1.107591
v -25.172474 -1.568558 4.131759
vn 5.600412 -1.819687 2.149937
v -24.957939 -1.638265 3.289899
vn 5.379523 -2.395122 2.149938
v -25.156805 -2.156329 3.289899
vn 4.955261 -2.206228 3.142218
v -24.820312 -2.306145 2.500000
vn 4.697500 -2.712109 3.142220
v -25.089746 -2.834936 2.500000
vn 4.151867 -2.397080 4.038105
v -24.656816 -3.084889 1.786062
vn 5.645309 -2.494231 1.102640
v -25.362879 -2.064579 4.131759
vn 5.099699 -2.944311 2.149932
v -25.408735 -2.650769 3.289899
vn 5.341532 -3.091972 1.105274
v -25.604088 -2.537981 4.131759
vn 4.111099 -4.601745 1.110265
v -26.603519 -3.772174 4.131759
vn 3.647669 -4.976347 1.116208
v -27.016424 -4.106539 4.131759
vn 3.074113 -5.351570 1.106050
v -27.462019 -4.395911 4.131759
vn 2.944313 -5.099697 2.149935
v -27.349232 -4.591266 3.289899
vn 2.395121 -5.379524 2.149935
v -27.843670 -4.843195 3.289899
vn 2.206226 -4.955263 3.142218
v -27.693855 -5.179687 2.500000
vn 1.676174 -5.158730 3.142217
v -28.247913 -5.392370 2.500000
vn 1.481478 -4.559519 4.038106
v -28.093433 -5.867807 1.786062
vn 0.996762 -4.689398 4.038105
v -28.717232 -6.034953 1.786062
vn 0.835370 -3.930107 4.810112
v -28.589098 -6.637770 1.169778
vn 0.419986 -3.995897 4.810112
v -29.290663 -6.748887 1.169778
vn 0.326068 -3.102334 5.434595
v -29.216036 -7.458914 0.669873
vn 0.000000 -3.119423 5.434595
v -30.000000 -7.500000 0.669873
vn 0.000000 -2.126479 5.892522
v -30.000000 -8.289899 0.301537
vn -0.222278 -2.114828 5.892523
v -30.866531 -8.244487 0.301537
vn -0.112634 -1.063771 6.170109
v -30.954529 -9.081735 0.075961
vn -0.223630 -1.046181 6.170097
v -31.898600 -8.932208 0.075961
vn -0.330570 -1.017392 6.170102
v -32.821869 -8.684819 0.075961
vn -0.434010 -0.977824 6.170098
v -33.714222 -8.342278 0.075961
vn -0.657116 -2.022402 5.892523
v -32.561718 -7.884163 0.301537
vn -0.864916 -1.942635 5.892523
v -33.371807 -7.573200 0.301537
vn -0.963954 -2.966748 5.434594
v -32.317627 -7.132924 0.669873
vn -1.268783 -2.849734 5.434596
v -33.050526 -6.851591 0.669873
vn -1.241602 -3.821257 4.810112
v -32.097008 -6.453928 1.169778
vn -1.634229 -3.670543 4.810111
v -32.760139 -6.199376 1.169778
vn -1.481476 -4.559520 4.038105
v -31.906567 -5.867807 1.786062
vn -1.949962 -4.379683 4.038106
v -32.509476 -5.636373 1.786062
vn -1.676174 -5.158729 3.142219
v -31.752087 -5.392370 2.500000
vn -2.206223 -4.955264 3.142218
v -32.306145 -5.179687 2.500000
vn -1.819684 -5.600414 2.149936
v -31.638266 -5.042061 3.289899
vn -2.395120 -5.379524 2.149937
v -32.156330 -4.843195 3.289899
vn -1.907594 -5.870972 1.091709
v -31.568558 -4.827526 4.131759
vn -2.503974 -5.641130 1.105279
v -32.064579 -4.637121 4.131759
vn 2.518774 -5.635505 1.094448
v -27.935421 -4.637121 4.131759
vn 1.819684 -5.600413 2.149937
v -28.361734 -5.042061 3.289899
vn 1.127757 -5.305678 3.142218
v -28.821167 -5.545973 2.500000
vn 0.501127 -4.767900 4.038105
v -29.355083 -6.135979 1.786062
vn 0.000000 -4.017908 4.810111
v -30.000000 -6.786062 1.169778
vn -0.326069 -3.102334 5.434595
v -30.783964 -7.458914 0.669873
vn -0.442120 -2.080009 5.892523
v -31.723566 -8.108745 0.301537
vn 1.907241 -5.869887 1.105046
v -28.431442 -4.827526 4.131759
vn 1.255927 -6.040645 1.114517
v -28.944649 -4.965039 4.131759
vn 0.678553 -6.130132 1.135009
v -29.469418 -5.048154 4.131759
vn -0.019314 -6.171241 1.107593
v -30.000000 -5.075961 4.131759
vn 0.000001 -5.888623 2.149936
v -30.000000 -5.301537 3.289899
vn -0.615529 -5.856364 2.149937
v -30.554161 -5.272494 3.289899
vn -0.566983 -5.394495 3.142219
v -30.592663 -5.638813 2.500000
vn -1.127757 -5.305677 3.142219
v -31.178833 -5.545973 2.500000
vn -0.996762 -4.689399 4.038105
v -31.282768 -6.034953 1.786062
vn -0.627660 -6.139767 1.102643
v -30.530582 -5.048154 4.131759
vn -1.224311 -5.759943 2.149936
v -31.102251 -5.185686 3.289899
vn -1.290017 -6.035570 1.105278
v -31.055351 -4.965039 4.131759
vn -3.106119 -5.331906 1.110263
v -32.537979 -4.395911 4.131759
vn -3.605596 -5.006916 1.116202
v -32.983574 -4.106539 4.131759
vn -4.139690 -4.577385 1.106045
v -33.396481 -3.772174 4.131759
vn -3.940262 -4.376097 2.149936
v -33.547421 -3.939810 3.289899
vn -4.376101 -3.940257 2.149935
v -33.939808 -3.547421 3.289899
vn -4.030969 -3.629510 3.142217
v -34.213535 -3.793885 2.500000
vn -4.388271 -3.188277 3.142222
v -34.587025 -3.332668 2.500000
vn -3.878554 -2.817945 4.038105
v -34.991455 -3.626504 1.786062
vn -4.151868 -2.397078 4.038105
v -35.343185 -3.084889 1.786062
vn -3.479613 -2.008953 4.810111
v -35.876904 -3.393031 1.169778
vn -3.670545 -1.634231 4.810110
v -36.199375 -2.760140 1.169778
vn -2.849735 -1.268783 5.434594
v -36.851589 -3.050525 0.669873
vn -2.966748 -0.963956 5.434594
v -37.132923 -2.317627 0.669873
vn -2.022400 -0.657118 5.892523
v -37.884163 -2.561720 0.301537
vn -2.080007 -0.442120 5.892524
v -38.108746 -1.723567 0.301537
vn -1.046512 -0.221602 6.170110
v -38.932209 -1.898600 0.075961
vn -4.581334 -4.136971 1.094442
v -33.772175 -3.396481 4.131759
vn -4.763989 -3.461255 2.149932
v -34.289032 -3.116165 3.289899
vn -4.697504 -2.712104 3.142220
v -34.910255 -2.834936 2.500000
vn -4.379688 -1.949955 4.038104
v -35.636372 -2.509475 1.786062
vn -3.821256 -1.241605 4.810112
v -36.453930 -2.097008 1.169778
vn -3.051259 -0.648569 5.434592
v -37.336105 -1.559338 0.669873
vn -4.993223 -3.627792 1.105043
v -34.106541 -2.983575 4.131759
vn -5.356894 -3.061118 1.114517
v -34.395912 -2.537981 4.131759
vn -5.620419 -2.539658 1.135005
v -34.637123 -2.064579 4.131759
vn -5.875172 -1.888636 1.107590
v -34.827526 -1.568558 4.131759
vn -5.600416 -1.819685 2.149930
v -35.042061 -1.638265 3.289899
vn -5.759943 -1.224319 2.149933
v -35.185684 -1.102252 3.289899
vn -5.305675 -1.127760 3.142220
v -35.545971 -1.178833 2.500000
vn -6.033225 -1.300345 1.102643
v -34.965038 -1.055352 4.131759
vn -1.017394 -0.330572 6.170108
v -38.684818 -2.821869 0.075961
vn -1.942633 -0.864915 5.892524
v -37.573200 -3.371806 0.301537
vn -2.701501 -1.559711 5.434593
v -36.495190 -3.750000 0.669873
vn -3.250554 -2.361671 4.810111
v -35.490040 -3.988747 1.169778
vn -3.562756 -3.207919 4.038107
v -34.585037 -4.128387 1.786062
vn -3.629509 -4.030968 3.142219
v -33.793884 -4.213537 2.500000
vn -3.461246 -4.763995 2.149939
v -33.116165 -4.289033 3.289899
vn -0.976901 -0.435844 6.170110
v -38.342278 -3.714221 0.075961
vn -1.841582 -1.063238 5.892524
v -37.179264 -4.144949 0.301537
vn -2.523666 -1.833552 5.434594
v -36.067627 -4.408390 0.669873
vn -2.985886 -2.688508 4.810111
v -35.043026 -4.540762 1.169778
vn -3.207922 -3.562756 4.038105
v -34.128387 -4.585039 1.786062
vn -3.188275 -4.388274 3.142219
v -33.332668 -4.587024 2.500000
vn -2.944313 -5.099694 2.149940
v -32.650768 -4.591266 3.289899
vn -0.925872 -0.535971 6.170098
v -37.908337 -4.565879 0.075961
vn -1.720356 -1.249913 5.892523
v -36.706669 -4.872681 0.301537
vn -2.318182 -2.087303 5.434594
v -35.573586 -5.018479 0.669873
vn -2.688506 -2.985890 4.810110
v -34.540760 -5.043027 1.169778
vn -2.817938 -3.878561 4.038102
v -33.626503 -4.991455 1.786062
vn -2.712104 -4.697504 3.142218
v -32.834938 -4.910254 2.500000
vn -0.865445 -0.628783 6.170102
v -37.387749 -5.367513 0.075961
vn -1.580280 -1.422891 5.892523
v -36.160595 -5.547025 0.301537
vn -2.087303 -2.318182 5.434595
v -35.018478 -5.573586 0.669873
vn -2.361670 -3.250552 4.810113
v -33.988747 -5.490039 1.169778
vn -2.397084 -4.151864 4.038106
v -33.084888 -5.343184 1.786062
vn -0.795848 -0.714931 6.170098
v -36.786221 -6.110340 0.075961
vn -0.716391 -0.794404 6.170110
v -36.110340 -6.786220 0.075961
vn -0.628784 -0.865447 6.170107
v -35.367512 -7.387748 0.075961
vn -0.534147 -0.926813 6.170109
v -34.565880 -7.908335 0.075961
vn -0.000000 -1.069751 6.170108
v -30.000000 -9.131759 0.075961
vn 0.222278 -2.114828 5.892523
v -29.133469 -8.244487 0.301537
vn 0.648565 -3.051257 5.434594
v -28.440662 -7.336107 0.669873
vn 1.241602 -3.821258 4.810111
v -27.902992 -6.453928 1.169778
vn 1.949961 -4.379685 4.038105
v -27.490526 -5.636373 1.786062
vn 2.712102 -4.697505 3.142219
v -27.165064 -4.910254 2.500000
vn 3.461245 -4.763996 2.149936
v -26.883835 -4.289033 3.289899
vn 0.112634 -1.063771 6.170109
v -29.045471 -9.081735 0.075961
vn 0.442120 -2.080010 5.892523
v -28.276434 -8.108745 0.301537
vn 0.963953 -2.966748 5.434595
v -27.682373 -7.132924 0.669873
vn 1.634230 -3.670541 4.810112
v -27.239861 -6.199376 1.169778
vn 2.397079 -4.151867 4.038105
v -26.915112 -5.343184 1.786062
vn 3.188268 -4.388278 3.142220
v -26.667332 -4.587024 2.500000
vn 3.940257 -4.376100 2.149938
v -26.452579 -3.939810 3.289899
vn 0.223629 -1.046181 6.170098
v -28.101400 -8.932208 0.075961
vn 0.657117 -2.022401 5.892523
v -27.438280 -7.884163 0.301537
vn 1.268784 -2.849735 5.434595
v -26.949474 -6.851591 0.669873
vn 2.008954 -3.479610 4.810112
v -26.606970 -5.876902 1.169778
vn 2.817937 -3.878560 4.038105
v -26.373495 -4.991455 1.786062
vn 3.629505 -4.030972 3.142220
v -26.206114 -4.213537 2.500000
vn 0.330571 -1.017392 6.170102
v -27.178131 -8.684819 0.075961
vn 0.864917 -1.942634 5.892523
v -26.628195 -7.573200 0.301537
vn 1.559712 -2.701499 5.434594
v -26.250000 -6.495191 0.669873
vn 2.361666 -3.250557 4.810112
v -26.011253 -5.490039 1.169778
vn 3.207920 -3.562757 4.038105
v -25.871613 -4.585039 1.786062
vn 0.434010 -0.977824 6.170098
v -26.285778 -8.342278 0.075961
vn 0.534146 -0.926813 6.170110
v -25.434120 -7.908335 0.075961
vn 0.628784 -0.865446 6.170108
v -24.632486 -7.387748 0.075961
vn 0.716392 -0.794404 6.170110
v -23.889660 -6.786220 0.075961
vn 1.017394 -0.330571 6.170108
v -21.315182 -2.821869 0.075961
vn 2.080009 -0.442119 5.892523
v -21.891254 -1.723567 0.301537
vn 3.102337 -0.326068 5.434593
v -22.541086 -0.783964 0.669873
vn 4.017907 -0.000001 4.810112
v -23.213938 0.000000 1.169778
vn 4.767898 0.501121 4.038107
v -23.864021 0.644917 1.786062
vn 5.305677 1.127755 3.142219
v -24.454027 1.178833 2.500000
vn 5.600412 1.819686 2.149936
v -24.957939 1.638265 3.289899
vn 1.046512 -0.221602 6.170110
v -21.067791 -1.898600 0.075961
vn 2.114830 -0.222277 5.892523
v -21.755514 -0.866530 0.301537
vn 3.119423 -0.000001 5.434594
v -22.500000 0.000000 0.669873
vn 3.995898 0.419987 4.810111
v -23.251112 0.709337 1.169778
vn 4.689398 0.996762 4.038105
v -23.965046 1.282769 1.786062
vn 5.158730 1.676171 3.142220
v -24.607630 1.752087 2.500000
vn 5.379524 2.395119 2.149937
v -25.156805 2.156329 3.289899
vn 1.064083 -0.110604 6.170098
v -20.918266 -0.954529 0.075961
vn 2.126477 -0.000000 5.892524
v -21.710100 0.000000 0.301537
vn 3.102335 0.326069 5.434593
v -22.541086 0.783964 0.669873
vn 3.930108 0.835373 4.810110
v -23.362230 1.410902 1.169778
vn 4.559520 1.481482 4.038102
v -24.132193 1.906566 1.786062
vn 4.955261 2.206230 3.142218
v -24.820312 2.306145 2.500000
vn 1.069749 -0.000000 6.170102
v -20.868240 0.000000 0.075961
vn 2.114830 0.222278 5.892523
v -21.755514 0.866530 0.301537
vn 3.051255 0.648564 5.434595
v -22.663893 1.559338 0.669873
vn 3.821258 1.241604 4.810112
v -23.546072 2.097008 1.169778
vn 4.379685 1.949965 4.038102
v -24.363628 2.509475 1.786062
vn 1.064083 0.110604 6.170098
v -20.918266 0.954529 0.075961
vn 1.046512 0.221602 6.170111
v -21.067791 1.898600 0.075961
vn 1.017394 0.330572 6.170108
v -21.315182 2.821869 0.075961
vn 0.976900 0.435844 6.170110
v -21.657722 3.714221 0.075961
vn 0.628783 0.865446 6.170108
v -24.632486 7.387748 0.075961
vn 1.063239 1.841584 5.892522
v -25.855051 7.179264 0.301537
vn 1.268784 2.849735 5.434595
v -26.949474 6.851591 0.669873
vn 1.241601 3.821257 4.810112
v -27.902992 6.453928 1.169778
vn 0.996762 4.689399 4.038104
v -28.717232 6.034953 1.786062
vn 0.566983 5.394495 3.142219
v -29.407337 5.638813 2.500000
vn -0.000001 5.888623 2.149936
v -30.000000 5.301537 3.289899
vn 0.534146 0.926813 6.170109
v -25.434120 7.908335 0.075961
vn 0.864917 1.942634 5.892522
v -26.628195 7.573200 0.301537
vn 0.963954 2.966748 5.434595
v -27.682373 7.132924 0.669873
vn 0.835371 3.930107 4.810112
v -28.589098 6.637770 1.169778
vn 0.501127 4.767899 4.038105
v -29.355083 6.135979 1.786062
vn -0.000000 5.424210 3.142218
v -30.000000 5.669873 2.500000
vn -0.615529 5.856364 2.149936
v -30.554161 5.272494 3.289899
vn 0.434010 0.977823 6.170097
v -26.285778 8.342278 0.075961
vn 0.657117 2.022400 5.892523
v -27.438280 7.884163 0.301537
vn 0.648564 3.051257 5.434594
v -28.440662 7.336107 0.669873
vn 0.419986 3.995898 4.810112
v -29.290663 6.748887 1.169778
vn 0.000000 4.794162 4.038105
v -30.000000 6.169778 1.786062
vn -0.566983 5.394495 3.142220
v -30.592663 5.638813 2.500000
vn 0.330570 1.017393 6.170102
v -27.178131 8.684819 0.075961
vn 0.442120 2.080010 5.892523
v -28.276434 8.108745 0.301537
vn 0.326069 3.102334 5.434595
v -29.216036 7.458914 0.669873
vn -0.000000 4.017908 4.810111
v -30.000000 6.786062 1.169778
vn -0.501127 4.767899 4.038105
v -30.644917 6.135979 1.786062
vn 0.223630 1.046181 6.170097
v -28.101400 8.932208 0.075961
vn 0.112634 1.063771 6.170110
v -29.045471 9.081735 0.075961
vn 0.000000 1.069751 6.170108
v -30.000000 9.131759 0.075961
vn -0.112634 1.063771 6.170109
v -30.954529 9.081735 0.075961
vn -0.628784 0.865447 6.170108
v -35.367512 7.387748 0.075961
vn -1.422891 1.580281 5.892523
v -35.547024 6.160596 0.301537
vn -2.318182 2.087303 5.434594
v -35.573586 5.018479 0.669873
vn -3.250554 2.361671 4.810112
v -35.490040 3.988747 1.169778
vn -4.151867 2.397079 4.038105
v -35.343185 3.084889 1.786062
vn -4.955266 2.206216 3.142220
v -35.179688 2.306145 2.500000
vn -5.600414 1.819684 2.149936
v -35.042061 1.638265 3.289899
vn -0.716390 0.794404 6.170110
v -36.110340 6.786220 0.075961
vn -1.580279 1.422891 5.892524
v -36.160595 5.547025 0.301537
vn -2.523667 1.833552 5.434593
v -36.067627 4.408390 0.669873
vn -3.479615 2.008951 4.810110
v -35.876904 3.393031 1.169778
vn -4.379692 1.949952 4.038103
v -35.636372 2.509475 1.786062
vn -5.158736 1.676164 3.142214
v -35.392368 1.752087 2.500000
vn -5.759942 1.224317 2.149935
v -35.185684 1.102252 3.289899
vn -0.795848 0.714931 6.170098
v -36.786221 6.110340 0.075961
vn -1.720355 1.249913 5.892523
v -36.706669 4.872681 0.301537
vn -2.701502 1.559710 5.434594
v -36.495190 3.750000 0.669873
vn -3.670543 1.634230 4.810111
v -36.199375 2.760140 1.169778
vn -4.559513 1.481482 4.038110
v -35.867805 1.906566 1.786062
vn -5.305674 1.127766 3.142221
v -35.545971 1.178833 2.500000
vn -5.856363 0.615537 2.149939
v -35.272495 0.554161 3.289899
vn -0.865445 0.628783 6.170102
v -37.387749 5.367513 0.075961
vn -1.841581 1.063238 5.892524
v -37.179264 4.144949 0.301537
vn -2.849734 1.268785 5.434594
v -36.851589 3.050525 0.669873
vn -3.821254 1.241608 4.810114
v -36.453930 2.097008 1.169778
vn -4.689392 0.996767 4.038113
v -36.034954 1.282769 1.786062
vn -5.394495 0.566986 3.142219
v -35.638813 0.592663 2.500000
vn -0.925872 0.535972 6.170098
v -37.908337 4.565879 0.075961
vn -0.976901 0.435844 6.170110
v -38.342278 3.714221 0.075961
vn -1.017394 0.330572 6.170108
v -38.684818 2.821869 0.075961
vn -1.046512 0.221602 6.170110
v -38.932209 1.898600 0.075961
vn -1.064084 0.110603 6.170097
v -39.081734 0.954529 0.075961
vn 5.856365 -0.615526 2.149935
v -24.727505 -0.554161 3.289899
vn 5.305678 -1.127756 3.142218
v -24.454027 -1.178833 2.500000
vn 4.559518 -1.481482 4.038104
v -24.132193 -1.906566 1.786062
vn 3.670541 -1.634231 4.810112
v -23.800625 -2.760140 1.169778
vn 2.701498 -1.559712 5.434595
v -23.504810 -3.750000 0.669873
vn -4.767901 0.501119 4.038104
v -36.135979 0.644917 1.786062
vn -3.995898 0.419981 4.810111
v -36.748886 0.709337 1.169778
vn -3.930113 0.835364 4.810110
v -36.637772 1.410902 1.169778
vn -3.102329 0.326071 5.434597
v -37.458916 0.783964 0.669873
vn -3.051257 0.648567 5.434593
v -37.336105 1.559338 0.669873
vn -2.966750 0.963956 5.434593
v -37.132923 2.317627 0.669873
vn -2.114830 0.222275 5.892523
v -38.244488 0.866530 0.301537
vn -2.080007 0.442122 5.892524
v -38.108746 1.723567 0.301537
vn -2.022400 0.657117 5.892524
v -37.884163 2.561720 0.301537
vn -1.942632 0.864915 5.892524
v -37.573200 3.371806 0.301537
vn -4.376104 3.940257 2.149929
v -33.939808 3.547421 3.289899
vn -3.629508 4.030970 3.142218
v -33.793884 4.213537 2.500000
vn -2.817937 3.878559 4.038105
v -33.626503 4.991455 1.786062
vn -2.008955 3.479609 4.810113
v -33.393032 5.876902 1.169778
vn -1.268783 2.849735 5.434595
v -33.050526 6.851591 0.669873
vn -3.940263 4.376096 2.149934
v -33.547421 3.939810 3.289899
vn -3.188277 4.388275 3.142216
v -33.332668 4.587024 2.500000
vn -2.397084 4.151865 4.038104
v -33.084888 5.343184 1.786062
vn -1.634229 3.670542 4.810112
v -32.760139 6.199376 1.169778
vn -0.419986 3.995897 4.810112
v -30.709337 6.748887 1.169778
vn -0.326068 3.102334 5.434594
v -30.783964 7.458914 0.669873
vn -0.222278 2.114829 5.892523
v -30.866531 8.244487 0.301537
vn -0.000000 3.119423 5.434595
v -30.000000 7.500000 0.669873
vn -0.000000 2.126479 5.892522
v -30.000000 8.289899 0.301537
vn 0.222278 2.114828 5.892523
v -29.133469 8.244487 0.301537
vn 2.395121 5.379524 2.149937
v -27.843670 4.843195 3.289899
vn 2.712102 4.697505 3.142218
v -27.165064 4.910254 2.500000
vn 2.817936 3.878560 4.038105
v -26.373495 4.991455 1.786062
vn 2.688506 2.985888 4.810112
v -25.459238 5.043027 1.169778
vn 2.318184 2.087301 5.434594
v -24.426414 5.018479 0.669873
vn 2.944312 5.099697 2.149936
v -27.349232 4.591266 3.289899
vn 3.188269 4.388278 3.142219
v -26.667332 4.587024 2.500000
vn 3.207921 3.562757 4.038105
v -25.871613 4.585039 1.786062
vn 2.985889 2.688507 4.810110
v -24.956974 4.540762 1.169778
vn 3.670541 1.634230 4.810112
v -23.800625 2.760140 1.169778
vn 2.849733 1.268782 5.434596
v -23.148409 3.050525 0.669873
vn 1.942634 0.864916 5.892523
v -22.426800 3.371806 0.301537
vn 2.966747 0.963955 5.434595
v -22.867077 2.317627 0.669873
vn 2.022400 0.657118 5.892523
v -22.115837 2.561720 0.301537
vn 2.080009 0.442119 5.892523
v -21.891254 1.723567 0.301537
vn 5.759942 -1.224317 2.149936
v -24.814314 -1.102252 3.289899
vn 5.158731 -1.676172 3.142218
v -24.607630 -1.752087 2.500000
vn 4.379686 -1.949964 4.038103
v -24.363628 -2.509475 1.786062
vn 3.479612 -2.008952 4.810111
v -24.123098 -3.393031 1.169778
vn 2.688506 -2.985888 4.810112
v -25.459238 -5.043027 1.169778
vn 2.087303 -2.318182 5.434594
v -24.981520 -5.573586 0.669873
vn 1.422892 -1.580280 5.892523
v -24.452974 -6.160596 0.301537
vn 1.833550 -2.523666 5.434595
v -25.591610 -6.067627 0.669873
vn 1.249912 -1.720357 5.892523
v -25.127319 -6.706669 0.301537
vn 1.063239 -1.841584 5.892522
v -25.855051 -7.179264 0.301537
vn 1.224311 -5.759943 2.149938
v -28.897749 -5.185686 3.289899
vn 0.566983 -5.394495 3.142220
v -29.407337 -5.638813 2.500000
vn -0.000000 -4.794162 4.038105
v -30.000000 -6.169778 1.786062
vn -0.419986 -3.995898 4.810112
v -30.709337 -6.748887 1.169778
vn -0.648565 -3.051257 5.434593
v -31.559338 -7.336107 0.669873
vn 0.615529 -5.856364 2.149936
v -29.445839 -5.272494 3.289899
vn 0.000000 -5.424210 3.142219
v -30.000000 -5.669873 2.500000
vn -0.501127 -4.767899 4.038105
v -30.644917 -6.135979 1.786062
vn -0.835371 -3.930107 4.810112
v -31.410902 -6.637770 1.169778
vn -2.008955 -3.479610 4.810112
v -33.393032 -5.876902 1.169778
vn -1.559712 -2.701499 5.434594
v -33.750000 -6.495191 0.669873
vn -1.063240 -1.841583 5.892523
v -34.144951 -7.179264 0.301537
vn -1.833553 -2.523664 5.434595
v -34.408390 -6.067627 0.669873
vn -1.249914 -1.720356 5.892523
v -34.872681 -6.706669 0.301537
vn -1.422892 -1.580280 5.892523
v -35.547024 -6.160596 0.301537
vn -5.099698 -2.944308 2.149937
v -34.591267 -2.650769 3.289899
vn -4.955266 -2.206213 3.142221
v -35.179688 -2.306145 2.500000
vn -4.559515 -1.481479 4.038107
v -35.867805 -1.906566 1.786062
vn -3.930107 -0.835368 4.810112
v -36.637772 -1.410902 1.169778
vn -5.379528 -2.395114 2.149933
v -34.843193 -2.156329 3.289899
vn -5.158731 -1.676167 3.142220
v -35.392368 -1.752087 2.500000
vn -4.689394 -0.996764 4.038110
v -36.034954 -1.282769 1.786062
vn -6.138804 0.638214 1.105282
v 24.951845 0.530582 4.131759
vn -6.173106 -0.000002 1.091709
v 24.924038 0.000000 4.131759
vn -6.138805 -0.638211 1.105281
v 24.951845 -0.530582 4.131759
vn -5.888624 -0.000001 2.149932
v 24.698463 0.000000 3.289899
vn -5.856365 -0.615524 2.149936
v 24.727505 -0.554161 3.289899
vn -5.424211 0.000001 3.142216
v 24.330128 0.000000 2.500000
vn -5.394497 -0.566981 3.142216
v 24.361187 -0.592663 2.500000
vn -4.794160 0.000000 4.038107
v 23.830223 0.000000 1.786062
vn -4.767898 -0.501121 4.038107
v 23.864021 -0.644917 1.786062
vn -4.017907 0.000001 4.810112
v 23.213938 -0.000000 1.169778
vn -3.995898 -0.419987 4.810112
v 23.251112 -0.709337 1.169778
vn -3.119423 0.000001 5.434594
v 22.500000 -0.000000 0.669873
vn -3.102335 -0.326069 5.434593
v 22.541086 -0.783964 0.669873
vn -2.126477 0.000000 5.892523
v 21.710100 -0.000000 0.301537
vn -2.114829 -0.222278 5.892522
v 21.755514 -0.866530 0.301537
vn -1.069749 0.000000 6.170102
v 20.868240 -0.000000 0.075961
vn -1.064083 -0.110604 6.170098
v 20.918266 -0.954529 0.075961
vn -6.030788 1.306443 1.110264
v 25.034960 1.055352 4.131759
vn -5.876048 1.881912 1.116202
v 25.172474 1.568558 4.131759
vn -5.632585 2.522593 1.106048
v 25.362879 2.064579 4.131759
vn -5.379523 2.395121 2.149938
v 25.156805 2.156329 3.289899
vn -5.099699 2.944311 2.149932
v 25.408735 2.650769 3.289899
vn -4.697500 2.712109 3.142219
v 25.089746 2.834936 2.500000
vn -4.388280 3.188267 3.142218
v 25.412977 3.332668 2.500000
vn -3.878559 2.817935 4.038106
v 25.008545 3.626504 1.786062
vn -3.562759 3.207919 4.038105
v 25.414961 4.128387 1.786062
vn -2.985889 2.688506 4.810110
v 24.956974 4.540762 1.169778
vn -2.688506 2.985888 4.810112
v 25.459238 5.043027 1.169778
vn -2.087303 2.318182 5.434594
v 24.981520 5.573586 0.669873
vn -1.833550 2.523666 5.434594
v 25.591610 6.067627 0.669873
vn -1.249912 1.720357 5.892523
v 25.127319 6.706669 0.301537
vn -1.063239 1.841584 5.892523
v 25.855051 7.179264 0.301537
vn -0.534146 0.926813 6.170110
v 25.434120 7.908335 0.075961
vn -0.434010 0.977823 6.170098
v 26.285778 8.342278 0.075961
vn -0.330571 1.017392 6.170102
v 27.178131 8.684819 0.075961
vn -0.223629 1.046181 6.170097
v 28.101400 8.932208 0.075961
vn -0.657117 2.022401 5.892523
v 27.438280 7.884163 0.301537
vn -0.442120 2.080010 5.892523
v 28.276434 8.108745 0.301537
vn -0.963953 2.966748 5.434595
v 27.682373 7.132924 0.669873
vn -0.648565 3.051257 5.434594
v 28.440662 7.336107 0.669873
vn -1.241602 3.821258 4.810111
v 27.902992 6.453928 1.169778
vn -0.835371 3.930107 4.810112
v 28.589098 6.637770 1.169778
vn -1.481478 4.559519 4.038106
v 28.093433 5.867807 1.786062
vn -0.996762 4.689398 4.038105
v 28.717232 6.034953 1.786062
vn -1.676174 5.158730 3.142217
v 28.247913 5.392370 2.500000
vn -1.127757 5.305678 3.142218
v 28.821167 5.545973 2.500000
vn -1.819684 5.600413 2.149937
v 28.361734 5.042061 3.289899
vn -1.224311 5.759942 2.149938
v 28.897749 5.185686 3.289899
vn -1.907594 5.870972 1.091709
v 28.431442 4.827526 4.131759
vn -1.290017 6.035570 1.105278
v 28.944649 4.965039 4.131759
vn -5.350200 3.078718 1.094449
v 25.604088 2.537981 4.131759
vn -4.763999 3.461243 2.149934
v 25.710966 3.116165 3.289899
vn -4.030976 3.629502 3.142219
v 25.786463 3.793885 2.500000
vn -3.207920 3.562757 4.038105
v 25.871613 4.585039 1.786062
vn -2.361666 3.250557 4.810112
v 26.011253 5.490039 1.169778
vn -1.559712 2.701499 5.434595
v 26.250000 6.495191 0.669873
vn -0.864917 1.942634 5.892523
v 26.628195 7.573200 0.301537
vn -4.993223 3.627790 1.105047
v 25.893461 2.983575 4.131759
vn -4.566670 4.148768 1.114515
v 26.227825 3.396481 4.131759
vn -4.152160 4.560539 1.135009
v 26.603519 3.772174 4.131759
vn -3.611742 5.003990 1.107593
v 27.016424 4.106539 4.131759
vn -3.461245 4.763995 2.149936
v 26.883835 4.289033 3.289899
vn -2.944313 5.099697 2.149934
v 27.349232 4.591266 3.289899
vn -2.712102 4.697505 3.142219
v 27.165064 4.910254 2.500000
vn -2.206226 4.955263 3.142218
v 27.693855 5.179687 2.500000
vn -1.949961 4.379685 4.038105
v 27.490526 5.636373 1.786062
vn -3.101075 5.336106 1.102645
v 27.462019 4.395911 4.131759
vn -2.395121 5.379524 2.149935
v 27.843670 4.843195 3.289899
vn -2.503971 5.641132 1.105279
v 27.935421 4.637121 4.131759
vn -0.621114 6.139333 1.110263
v 29.469418 5.048154 4.131759
vn -0.025999 6.169996 1.116206
v 30.000000 5.075961 4.131759
vn 0.658564 6.136429 1.106050
v 30.530582 5.048154 4.131759
vn 0.615529 5.856364 2.149937
v 30.554161 5.272494 3.289899
vn 1.224311 5.759943 2.149936
v 31.102251 5.185686 3.289899
vn 1.127757 5.305677 3.142219
v 31.178833 5.545973 2.500000
vn 1.676174 5.158729 3.142219
v 31.752087 5.392370 2.500000
vn 1.481476 4.559520 4.038104
v 31.906567 5.867807 1.786062
vn 1.949962 4.379684 4.038106
v 32.509476 5.636373 1.786062
vn 1.634229 3.670543 4.810111
v 32.760139 6.199376 1.169778
vn 2.008955 3.479610 4.810112
v 33.393032 5.876902 1.169778
vn 1.559712 2.701499 5.434595
v 33.750000 6.495191 0.669873
vn 1.833553 2.523664 5.434595
v 34.408390 6.067627 0.669873
vn 1.249914 1.720357 5.892523
v 34.872681 6.706669 0.301537
vn 1.422892 1.580280 5.892523
v 35.547024 6.160596 0.301537
vn 0.716391 0.794404 6.170110
v 36.110340 6.786220 0.075961
vn 0.795848 0.714931 6.170098
v 36.786221 6.110340 0.075961
vn 0.865445 0.628783 6.170102
v 37.387749 5.367513 0.075961
vn 0.925872 0.535971 6.170098
v 37.908337 4.565879 0.075961
vn 1.720356 1.249913 5.892523
v 36.706669 4.872681 0.301537
vn 1.841582 1.063238 5.892523
v 37.179264 4.144949 0.301537
vn 2.523666 1.833552 5.434594
v 36.067627 4.408390 0.669873
vn 2.701501 1.559711 5.434593
v 36.495190 3.750000 0.669873
vn 3.250555 2.361671 4.810111
v 35.490040 3.988747 1.169778
vn 3.479614 2.008953 4.810110
v 35.876904 3.393031 1.169778
vn 3.878554 2.817945 4.038105
v 34.991455 3.626504 1.786062
vn 4.151868 2.397078 4.038105
v 35.343185 3.084889 1.786062
vn 4.388271 3.188277 3.142222
v 34.587025 3.332668 2.500000
vn 4.697503 2.712104 3.142220
v 34.910255 2.834936 2.500000
vn 4.763989 3.461255 2.149932
v 34.289032 3.116165 3.289899
vn 5.099698 2.944309 2.149937
v 34.591267 2.650769 3.289899
vn 4.994146 3.628464 1.091705
v 34.106541 2.983575 4.131759
vn 5.341532 3.091972 1.105276
v 34.395912 2.537981 4.131759
vn 1.274733 6.039718 1.094450
v 31.055351 4.965039 4.131759
vn 1.819684 5.600414 2.149936
v 31.638266 5.042061 3.289899
vn 2.206223 4.955263 3.142217
v 32.306145 5.179687 2.500000
vn 2.397084 4.151864 4.038105
v 33.084888 5.343184 1.786062
vn 2.361670 3.250552 4.810113
v 33.988747 5.490039 1.169778
vn 2.087303 2.318182 5.434595
v 35.018478 5.573586 0.669873
vn 1.580280 1.422891 5.892523
v 36.160595 5.547025 0.301537
vn 1.907241 5.869886 1.105046
v 31.568558 4.827526 4.131759
vn 2.534537 5.625200 1.114516
v 32.064579 4.637121 4.131759
vn 3.054243 5.358223 1.135007
v 32.537979 4.395911 4.131759
vn 3.642987 4.981289 1.107590
v 32.983574 4.106539 4.131759
vn 3.461246 4.763995 2.149939
v 33.116165 4.289033 3.289899
vn 3.940262 4.376096 2.149936
v 33.547421 3.939810 3.289899
vn 3.629509 4.030968 3.142219
v 33.793884 4.213537 2.500000
vn 4.030969 3.629510 3.142217
v 34.213535 3.793885 2.500000
vn 3.562756 3.207919 4.038107
v 34.585037 4.128387 1.786062
vn 4.116648 4.598251 1.102638
v 33.396481 3.772174 4.131759
vn 4.376101 3.940257 2.149935
v 33.939808 3.547421 3.289899
vn 4.591263 4.124630 1.105269
v 33.772175 3.396481 4.131759
vn 5.646921 2.487872 1.110259
v 34.637123 2.064579 4.131759
vn 5.859985 1.931345 1.116208
v 34.827526 1.568558 4.131759
vn 6.039600 1.269924 1.106054
v 34.965038 1.055352 4.131759
vn 5.759943 1.224319 2.149933
v 35.185684 1.102252 3.289899
vn 5.856364 0.615532 2.149940
v 35.272495 0.554161 3.289899
vn 5.394496 0.566990 3.142217
v 35.638813 0.592663 2.500000
vn 5.424211 -0.000001 3.142216
v 35.669872 0.000000 2.500000
vn 4.794164 -0.000000 4.038104
v 36.169777 0.000000 1.786062
vn 4.767901 -0.501119 4.038104
v 36.135979 -0.644917 1.786062
vn 3.995898 -0.419981 4.810111
v 36.748886 -0.709337 1.169778
vn 3.930113 -0.835364 4.810109
v 36.637772 -1.410902 1.169778
vn 3.051256 -0.648567 5.434593
v 37.336105 -1.559338 0.669873
vn 2.966750 -0.963955 5.434593
v 37.132923 -2.317627 0.669873
vn 2.022400 -0.657117 5.892524
v 37.884163 -2.561720 0.301537
vn 1.942632 -0.864915 5.892524
v 37.573200 -3.371806 0.301537
vn 0.976901 -0.435844 6.170110
v 38.342278 -3.714221 0.075961
vn 0.925872 -0.535972 6.170098
v 37.908337 -4.565879 0.075961
vn 0.865445 -0.628783 6.170102
v 37.387749 -5.367513 0.075961
vn 0.795848 -0.714931 6.170098
v 36.786221 -6.110340 0.075961
vn 1.720356 -1.249913 5.892523
v 36.706669 -4.872681 0.301537
vn 1.580279 -1.422891 5.892523
v 36.160595 -5.547025 0.301537
vn 2.523667 -1.833552 5.434594
v 36.067627 -4.408390 0.669873
vn 2.318182 -2.087303 5.434594
v 35.573586 -5.018479 0.669873
vn 3.250553 -2.361671 4.810111
v 35.490040 -3.988747 1.169778
vn 2.985884 -2.688508 4.810112
v 35.043026 -4.540762 1.169778
vn 3.878555 -2.817944 4.038105
v 34.991455 -3.626504 1.786062
vn 3.562756 -3.207922 4.038104
v 34.585037 -4.128387 1.786062
vn 4.388271 -3.188278 3.142222
v 34.587025 -3.332668 2.500000
vn 4.030968 -3.629508 3.142222
v 34.213535 -3.793885 2.500000
vn 4.763988 -3.461255 2.149935
v 34.289032 -3.116165 3.289899
vn 4.376104 -3.940257 2.149929
v 33.939808 -3.547421 3.289899
vn 4.994149 -3.628461 1.091703
v 34.106541 -2.983575 4.131759
vn 4.591263 -4.124629 1.105272
v 33.772175 -3.396481 4.131759
vn 6.138025 0.654037 1.094453
v 35.048153 0.530582 4.131759
vn 5.888623 0.000003 2.149934
v 35.301537 0.000000 3.289899
vn 5.394495 -0.566986 3.142219
v 35.638813 -0.592663 2.500000
vn 4.689392 -0.996767 4.038113
v 36.034954 -1.282769 1.786062
vn 3.821254 -1.241608 4.810114
v 36.453930 -2.097008 1.169778
vn 2.849734 -1.268785 5.434594
v 36.851589 -3.050525 0.669873
vn 1.841582 -1.063238 5.892524
v 37.179264 -4.144949 0.301537
vn 6.171964 0.000004 1.105050
v 35.075962 0.000000 4.131759
vn 6.133095 -0.672217 1.114523
v 35.048153 -0.530582 4.131759
vn 6.039788 -1.248964 1.135012
v 34.965038 -1.055352 4.131759
vn 5.863235 -1.925376 1.107592
v 34.827526 -1.568558 4.131759
vn 5.600414 -1.819684 2.149935
v 35.042061 -1.638265 3.289899
vn 5.379528 -2.395113 2.149933
v 34.843193 -2.156329 3.289899
vn 4.955266 -2.206216 3.142220
v 35.179688 -2.306145 2.500000
vn 4.697504 -2.712102 3.142220
v 34.910255 -2.834936 2.500000
vn 4.151867 -2.397079 4.038105
v 35.343185 -3.084889 1.786062
vn 5.645312 -2.494225 1.102640
v 34.637123 -2.064579 4.131759
vn 5.099698 -2.944310 2.149936
v 34.591267 -2.650769 3.289899
vn 5.341529 -3.091977 1.105277
v 34.395912 -2.537981 4.131759
vn 4.111096 -4.601748 1.110260
v 33.396481 -3.772174 4.131759
vn 3.647662 -4.976353 1.116203
v 32.983574 -4.106539 4.131759
vn 3.074115 -5.351569 1.106048
v 32.537979 -4.395911 4.131759
vn 2.944311 -5.099696 2.149940
v 32.650768 -4.591266 3.289899
vn 2.395121 -5.379524 2.149936
v 32.156330 -4.843195 3.289899
vn 2.206222 -4.955263 3.142220
v 32.306145 -5.179687 2.500000
vn 1.676174 -5.158730 3.142217
v 31.752087 -5.392370 2.500000
vn 1.481476 -4.559519 4.038106
v 31.906567 -5.867807 1.786062
vn 0.996762 -4.689398 4.038105
v 31.282768 -6.034953 1.786062
vn 0.835370 -3.930107 4.810112
v 31.410902 -6.637770 1.169778
vn 0.419986 -3.995897 4.810112
v 30.709337 -6.748887 1.169778
vn 0.326068 -3.102334 5.434595
v 30.783964 -7.458914 0.669873
vn 0.000000 -3.119423 5.434595
v 30.000000 -7.500000 0.669873
vn 0.000000 -2.126479 5.892522
v 30.000000 -8.289899 0.301537
vn -0.222278 -2.114828 5.892523
v 29.133469 -8.244487 0.301537
vn -0.112634 -1.063771 6.170109
v 29.045471 -9.081735 0.075961
vn -0.223630 -1.046181 6.170097
v 28.101400 -8.932208 0.075961
vn -0.330570 -1.017393 6.170102
v 27.178131 -8.684819 0.075961
vn -0.434010 -0.977823 6.170097
v 26.285778 -8.342278 0.075961
vn -0.657117 -2.022400 5.892523
v 27.438280 -7.884163 0.301537
vn -0.864917 -1.942634 5.892522
v 26.628195 -7.573200 0.301537
vn -0.963954 -2.966748 5.434594
v 27.682373 -7.132924 0.669873
vn -1.268784 -2.849735 5.434595
v 26.949474 -6.851591 0.669873
vn -1.241602 -3.821257 4.810112
v 27.902992 -6.453928 1.169778
vn -1.634231 -3.670541 4.810112
v 27.239861 -6.199376 1.169778
vn -1.481477 -4.559519 4.038105
v 28.093433 -5.867807 1.786062
vn -1.949962 -4.379684 4.038105
v 27.490526 -5.636373 1.786062
vn -1.676174 -5.158730 3.142219
v 28.247913 -5.392370 2.500000
vn -2.206225 -4.955263 3.142217
v 27.693855 -5.179687 2.500000
vn -1.819684 -5.600414 2.149936
v 28.361734 -5.042061 3.289899
vn -2.395121 -5.379524 2.149937
v 27.843670 -4.843195 3.289899
vn -1.907594 -5.870972 1.091709
v 28.431442 -4.827526 4.131759
vn -2.503971 -5.641131 1.105279
v 27.935421 -4.637121 4.131759
vn 2.518778 -5.635503 1.094448
v 32.064579 -4.637121 4.131759
vn 1.819684 -5.600413 2.149937
v 31.638266 -5.042061 3.289899
vn 1.127757 -5.305678 3.142218
v 31.178833 -5.545973 2.500000
vn 0.501127 -4.767900 4.038105
v 30.644917 -6.135979 1.786062
vn 0.000000 -4.017908 4.810111
v 30.000000 -6.786062 1.169778
vn -0.326069 -3.102334 5.434595
v 29.216036 -7.458914 0.669873
vn -0.442120 -2.080010 5.892523
v 28.276434 -8.108745 0.301537
vn 1.907241 -5.869887 1.105046
v 31.568558 -4.827526 4.131759
vn 1.255927 -6.040645 1.114517
v 31.055351 -4.965039 4.131759
vn 0.678553 -6.130132 1.135009
v 30.530582 -5.048154 4.131759
vn -0.019314 -6.171241 1.107593
v 30.000000 -5.075961 4.131759
vn 0.000001 -5.888623 2.149936
v 30.000000 -5.301537 3.289899
vn -0.615529 -5.856364 2.149937
v 29.445839 -5.272494 3.289899
vn -0.566983 -5.394495 3.142219
v 29.407337 -5.638813 2.500000
vn -1.127757 -5.305677 3.142219
v 28.821167 -5.545973 2.500000
vn -0.996762 -4.689399 4.038105
v 28.717232 -6.034953 1.786062
vn -0.627660 -6.139767 1.102643
v 29.469418 -5.048154 4.131759
vn -1.224311 -5.759943 2.149936
v 28.897749 -5.185686 3.289899
vn -1.290017 -6.035570 1.105278
v 28.944649 -4.965039 4.131759
vn -3.106116 -5.331907 1.110264
v 27.462019 -4.395911 4.131759
vn -3.605600 -5.006913 1.116207
v 27.016424 -4.106539 4.131759
vn -4.139692 -4.577382 1.106050
v 26.603519 -3.772174 4.131759
vn -3.940258 -4.376099 2.149937
v 26.452579 -3.939810 3.289899
vn -4.376099 -3.940259 2.149935
v 26.060190 -3.547421 3.289899
vn -4.030975 -3.629501 3.142220
v 25.786463 -3.793885 2.500000
vn -4.388279 -3.188268 3.142218
v 25.412977 -3.332668 2.500000
vn -3.878560 -2.817933 4.038107
v 25.008545 -3.626504 1.786062
vn -4.151867 -2.397079 4.038106
v 24.656816 -3.084889 1.786062
vn -3.479612 -2.008952 4.810112
v 24.123098 -3.393031 1.169778
vn -3.670541 -1.634230 4.810112
v 23.800625 -2.760140 1.169778
vn -2.849733 -1.268783 5.434596
v 23.148409 -3.050525 0.669873
vn -2.966747 -0.963955 5.434595
v 22.867077 -2.317627 0.669873
vn -2.022401 -0.657118 5.892523
v 22.115837 -2.561720 0.301537
vn -2.080009 -0.442119 5.892523
v 21.891254 -1.723567 0.301537
vn -1.046512 -0.221602 6.170110
v 21.067791 -1.898600 0.075961
vn -4.581337 -4.136966 1.094449
v 26.227825 -3.396481 4.131759
vn -4.763999 -3.461243 2.149935
v 25.710966 -3.116165 3.289899
vn -4.697502 -2.712109 3.142216
v 25.089746 -2.834936 2.500000
vn -4.379685 -1.949966 4.038103
v 24.363628 -2.509475 1.786062
vn -3.821258 -1.241604 4.810112
v 23.546072 -2.097008 1.169778
vn -3.051255 -0.648564 5.434595
v 22.663893 -1.559338 0.669873
vn -4.993225 -3.627788 1.105045
v 25.893461 -2.983575 4.131759
vn -5.356891 -3.061124 1.114514
v 25.604088 -2.537981 4.131759
vn -5.620420 -2.539653 1.135006
v 25.362879 -2.064579 4.131759
vn -5.875167 -1.888653 1.107592
v 25.172474 -1.568558 4.131759
vn -5.600412 -1.819686 2.149936
v 24.957939 -1.638265 3.289899
vn -5.759942 -1.224319 2.149933
v 24.814314 -1.102252 3.289899
vn -5.305677 -1.127755 3.142219
v 24.454027 -1.178833 2.500000
vn -6.033222 -1.300354 1.102648
v 25.034960 -1.055352 4.131759
vn -1.017394 -0.330572 6.170108
v 21.315182 -2.821869 0.075961
vn -1.942634 -0.864916 5.892523
v 22.426800 -3.371806 0.301537
vn -2.701499 -1.559712 5.434594
v 23.504810 -3.750000 0.669873
vn -3.250557 -2.361667 4.810111
v 24.509960 -3.988747 1.169778
vn -3.562758 -3.207921 4.038105
v 25.414961 -4.128387 1.786062
vn -3.629505 -4.030972 3.142220
v 26.206114 -4.213537 2.500000
vn -3.461245 -4.763996 2.149936
v 26.883835 -4.289033 3.289899
vn -0.976900 -0.435844 6.170110
v 21.657722 -3.714221 0.075961
vn -1.841583 -1.063239 5.892523
v 22.820736 -4.144949 0.301537
vn -2.523666 -1.833552 5.434594
v 23.932373 -4.408390 0.669873
vn -2.985889 -2.688507 4.810110
v 24.956974 -4.540762 1.169778
vn -3.207921 -3.562757 4.038105
v 25.871613 -4.585039 1.786062
vn -3.188268 -4.388278 3.142219
v 26.667332 -4.587024 2.500000
vn -2.944312 -5.099697 2.149936
v 27.349232 -4.591266 3.289899
vn -0.925872 -0.535973 6.170097
v 22.091665 -4.565879 0.075961
vn -1.720356 -1.249913 5.892523
v 23.293331 -4.872681 0.301537
vn -2.318184 -2.087301 5.434594
v 24.426414 -5.018479 0.669873
vn -2.688506 -2.985888 4.810112
v 25.459238 -5.043027 1.169778
vn -2.817936 -3.878561 4.038105
v 26.373495 -4.991455 1.786062
vn -2.712103 -4.697505 3.142218
v 27.165064 -4.910254 2.500000
vn -0.865445 -0.628782 6.170102
v 22.612251 -5.367513 0.075961
vn -1.580282 -1.422891 5.892522
v 23.839405 -5.547025 0.301537
vn -2.087302 -2.318182 5.434595
v 24.981520 -5.573586 0.669873
vn -2.361666 -3.250557 4.810112
v 26.011253 -5.490039 1.169778
vn -2.397079 -4.151868 4.038105
v 26.915112 -5.343184 1.786062
vn -0.795850 -0.714932 6.170097
v 23.213781 -6.110340 0.075961
vn -0.716392 -0.794404 6.170110
v 23.889660 -6.786220 0.075961
vn -0.628783 -0.865446 6.170108
v 24.632486 -7.387748 0.075961
vn -0.534146 -0.926813 6.170110
v 25.434120 -7.908335 0.075961
vn -0.000000 -1.069751 6.170108
v 30.000000 -9.131759 0.075961
vn 0.222278 -2.114828 5.892523
v 30.866531 -8.244487 0.301537
vn 0.648565 -3.051257 5.434594
v 31.559338 -7.336107 0.669873
vn 1.241602 -3.821258 4.810111
v 32.097008 -6.453928 1.169778
vn 1.949962 -4.379685 4.038105
v 32.509476 -5.636373 1.786062
vn 2.712103 -4.697504 3.142220
v 32.834938 -4.910254 2.500000
vn 3.461245 -4.763995 2.149940
v 33.116165 -4.289033 3.289899
vn 0.112634 -1.063771 6.170109
v 30.954529 -9.081735 0.075961
vn 0.442120 -2.080010 5.892523
v 31.723566 -8.108745 0.301537
vn 0.963953 -2.966748 5.434594
v 32.317627 -7.132924 0.669873
vn 1.634229 -3.670542 4.810111
v 32.760139 -6.199376 1.169778
vn 2.397084 -4.151865 4.038104
v 33.084888 -5.343184 1.786062
vn 3.188277 -4.388275 3.142216
v 33.332668 -4.587024 2.500000
vn 3.940263 -4.376096 2.149934
v 33.547421 -3.939810 3.289899
vn 0.223629 -1.046181 6.170098
v 31.898600 -8.932208 0.075961
vn 0.657116 -2.022401 5.892523
v 32.561718 -7.884163 0.301537
vn 1.268783 -2.849735 5.434595
v 33.050526 -6.851591 0.669873
vn 2.008955 -3.479609 4.810112
v 33.393032 -5.876902 1.169778
vn 2.817937 -3.878559 4.038105
v 33.626503 -4.991455 1.786062
vn 3.629508 -4.030970 3.142218
v 33.793884 -4.213537 2.500000
vn 0.330570 -1.017392 6.170102
v 32.821869 -8.684819 0.075961
vn 0.864915 -1.942634 5.892523
v 33.371807 -7.573200 0.301537
vn 1.559712 -2.701499 5.434595
v 33.750000 -6.495191 0.669873
vn 2.361669 -3.250554 4.810112
v 33.988747 -5.490039 1.169778
vn 3.207921 -3.562756 4.038106
v 34.128387 -4.585039 1.786062
vn 0.434010 -0.977824 6.170097
v 33.714222 -8.342278 0.075961
vn 0.534147 -0.926814 6.170110
v 34.565880 -7.908335 0.075961
vn 0.628784 -0.865447 6.170108
v 35.367512 -7.387748 0.075961
vn 0.716390 -0.794404 6.170110
v 36.110340 -6.786220 0.075961
vn 1.017394 -0.330572 6.170108
v 38.684818 -2.821869 0.075961
vn 2.080007 -0.442122 5.892524
v 38.108746 -1.723567 0.301537
vn 3.102329 -0.326071 5.434598
v 37.458916 -0.783964 0.669873
vn 4.017906 0.000001 4.810112
v 36.786060 0.000000 1.169778
vn 4.767900 0.501123 4.038105
v 36.135979 0.644917 1.786062
vn 5.305675 1.127760 3.142220
v 35.545971 1.178833 2.500000
vn 5.600415 1.819685 2.149930
v 35.042061 1.638265 3.289899
vn 1.046512 -0.221602 6.170110
v 38.932209 -1.898600 0.075961
vn 2.114830 -0.222275 5.892523
v 38.244488 -0.866530 0.301537
vn 3.119422 0.000001 5.434595
v 37.500000 0.000000 0.669873
vn 3.995896 0.419977 4.810114
v 36.748886 0.709337 1.169778
vn 4.689394 0.996764 4.038110
v 36.034954 1.282769 1.786062
vn 5.158731 1.676167 3.142220
v 35.392368 1.752087 2.500000
vn 5.379528 2.395113 2.149933
v 34.843193 2.156329 3.289899
vn 1.064084 -0.110603 6.170097
v 39.081734 -0.954529 0.075961
vn 2.126479 -0.000001 5.892522
v 38.289898 0.000000 0.301537
vn 3.102332 0.326068 5.434596
v 37.458916 0.783964 0.669873
vn 3.930107 0.835368 4.810112
v 36.637772 1.410902 1.169778
vn 4.559515 1.481479 4.038107
v 35.867805 1.906566 1.786062
vn 4.955266 2.206213 3.142221
v 35.179688 2.306145 2.500000
vn 1.069749 -0.000001 6.170102
v 39.131760 0.000000 0.075961
vn 2.114829 0.222277 5.892523
v 38.244488 0.866530 0.301537
vn 3.051259 0.648569 5.434592
v 37.336105 1.559338 0.669873
vn 3.821256 1.241605 4.810113
v 36.453930 2.097008 1.169778
vn 4.379688 1.949955 4.038104
v 35.636372 2.509475 1.786062
vn 1.064084 0.110604 6.170097
v 39.081734 0.954529 0.075961
vn 1.046512 0.221602 6.170111
v 38.932209 1.898600 0.075961
vn 1.017394 0.330572 6.170108
v 38.684818 2.821869 0.075961
vn 0.976901 0.435844 6.170110
v 38.342278 3.714221 0.075961
vn 0.628784 0.865447 6.170107
v 35.367512 7.387748 0.075961
vn 1.063240 1.841583 5.892523
v 34.144951 7.179264 0.301537
vn 1.268783 2.849734 5.434595
v 33.050526 6.851591 0.669873
vn 1.241601 3.821257 4.810112
v 32.097008 6.453928 1.169778
vn 0.996762 4.689399 4.038104
v 31.282768 6.034953 1.786062
vn 0.566983 5.394495 3.142219
v 30.592663 5.638813 2.500000
vn -0.000001 5.888623 2.149936
v 30.000000 5.301537 3.289899
vn 0.534147 0.926813 6.170109
v 34.565880 7.908335 0.075961
vn 0.864916 1.942635 5.892523
v 33.371807 7.573200 0.301537
vn 0.963954 2.966748 5.434594
v 32.317627 7.132924 0.669873
vn 0.835371 3.930107 4.810112
v 31.410902 6.637770 1.169778
vn 0.501127 4.767899 4.038105
v 30.644917 6.135979 1.786062
vn -0.000000 5.424210 3.142218
v 30.000000 5.669873 2.500000
vn -0.615529 5.856364 2.149936
v 29.445839 5.272494 3.289899
vn 0.434010 0.977824 6.170098
v 33.714222 8.342278 0.075961
vn 0.657116 2.022402 5.892523
v 32.561718 7.884163 0.301537
vn 0.648565 3.051257 5.434593
v 31.559338 7.336107 0.669873
vn 0.419986 3.995898 4.810112
v 30.709337 6.748887 1.169778
vn 0.000000 4.794162 4.038105
v 30.000000 6.169778 1.786062
vn -0.566983 5.394495 3.142220
v 29.407337 5.638813 2.500000
vn 0.330570 1.017392 6.170102
v 32.821869 8.684819 0.075961
vn 0.442120 2.080009 5.892523
v 31.723566 8.108745 0.301537
vn 0.326069 3.102334 5.434595
v 30.783964 7.458914 0.669873
vn -0.000000 4.017908 4.810111
v 30.000000 6.786062 1.169778
vn -0.501127 4.767899 4.038105
v 29.355083 6.135979 1.786062
vn 0.223629 1.046181 6.170097
v 31.898600 8.932208 0.075961
vn 0.112634 1.063771 6.170110
v 30.954529 9.081735 0.075961
vn 0.000000 1.069751 6.170108
v 30.000000 9.131759 0.075961
vn -0.112634 1.063771 6.170109
v 29.045471 9.081735 0.075961
vn -0.628784 0.865446 6.170108
v 24.632486 7.387748 0.075961
vn -1.422892 1.580280 5.892523
v 24.452974 6.160596 0.301537
vn -2.318185 2.087301 5.434594
v 24.426414 5.018479 0.669873
vn -3.250556 2.361667 4.810112
v 24.509960 3.988747 1.169778
vn -4.151867 2.397080 4.038105
v 24.656816 3.084889 1.786062
vn -4.955261 2.206228 3.142218
v 24.820312 2.306145 2.500000
vn -5.600411 1.819687 2.149937
v 24.957939 1.638265 3.289899
vn -0.716392 0.794404 6.170109
v 23.889660 6.786220 0.075961
vn -1.580282 1.422891 5.892523
v 23.839405 5.547025 0.301537
vn -2.523667 1.833551 5.434594
v 23.932373 4.408390 0.669873
vn -3.479613 2.008952 4.810111
v 24.123098 3.393031 1.169778
vn -4.379686 1.949964 4.038103
v 24.363628 2.509475 1.786062
vn -5.158731 1.676172 3.142218
v 24.607630 1.752087 2.500000
vn -5.759942 1.224317 2.149936
v 24.814314 1.102252 3.289899
vn -0.795850 0.714932 6.170097
v 23.213781 6.110340 0.075961
vn -1.720356 1.249913 5.892523
v 23.293331 4.872681 0.301537
vn -2.701498 1.559712 5.434595
v 23.504810 3.750000 0.669873
vn -3.670541 1.634231 4.810112
v 23.800625 2.760140 1.169778
vn -4.559518 1.481482 4.038105
v 24.132193 1.906566 1.786062
vn -5.305677 1.127756 3.142218
v 24.454027 1.178833 2.500000
vn -5.856365 0.615526 2.149935
v 24.727505 0.554161 3.289899
vn -0.865445 0.628783 6.170102
v 22.612251 5.367513 0.075961
vn -1.841583 1.063239 5.892523
v 22.820736 4.144949 0.301537
vn -2.849733 1.268783 5.434596
v 23.148409 3.050525 0.669873
vn -3.821258 1.241603 4.810110
v 23.546072 2.097008 1.169778
vn -4.689399 0.996761 4.038105
v 23.965046 1.282769 1.786062
vn -5.394497 0.566979 3.142217
v 24.361187 0.592663 2.500000
vn -0.925873 0.535972 6.170097
v 22.091665 4.565879 0.075961
vn -0.976900 0.435844 6.170110
v 21.657722 3.714221 0.075961
vn -1.017394 0.330571 6.170107
v 21.315182 2.821869 0.075961
vn -1.046512 0.221602 6.170110
v 21.067791 1.898600 0.075961
vn -1.064083 0.110604 6.170097
v 20.918266 0.954529 0.075961
vn 5.856363 -0.615537 2.149939
v 35.272495 -0.554161 3.289899
vn 5.305674 -1.127766 3.142221
v 35.545971 -1.178833 2.500000
vn 4.559513 -1.481482 4.038110
v 35.867805 -1.906566 1.786062
vn 3.670543 -1.634230 4.810111
v 36.199375 -2.760140 1.169778
vn 2.701502 -1.559710 5.434593
v 36.495190 -3.750000 0.669873
vn -4.767900 0.501122 4.038105
v 23.864021 0.644917 1.786062
vn -3.995897 0.419987 4.810113
v 23.251112 0.709337 1.169778
vn -3.930107 0.835373 4.810111
v 23.362230 1.410902 1.169778
vn -3.102337 0.326068 5.434593
v 22.541086 0.783964 0.669873
vn -3.051255 0.648566 5.434595
v 22.663893 1.559338 0.669873
vn -2.966747 0.963955 5.434595
v 22.867077 2.317627 0.669873
vn -2.114829 0.222277 5.892523
v 21.755514 0.866530 0.301537
vn -2.080009 0.442119 5.892523
v 21.891254 1.723567 0.301537
vn -2.022400 0.657118 5.892523
v 22.115837 2.561720 0.301537
vn -1.942634 0.864916 5.892523
v 22.426800 3.371806 0.301537
vn -4.376099 3.940258 2.149937
v 26.060190 3.547421 3.289899
vn -3.629505 4.030972 3.142220
v 26.206114 4.213537 2.500000
vn -2.817938 3.878560 4.038105
v 26.373495 4.991455 1.786062
vn -2.008954 3.479610 4.810112
v 26.606970 5.876902 1.169778
vn -1.268784 2.849734 5.434595
v 26.949474 6.851591 0.669873
vn -3.940257 4.376100 2.149938
v 26.452579 3.939810 3.289899
vn -3.188268 4.388278 3.142220
v 26.667332 4.587024 2.500000
vn -2.397079 4.151867 4.038105
v 26.915112 5.343184 1.786062
vn -1.634229 3.670541 4.810112
v 27.239861 6.199376 1.169778
vn -0.419986 3.995897 4.810112
v 29.290663 6.748887 1.169778
vn -0.326068 3.102334 5.434594
v 29.216036 7.458914 0.669873
vn -0.222278 2.114829 5.892523
v 29.133469 8.244487 0.301537
vn -0.000000 3.119423 5.434595
v 30.000000 7.500000 0.669873
vn -0.000000 2.126479 5.892522
v 30.000000 8.289899 0.301537
vn 0.222278 2.114828 5.892523
v 30.866531 8.244487 0.301537
vn 2.395120 5.379524 2.149937
v 32.156330 4.843195 3.289899
vn 2.712104 4.697505 3.142218
v 32.834938 4.910254 2.500000
vn 2.817938 3.878561 4.038102
v 33.626503 4.991455 1.786062
vn 2.688505 2.985890 4.810109
v 34.540760 5.043027 1.169778
vn 2.318182 2.087303 5.434594
v 35.573586 5.018479 0.669873
vn 2.944313 5.099694 2.149940
v 32.650768 4.591266 3.289899
vn 3.188275 4.388274 3.142219
v 33.332668 4.587024 2.500000
vn 3.207922 3.562756 4.038105
v 34.128387 4.585039 1.786062
vn 2.985886 2.688508 4.810111
v 35.043026 4.540762 1.169778
vn 3.670545 1.634231 4.810110
v 36.199375 2.760140 1.169778
vn 2.849735 1.268783 5.434594
v 36.851589 3.050525 0.669873
vn 1.942633 0.864915 5.892524
v 37.573200 3.371806 0.301537
vn 2.966748 0.963956 5.434594
v 37.132923 2.317627 0.669873
vn 2.022400 0.657118 5.892523
v 37.884163 2.561720 0.301537
vn 2.080007 0.442120 5.892524
v 38.108746 1.723567 0.301537
vn 5.759941 -1.224318 2.149935
v 35.185684 -1.102252 3.289899
vn 5.158736 -1.676164 3.142214
v 35.392368 -1.752087 2.500000
vn 4.379691 -1.949952 4.038103
v 35.636372 -2.509475 1.786062
vn 3.479614 -2.008951 4.810110
v 35.876904 -3.393031 1.169778
vn 2.688507 -2.985888 4.810110
v 34.540760 -5.043027 1.169778
vn 2.087303 -2.318182 5.434594
v 35.018478 -5.573586 0.669873
vn 1.422891 -1.580281 5.892523
v 35.547024 -6.160596 0.301537
vn 1.833552 -2.523664 5.434596
v 34.408390 -6.067627 0.669873
vn 1.249915 -1.720356 5.892522
v 34.872681 -6.706669 0.301537
vn 1.063239 -1.841583 5.892523
v 34.144951 -7.179264 0.301537
vn 1.224311 -5.759943 2.149938
v 31.102251 -5.185686 3.289899
vn 0.566983 -5.394495 3.142220
v 30.592663 -5.638813 2.500000
vn -0.000000 -4.794162 4.038105
v 30.000000 -6.169778 1.786062
vn -0.419986 -3.995898 4.810112
v 29.290663 -6.748887 1.169778
vn -0.648564 -3.051257 5.434594
v 28.440662 -7.336107 0.669873
vn 0.615529 -5.856364 2.149936
v 30.554161 -5.272494 3.289899
vn 0.000000 -5.424210 3.142219
v 30.000000 -5.669873 2.500000
vn -0.501127 -4.767899 4.038105
v 29.355083 -6.135979 1.786062
vn -0.835371 -3.930107 4.810112
v 28.589098 -6.637770 1.169778
vn -2.008954 -3.479610 4.810112
v 26.606970 -5.876902 1.169778
vn -1.559712 -2.701499 5.434595
v 26.250000 -6.495191 0.669873
vn -1.063239 -1.841584 5.892522
v 25.855051 -7.179264 0.301537
vn -1.833550 -2.523666 5.434596
v 25.591610 -6.067627 0.669873
vn -1.249912 -1.720358 5.892523
v 25.127319 -6.706669 0.301537
vn -1.422892 -1.580280 5.892524
v 24.452974 -6.160596 0.301537
vn -5.099697 -2.944312 2.149934
v 25.408735 -2.650769 3.289899
vn -4.955261 -2.206230 3.142218
v 24.820312 -2.306145 2.500000
vn -4.559520 -1.481482 4.038102
v 24.132193 -1.906566 1.786062
vn -3.930108 -0.835373 4.810110
v 23.362230 -1.410902 1.169778
vn -5.379524 -2.395119 2.149937
v 25.156805 -2.156329 3.289899
vn -5.158730 -1.676171 3.142220
v 24.607630 -1.752087 2.500000
vn -4.689398 -0.996762 4.038105
v 23.965046 -1.282769 1.786062
vn 3.008584 -3.403394 -0.806147
v 28.437653 1.750000 44.452934
vn 3.114717 -3.403390 0.000000
v 28.378023 1.750000 44.000000
vn 3.008584 -3.403394 0.806147
v 28.437653 1.750000 43.547066
vn 2.697423 -3.403391 1.557359
v 28.612478 1.750000 43.125000
vn 2.202436 -3.403393 2.202438
v 28.890587 1.750000 42.762562
vn 1.557352 -3.403394 2.697426
v 29.253023 1.750000 42.484455
vn 0.806148 -3.403386 3.008586
v 29.675089 1.750000 42.309631
vn -0.000001 -3.403399 3.114715
v 30.128023 1.750000 42.250000
vn -0.806147 -3.403384 3.008587
v 30.580956 1.750000 42.309631
vn -1.557350 -3.403396 2.697427
v 31.003023 1.750000 42.484455
vn -2.202436 -3.403393 2.202438
v 31.365459 1.750000 42.762562
vn -2.697423 -3.403391 1.557359
v 31.643568 1.750000 43.125000
vn -3.008584 -3.403394 0.806147
v 31.818394 1.750000 43.547066
vn -3.114717 -3.403390 -0.000000
v 31.878023 1.750000 44.000000
vn -3.008584 -3.403394 -0.806147
v 31.818394 1.750000 44.452934
vn -2.697423 -3.403391 -1.557359
v 31.643568 1.750000 44.875000
vn -2.202436 -3.403393 -2.202438
v 31.365459 1.750000 45.237438
vn -1.557350 -3.403396 -2.697427
v 31.003023 1.750000 45.515545
vn -0.806146 -3.403384 -3.008587
v 30.580956 1.750000 45.690369
vn -0.000001 -0.261805 -6.256307
v 30.128023 1.750000 45.750000
vn 0.806148 -3.403386 -3.008586
v 29.675089 1.750000 45.690369
vn 1.557352 -3.403395 -2.697426
v 29.253023 1.750000 45.515545
vn 2.202436 -3.403393 -2.202438
v 28.890587 1.750000 45.237438
vn 2.697423 -3.403391 -1.557359
v 28.612478 1.750000 44.875000
vn 3.008584 -3.403394 -0.806147
v -31.562347 1.750000 44.452934
vn 3.114717 -3.403390 0.000000
v -31.621977 1.750000 44.000000
vn 3.008584 -3.403394 0.806147
v -31.562347 1.750000 43.547066
vn 2.697423 -3.403391 1.557359
v -31.387522 1.750000 43.125000
vn 2.202436 -3.403393 2.202438
v -31.109413 1.750000 42.762562
vn 1.557352 -3.403394 2.697426
v -30.746977 1.750000 42.484455
vn 0.806148 -3.403386 3.008586
v -30.324911 1.750000 42.309631
vn -0.000001 -3.403399 3.114715
v -29.871977 1.750000 42.250000
vn -0.806147 -3.403384 3.008587
v -29.419044 1.750000 42.309631
vn -1.557350 -3.403396 2.697427
v -28.996977 1.750000 42.484455
vn -2.202436 -3.403393 2.202438
v -28.634541 1.750000 42.762562
vn -2.697423 -3.403391 1.557359
v -28.356432 1.750000 43.125000
vn -3.008584 -3.403394 0.806147
v -28.181606 1.750000 43.547066
vn -3.114717 -3.403390 -0.000000
v -28.121977 1.750000 44.000000
vn -3.008584 -3.403394 -0.806147
v -28.181606 1.750000 44.452934
vn -2.697423 -3.403391 -1.557359
v -28.356432 1.750000 44.875000
vn -2.202436 -3.403393 -2.202438
v -28.634541 1.750000 45.237438
vn -1.557350 -3.403396 -2.697427
v -28.996977 1.750000 45.515545
vn -0.806146 -3.403384 -3.008587
v -29.419044 1.750000 45.690369
vn -0.000001 -0.261805 -6.256307
v -29.871977 1.750000 45.750000
vn 0.806148 -3.403386 -3.008586
v -30.324911 1.750000 45.690369
vn 1.557352 -3.403395 -2.697426
v -30.746977 1.750000 45.515545
vn 2.202436 -3.403393 -2.202438
v -31.109413 1.750000 45.237438
vn 2.697423 -3.403391 -1.557359
v -31.387522 1.750000 44.875000
# 2954 vertices, 0 vertices normals


usemtl material_0
f 1//1 2//2 3//3
f 3//3 2//2 4//4
f 3//3 4//4 5//5
f 6//6 7//7 5//5
f 5//5 7//7 3//3
f 8//8 9//9 10//10
f 10//10 9//9 3//3
f 3//3 9//9 11//11
f 3//3 11//11 12//12
f 12//12 1//1 3//3
f 13//13 8//8 14//14
f 14//14 8//8 10//10
f 15//15 16//16 17//17
f 17//17 16//16 18//18
f 17//17 18//18 19//19
f 13//13 14//14 19//19
f 19//19 14//14 17//17
f 20//20 21//21 22//22
f 22//22 21//21 17//17
f 17//17 21//21 23//23
f 17//17 23//23 24//24
f 24//24 15//15 17//17
f 6//6 20//20 7//7
f 7//7 20//20 22//22
f 25//25 14//14 26//26
f 26//26 14//14 10//10
f 26//26 10//10 27//27
f 27//27 10//10 28//28
f 28//28 10//10 29//29
f 29//29 10//10 30//30
f 30//30 10//10 3//3
f 30//30 3//3 31//31
f 31//31 3//3 32//32
f 32//32 3//3 33//33
f 33//33 3//3 34//34
f 34//34 3//3 7//7
f 34//34 7//7 35//35
f 35//35 7//7 36//36
f 36//36 7//7 37//37
f 37//37 7//7 38//38
f 38//38 7//7 22//22
f 38//38 22//22 39//39
f 39//39 22//22 40//40
f 40//40 22//22 41//41
f 41//41 22//22 42//42
f 42//42 22//22 17//17
f 42//42 17//17 43//43
f 43//43 17//17 44//44
f 44//44 17//17 45//45
f 45//45 17//17 46//46
f 46//46 17//17 14//14
f 46//46 14//14 47//47
f 47//47 14//14 48//48
f 48//48 14//14 25//25
f 49//49 50//50 51//51
f 51//51 50//50 52//52
f 51//51 52//52 53//53
f 54//54 55//55 53//53
f 53//53 55//55 51//51
f 56//56 57//57 58//58
f 58//58 57//57 51//51
f 51//51 57//57 59//59
f 51//51 59//59 60//60
f 60//60 49//49 51//51
f 61//61 56//56 62//62
f 62//62 56//56 58//58
f 63//63 64//64 65//65
f 65//65 64//64 66//66
f 65//65 66//66 67//67
f 61//61 62//62 67//67
f 67//67 62//62 65//65
f 68//68 69//69 70//70
f 70//70 69//69 65//65
f 65//65 69//69 71//71
f 65//65 71//71 72//72
f 72//72 63//63 65//65
f 54//54 68//68 55//55
f 55//55 68//68 70//70
f 73//73 62//62 74//74
f 74//74 62//62 58//58
f 74//74 58//58 75//75
f 75//75 58//58 76//76
f 76//76 58//58 77//77
f 77//77 58//58 78//78
f 78//78 58//58 51//51
f 78//78 51//51 79//79
f 79//79 51//51 80//80
f 80//80 51//51 81//81
f 81//81 51//51 82//82
f 82//82 51//51 55//55
f 82//82 55//55 83//83
f 83//83 55//55 84//84
f 84//84 55//55 85//85
f 85//85 55//55 86//86
f 86//86 55//55 70//70
f 86//86 70//70 87//87
f 87//87 70//70 88//88
f 88//88 70//70 89//89
f 89//89 70//70 90//90
f 90//90 70//70 65//65
f 90//90 65//65 91//91
f 91//91 65//65 92//92
f 92//92 65//65 93//93
f 93//93 65//65 94//94
f 94//94 65//65 62//62
f 94//94 62//62 95//95
f 95//95 62//62 96//96
f 96//96 62//62 73//73
f 97//97 98//98 99//99
f 99//99 98//98 100//100
f 99//99 100//100 101//101
f 101//101 100//100 102//102
f 101//101 102//102 103//103
f 103//103 102//102 104//104
f 103//103 104//104 105//105
f 105//105 104//104 106//106
f 105//105 106//106 107//107
f 107//107 106//106 108//108
f 107//107 108//108 109//109
f 109//109 108//108 110//110
f 109//109 110//110 111//111
f 111//111 110//110 112//112
f 111//111 112//112 113//113
f 113//113 112//112 114//114
f 113//113 114//114 115//115
f 115//115 114//114 116//116
f 115//115 116//116 117//117
f 117//117 116//116 118//118
f 117//117 118//118 119//119
f 119//119 118//118 120//120
f 119//119 120//120 121//121
f 98//98 97//97 122//122
f 122//122 97//97 123//123
f 122//122 123//123 124//124
f 124//124 123//123 125//125
f 124//124 125//125 126//126
f 126//126 125//125 127//127
f 126//126 127//127 128//128
f 128//128 127//127 129//129
f 128//128 129//129 130//130
f 110//110 131//131 130//130
f 130//130 131//131 132//132
f 130//130 132//132 133//133
f 133//133 132//132 134//134
f 133//133 134//134 126//126
f 126//126 134//134 124//124
f 99//99 135//135 121//121
f 121//121 135//135 136//136
f 121//121 136//136 137//137
f 137//137 136//136 138//138
f 137//137 138//138 117//117
f 117//117 138//138 115//115
f 100//100 98//98 139//139
f 139//139 98//98 122//122
f 139//139 122//122 140//140
f 140//140 122//122 124//124
f 140//140 124//124 134//134
f 135//135 99//99 141//141
f 141//141 99//99 101//101
f 141//141 101//101 103//103
f 135//135 141//141 142//142
f 142//142 141//141 103//103
f 142//142 103//103 105//105
f 119//119 121//121 137//137
f 136//136 135//135 143//143
f 143//143 135//135 142//142
f 143//143 142//142 144//144
f 144//144 142//142 105//105
f 144//144 105//105 107//107
f 117//117 119//119 137//137
f 100//100 139//139 102//102
f 102//102 139//139 145//145
f 102//102 145//145 104//104
f 104//104 145//145 146//146
f 104//104 146//146 106//106
f 106//106 146//146 147//147
f 106//106 147//147 108//108
f 108//108 147//147 110//110
f 145//145 139//139 140//140
f 136//136 143//143 138//138
f 138//138 143//143 148//148
f 138//138 148//148 115//115
f 115//115 148//148 113//113
f 148//148 143//143 144//144
f 145//145 140//140 149//149
f 149//149 140//140 134//134
f 149//149 134//134 132//132
f 148//148 144//144 150//150
f 150//150 144//144 107//107
f 150//150 107//107 109//109
f 133//133 126//126 128//128
f 145//145 149//149 146//146
f 146//146 149//149 131//131
f 146//146 131//131 147//147
f 147//147 131//131 110//110
f 131//131 149//149 132//132
f 111//111 113//113 150//150
f 150//150 113//113 148//148
f 111//111 150//150 109//109
f 130//130 133//133 128//128
f 151//151 152//152 153//153
f 153//153 152//152 154//154
f 153//153 154//154 155//155
f 153//153 155//155 156//156
f 156//156 155//155 157//157
f 156//156 157//157 158//158
f 158//158 157//157 159//159
f 158//158 159//159 160//160
f 160//160 159//159 161//161
f 160//160 161//161 162//162
f 162//162 161//161 163//163
f 162//162 163//163 164//164
f 162//162 164//164 165//165
f 165//165 164//164 166//166
f 165//165 166//166 167//167
f 167//167 166//166 168//168
f 167//167 168//168 169//169
f 169//169 168//168 170//170
f 169//169 170//170 171//171
f 171//171 170//170 172//172
f 171//171 172//172 173//173
f 173//173 172//172 174//174
f 173//173 174//174 175//175
f 175//175 174//174 176//176
f 175//175 176//176 177//177
f 177//177 176//176 178//178
f 177//177 178//178 120//120
f 120//120 178//178 121//121
f 120//120 118//118 177//177
f 177//177 118//118 179//179
f 177//177 179//179 175//175
f 175//175 179//179 180//180
f 175//175 180//180 173//173
f 173//173 180//180 181//181
f 173//173 181//181 171//171
f 171//171 181//181 182//182
f 171//171 182//182 169//169
f 169//169 182//182 183//183
f 169//169 183//183 167//167
f 167//167 183//183 184//184
f 167//167 184//184 165//165
f 165//165 184//184 185//185
f 165//165 185//185 162//162
f 162//162 185//185 160//160
f 118//118 116//116 179//179
f 179//179 116//116 186//186
f 179//179 186//186 180//180
f 180//180 186//186 187//187
f 180//180 187//187 181//181
f 181//181 187//187 188//188
f 181//181 188//188 182//182
f 182//182 188//188 189//189
f 182//182 189//189 183//183
f 183//183 189//189 190//190
f 183//183 190//190 184//184
f 184//184 190//190 191//191
f 184//184 191//191 185//185
f 185//185 191//191 192//192
f 185//185 192//192 160//160
f 160//160 192//192 158//158
f 116//116 114//114 186//186
f 186//186 114//114 193//193
f 186//186 193//193 187//187
f 187//187 193//193 194//194
f 187//187 194//194 188//188
f 188//188 194//194 195//195
f 188//188 195//195 189//189
f 189//189 195//195 196//196
f 189//189 196//196 190//190
f 190//190 196//196 197//197
f 190//190 197//197 191//191
f 191//191 197//197 198//198
f 191//191 198//198 192//192
f 192//192 198//198 199//199
f 192//192 199//199 158//158
f 158//158 199//199 156//156
f 114//114 112//112 193//193
f 193//193 112//112 200//200
f 193//193 200//200 194//194
f 194//194 200//200 201//201
f 194//194 201//201 195//195
f 195//195 201//201 202//202
f 195//195 202//202 196//196
f 196//196 202//202 203//203
f 196//196 203//203 197//197
f 197//197 203//203 204//204
f 197//197 204//204 198//198
f 198//198 204//204 205//205
f 198//198 205//205 199//199
f 199//199 205//205 206//206
f 199//199 206//206 156//156
f 156//156 206//206 153//153
f 112//112 110//110 200//200
f 200//200 110//110 207//207
f 200//200 207//207 201//201
f 201//201 207//207 208//208
f 201//201 208//208 202//202
f 202//202 208//208 209//209
f 202//202 209//209 203//203
f 203//203 209//209 210//210
f 203//203 210//210 204//204
f 204//204 210//210 211//211
f 204//204 211//211 205//205
f 205//205 211//211 212//212
f 205//205 212//212 206//206
f 206//206 212//212 151//151
f 206//206 151//151 153//153
f 213//213 214//214 215//215
f 215//215 214//214 216//216
f 215//215 216//216 217//217
f 217//217 216//216 218//218
f 217//217 218//218 219//219
f 219//219 218//218 220//220
f 219//219 220//220 221//221
f 221//221 220//220 222//222
f 221//221 222//222 223//223
f 223//223 222//222 224//224
f 223//223 224//224 225//225
f 225//225 224//224 226//226
f 225//225 226//226 227//227
f 227//227 226//226 163//163
f 227//227 163//163 228//228
f 228//228 163//163 229//229
f 228//228 229//229 230//230
f 230//230 229//229 231//231
f 230//230 231//231 232//232
f 232//232 231//231 233//233
f 232//232 233//233 234//234
f 234//234 233//233 235//235
f 234//234 235//235 236//236
f 236//236 235//235 237//237
f 236//236 237//237 152//152
f 152//152 237//237 238//238
f 152//152 238//238 239//239
f 239//239 238//238 240//240
f 239//239 240//240 241//241
f 241//241 240//240 242//242
f 241//241 242//242 243//243
f 243//243 242//242 244//244
f 243//243 244//244 245//245
f 245//245 244//244 246//246
f 245//245 246//246 161//161
f 161//161 246//246 163//163
f 163//163 246//246 247//247
f 163//163 247//247 248//248
f 248//248 247//247 249//249
f 248//248 249//249 250//250
f 250//250 249//249 251//251
f 250//250 251//251 252//252
f 252//252 251//251 253//253
f 252//252 253//253 235//235
f 235//235 253//253 237//237
f 214//214 213//213 254//254
f 254//254 213//213 255//255
f 254//254 255//255 256//256
f 256//256 255//255 257//257
f 256//256 257//257 258//258
f 258//258 257//257 259//259
f 258//258 259//259 260//260
f 260//260 259//259 261//261
f 260//260 261//261 226//226
f 161//161 159//159 245//245
f 245//245 159//159 262//262
f 245//245 262//262 243//243
f 243//243 262//262 263//263
f 243//243 263//263 241//241
f 241//241 263//263 264//264
f 241//241 264//264 239//239
f 239//239 264//264 152//152
f 159//159 157//157 262//262
f 262//262 157//157 265//265
f 262//262 265//265 263//263
f 263//263 265//265 266//266
f 263//263 266//266 264//264
f 264//264 266//266 152//152
f 157//157 155//155 265//265
f 265//265 155//155 267//267
f 265//265 267//267 266//266
f 266//266 267//267 152//152
f 155//155 154//154 267//267
f 267//267 154//154 152//152
f 236//236 152//152 268//268
f 268//268 152//152 215//215
f 268//268 215//215 269//269
f 269//269 215//215 270//270
f 269//269 270//270 271//271
f 271//271 270//270 272//272
f 271//271 272//272 273//273
f 273//273 272//272 274//274
f 273//273 274//274 275//275
f 275//275 274//274 223//223
f 275//275 223//223 225//225
f 216//216 214//214 276//276
f 276//276 214//214 254//254
f 276//276 254//254 277//277
f 277//277 254//254 256//256
f 277//277 256//256 278//278
f 278//278 256//256 258//258
f 278//278 258//258 279//279
f 279//279 258//258 260//260
f 279//279 260//260 226//226
f 217//217 280//280 215//215
f 215//215 280//280 281//281
f 215//215 281//281 270//270
f 270//270 281//281 272//272
f 217//217 219//219 280//280
f 280//280 219//219 282//282
f 280//280 282//282 281//281
f 281//281 282//282 272//272
f 234//234 236//236 268//268
f 268//268 269//269 283//283
f 283//283 269//269 271//271
f 283//283 271//271 284//284
f 284//284 271//271 273//273
f 284//284 273//273 285//285
f 285//285 273//273 275//275
f 285//285 275//275 227//227
f 227//227 275//275 225//225
f 240//240 238//238 253//253
f 253//253 238//238 237//237
f 216//216 276//276 218//218
f 218//218 276//276 286//286
f 218//218 286//286 220//220
f 220//220 286//286 287//287
f 220//220 287//287 222//222
f 222//222 287//287 288//288
f 222//222 288//288 224//224
f 224//224 288//288 226//226
f 286//286 276//276 277//277
f 274//274 272//272 282//282
f 274//274 282//282 221//221
f 221//221 282//282 219//219
f 232//232 234//234 283//283
f 283//283 234//234 268//268
f 232//232 283//283 284//284
f 252//252 235//235 233//233
f 242//242 240//240 251//251
f 251//251 240//240 253//253
f 286//286 277//277 289//289
f 289//289 277//277 278//278
f 289//289 278//278 290//290
f 290//290 278//278 279//279
f 290//290 279//279 226//226
f 223//223 274//274 221//221
f 230//230 232//232 284//284
f 230//230 284//284 285//285
f 252//252 233//233 291//291
f 291//291 233//233 231//231
f 291//291 231//231 292//292
f 292//292 231//231 229//229
f 292//292 229//229 163//163
f 244//244 242//242 249//249
f 249//249 242//242 251//251
f 286//286 289//289 287//287
f 287//287 289//289 293//293
f 287//287 293//293 288//288
f 288//288 293//293 226//226
f 293//293 289//289 290//290
f 228//228 230//230 285//285
f 228//228 285//285 227//227
f 252//252 291//291 250//250
f 250//250 291//291 294//294
f 250//250 294//294 248//248
f 248//248 294//294 163//163
f 294//294 291//291 292//292
f 246//246 244//244 247//247
f 247//247 244//244 249//249
f 226//226 293//293 290//290
f 163//163 294//294 292//292
f 295//295 296//296 297//297
f 297//297 296//296 298//298
f 297//297 298//298 299//299
f 297//297 299//299 300//300
f 300//300 299//299 301//301
f 300//300 301//301 302//302
f 302//302 301//301 303//303
f 302//302 303//303 304//304
f 304//304 303//303 305//305
f 304//304 305//305 306//306
f 306//306 305//305 307//307
f 306//306 307//307 308//308
f 306//306 308//308 309//309
f 309//309 308//308 310//310
f 309//309 310//310 311//311
f 311//311 310//310 312//312
f 311//311 312//312 313//313
f 313//313 312//312 314//314
f 313//313 314//314 315//315
f 315//315 314//314 316//316
f 315//315 316//316 317//317
f 317//317 316//316 318//318
f 317//317 318//318 319//319
f 319//319 318//318 320//320
f 319//319 320//320 321//321
f 321//321 320//320 322//322
f 321//321 322//322 261//261
f 261//261 322//322 226//226
f 261//261 259//259 321//321
f 321//321 259//259 323//323
f 321//321 323//323 319//319
f 319//319 323//323 324//324
f 319//319 324//324 317//317
f 317//317 324//324 325//325
f 317//317 325//325 315//315
f 315//315 325//325 326//326
f 315//315 326//326 313//313
f 313//313 326//326 327//327
f 313//313 327//327 311//311
f 311//311 327//327 328//328
f 311//311 328//328 309//309
f 309//309 328//328 329//329
f 309//309 329//329 306//306
f 306//306 329//329 304//304
f 259//259 257//257 323//323
f 323//323 257//257 330//330
f 323//323 330//330 324//324
f 324//324 330//330 331//331
f 324//324 331//331 325//325
f 325//325 331//331 332//332
f 325//325 332//332 326//326
f 326//326 332//332 333//333
f 326//326 333//333 327//327
f 327//327 333//333 334//334
f 327//327 334//334 328//328
f 328//328 334//334 335//335
f 328//328 335//335 329//329
f 329//329 335//335 336//336
f 329//329 336//336 304//304
f 304//304 336//336 302//302
f 257//257 255//255 330//330
f 330//330 255//255 337//337
f 330//330 337//337 331//331
f 331//331 337//337 338//338
f 331//331 338//338 332//332
f 332//332 338//338 339//339
f 332//332 339//339 333//333
f 333//333 339//339 340//340
f 333//333 340//340 334//334
f 334//334 340//340 341//341
f 334//334 341//341 335//335
f 335//335 341//341 342//342
f 335//335 342//342 336//336
f 336//336 342//342 343//343
f 336//336 343//343 302//302
f 302//302 343//343 300//300
f 255//255 213//213 337//337
f 337//337 213//213 344//344
f 337//337 344//344 338//338
f 338//338 344//344 345//345
f 338//338 345//345 339//339
f 339//339 345//345 346//346
f 339//339 346//346 340//340
f 340//340 346//346 347//347
f 340//340 347//347 341//341
f 341//341 347//347 348//348
f 341//341 348//348 342//342
f 342//342 348//348 349//349
f 342//342 349//349 343//343
f 343//343 349//349 350//350
f 343//343 350//350 300//300
f 300//300 350//350 297//297
f 213//213 215//215 344//344
f 344//344 215//215 351//351
f 344//344 351//351 345//345
f 345//345 351//351 352//352
f 345//345 352//352 346//346
f 346//346 352//352 353//353
f 346//346 353//353 347//347
f 347//347 353//353 354//354
f 347//347 354//354 348//348
f 348//348 354//354 355//355
f 348//348 355//355 349//349
f 349//349 355//355 356//356
f 349//349 356//356 350//350
f 350//350 356//356 295//295
f 350//350 295//295 297//297
f 357//357 358//358 359//359
f 359//359 358//358 360//360
f 359//359 360//360 361//361
f 361//361 360//360 362//362
f 361//361 362//362 363//363
f 363//363 362//362 364//364
f 363//363 364//364 365//365
f 365//365 364//364 366//366
f 365//365 366//366 367//367
f 367//367 366//366 368//368
f 367//367 368//368 369//369
f 369//369 368//368 307//307
f 369//369 307//307 370//370
f 370//370 307//307 305//305
f 370//370 305//305 371//371
f 371//371 305//305 303//303
f 371//371 303//303 372//372
f 372//372 303//303 301//301
f 372//372 301//301 373//373
f 373//373 301//301 299//299
f 373//373 299//299 374//374
f 374//374 299//299 298//298
f 374//374 298//298 296//296
f 358//358 357//357 375//375
f 375//375 357//357 376//376
f 375//375 376//376 377//377
f 377//377 376//376 378//378
f 377//377 378//378 379//379
f 379//379 378//378 380//380
f 379//379 380//380 381//381
f 381//381 380//380 382//382
f 381//381 382//382 383//383
f 307//307 384//384 383//383
f 383//383 384//384 385//385
f 383//383 385//385 386//386
f 386//386 385//385 387//387
f 386//386 387//387 379//379
f 379//379 387//387 377//377
f 359//359 388//388 296//296
f 296//296 388//388 389//389
f 296//296 389//389 390//390
f 390//390 389//389 391//391
f 390//390 391//391 373//373
f 373//373 391//391 372//372
f 360//360 358//358 392//392
f 392//392 358//358 375//375
f 392//392 375//375 393//393
f 393//393 375//375 377//377
f 393//393 377//377 387//387
f 388//388 359//359 394//394
f 394//394 359//359 361//361
f 394//394 361//361 363//363
f 388//388 394//394 395//395
f 395//395 394//394 363//363
f 395//395 363//363 365//365
f 374//374 296//296 390//390
f 389//389 388//388 396//396
f 396//396 388//388 395//395
f 396//396 395//395 397//397
f 397//397 395//395 365//365
f 397//397 365//365 367//367
f 373//373 374//374 390//390
f 360//360 392//392 362//362
f 362//362 392//392 398//398
f 362//362 398//398 364//364
f 364//364 398//398 399//399
f 364//364 399//399 366//366
f 366//366 399//399 400//400
f 366//366 400//400 368//368
f 368//368 400//400 307//307
f 398//398 392//392 393//393
f 389//389 396//396 391//391
f 391//391 396//396 401//401
f 391//391 401//401 372//372
f 372//372 401//401 371//371
f 401//401 396//396 397//397
f 398//398 393//393 402//402
f 402//402 393//393 387//387
f 402//402 387//387 385//385
f 401//401 397//397 403//403
f 403//403 397//397 367//367
f 403//403 367//367 369//369
f 386//386 379//379 381//381
f 398//398 402//402 399//399
f 399//399 402//402 384//384
f 399//399 384//384 400//400
f 400//400 384//384 307//307
f 384//384 402//402 385//385
f 370//370 371//371 403//403
f 403//403 371//371 401//401
f 370//370 403//403 369//369
f 383//383 386//386 381//381
f 404//404 405//405 406//406
f 406//406 405//405 407//407
f 406//406 407//407 408//408
f 406//406 408//408 409//409
f 409//409 408//408 410//410
f 409//409 410//410 411//411
f 411//411 410//410 412//412
f 411//411 412//412 413//413
f 413//413 412//412 414//414
f 413//413 414//414 415//415
f 415//415 414//414 416//416
f 415//415 416//416 417//417
f 415//415 417//417 418//418
f 418//418 417//417 419//419
f 418//418 419//419 420//420
f 420//420 419//419 421//421
f 420//420 421//421 422//422
f 422//422 421//421 423//423
f 422//422 423//423 424//424
f 424//424 423//423 425//425
f 424//424 425//425 426//426
f 426//426 425//425 427//427
f 426//426 427//427 428//428
f 428//428 427//427 429//429
f 428//428 429//429 430//430
f 430//430 429//429 431//431
f 430//430 431//431 382//382
f 382//382 431//431 383//383
f 382//382 380//380 430//430
f 430//430 380//380 432//432
f 430//430 432//432 428//428
f 428//428 432//432 433//433
f 428//428 433//433 426//426
f 426//426 433//433 434//434
f 426//426 434//434 424//424
f 424//424 434//434 435//435
f 424//424 435//435 422//422
f 422//422 435//435 436//436
f 422//422 436//436 420//420
f 420//420 436//436 437//437
f 420//420 437//437 418//418
f 418//418 437//437 438//438
f 418//418 438//438 415//415
f 415//415 438//438 413//413
f 380//380 378//378 432//432
f 432//432 378//378 439//439
f 432//432 439//439 433//433
f 433//433 439//439 440//440
f 433//433 440//440 434//434
f 434//434 440//440 441//441
f 434//434 441//441 435//435
f 435//435 441//441 442//442
f 435//435 442//442 436//436
f 436//436 442//442 443//443
f 436//436 443//443 437//437
f 437//437 443//443 444//444
f 437//437 444//444 438//438
f 438//438 444//444 445//445
f 438//438 445//445 413//413
f 413//413 445//445 411//411
f 378//378 376//376 439//439
f 439//439 376//376 446//446
f 439//439 446//446 440//440
f 440//440 446//446 447//447
f 440//440 447//447 441//441
f 441//441 447//447 448//448
f 441//441 448//448 442//442
f 442//442 448//448 449//449
f 442//442 449//449 443//443
f 443//443 449//449 450//450
f 443//443 450//450 444//444
f 444//444 450//450 451//451
f 444//444 451//451 445//445
f 445//445 451//451 452//452
f 445//445 452//452 411//411
f 411//411 452//452 409//409
f 376//376 357//357 446//446
f 446//446 357//357 453//453
f 446//446 453//453 447//447
f 447//447 453//453 454//454
f 447//447 454//454 448//448
f 448//448 454//454 455//455
f 448//448 455//455 449//449
f 449//449 455//455 456//456
f 449//449 456//456 450//450
f 450//450 456//456 457//457
f 450//450 457//457 451//451
f 451//451 457//457 458//458
f 451//451 458//458 452//452
f 452//452 458//458 459//459
f 452//452 459//459 409//409
f 409//409 459//459 406//406
f 357//357 359//359 453//453
f 453//453 359//359 460//460
f 453//453 460//460 454//454
f 454//454 460//460 461//461
f 454//454 461//461 455//455
f 455//455 461//461 462//462
f 455//455 462//462 456//456
f 456//456 462//462 463//463
f 456//456 463//463 457//457
f 457//457 463//463 464//464
f 457//457 464//464 458//458
f 458//458 464//464 465//465
f 458//458 465//465 459//459
f 459//459 465//465 404//404
f 459//459 404//404 406//406
f 466//466 467//467 468//468
f 468//468 467//467 469//469
f 468//468 469//469 470//470
f 470//470 469//469 471//471
f 470//470 471//471 472//472
f 472//472 471//471 473//473
f 472//472 473//473 474//474
f 474//474 473//473 475//475
f 474//474 475//475 476//476
f 476//476 475//475 477//477
f 476//476 477//477 478//478
f 478//478 477//477 479//479
f 478//478 479//479 480//480
f 480//480 479//479 416//416
f 480//480 416//416 481//481
f 481//481 416//416 482//482
f 481//481 482//482 483//483
f 483//483 482//482 484//484
f 483//483 484//484 485//485
f 485//485 484//484 486//486
f 485//485 486//486 487//487
f 487//487 486//486 488//488
f 487//487 488//488 489//489
f 489//489 488//488 490//490
f 489//489 490//490 405//405
f 405//405 490//490 491//491
f 405//405 491//491 492//492
f 492//492 491//491 493//493
f 492//492 493//493 494//494
f 494//494 493//493 495//495
f 494//494 495//495 496//496
f 496//496 495//495 497//497
f 496//496 497//497 498//498
f 498//498 497//497 499//499
f 498//498 499//499 414//414
f 414//414 499//499 416//416
f 416//416 499//499 500//500
f 416//416 500//500 501//501
f 501//501 500//500 502//502
f 501//501 502//502 503//503
f 503//503 502//502 504//504
f 503//503 504//504 505//505
f 505//505 504//504 506//506
f 505//505 506//506 488//488
f 488//488 506//506 490//490
f 467//467 466//466 507//507
f 507//507 466//466 508//508
f 507//507 508//508 509//509
f 509//509 508//508 510//510
f 509//509 510//510 511//511
f 511//511 510//510 512//512
f 511//511 512//512 513//513
f 513//513 512//512 514//514
f 513//513 514//514 479//479
f 414//414 412//412 498//498
f 498//498 412//412 515//515
f 498//498 515//515 496//496
f 496//496 515//515 516//516
f 496//496 516//516 494//494
f 494//494 516//516 517//517
f 494//494 517//517 492//492
f 492//492 517//517 405//405
f 412//412 410//410 515//515
f 515//515 410//410 518//518
f 515//515 518//518 516//516
f 516//516 518//518 519//519
f 516//516 519//519 517//517
f 517//517 519//519 405//405
f 410//410 408//408 518//518
f 518//518 408//408 520//520
f 518//518 520//520 519//519
f 519//519 520//520 405//405
f 408//408 407//407 520//520
f 520//520 407//407 405//405
f 489//489 405//405 521//521
f 521//521 405//405 468//468
f 521//521 468//468 522//522
f 522//522 468//468 523//523
f 522//522 523//523 524//524
f 524//524 523//523 525//525
f 524//524 525//525 526//526
f 526//526 525//525 527//527
f 526//526 527//527 528//528
f 528//528 527//527 476//476
f 528//528 476//476 478//478
f 469//469 467//467 529//529
f 529//529 467//467 507//507
f 529//529 507//507 530//530
f 530//530 507//507 509//509
f 530//530 509//509 531//531
f 531//531 509//509 511//511
f 531//531 511//511 532//532
f 532//532 511//511 513//513
f 532//532 513//513 479//479
f 470//470 533//533 468//468
f 468//468 533//533 534//534
f 468//468 534//534 523//523
f 523//523 534//534 525//525
f 470//470 472//472 533//533
f 533//533 472//472 535//535
f 533//533 535//535 534//534
f 534//534 535//535 525//525
f 487//487 489//489 521//521
f 521//521 522//522 536//536
f 536//536 522//522 524//524
f 536//536 524//524 537//537
f 537//537 524//524 526//526
f 537//537 526//526 538//538
f 538//538 526//526 528//528
f 538//538 528//528 480//480
f 480//480 528//528 478//478
f 493//493 491//491 506//506
f 506//506 491//491 490//490
f 469//469 529//529 471//471
f 471//471 529//529 539//539
f 471//471 539//539 473//473
f 473//473 539//539 540//540
f 473//473 540//540 475//475
f 475//475 540//540 541//541
f 475//475 541//541 477//477
f 477//477 541//541 479//479
f 539//539 529//529 530//530
f 527//527 525//525 535//535
f 527//527 535//535 474//474
f 474//474 535//535 472//472
f 485//485 487//487 536//536
f 536//536 487//487 521//521
f 485//485 536//536 537//537
f 505//505 488//488 486//486
f 495//495 493//493 504//504
f 504//504 493//493 506//506
f 539//539 530//530 542//542
f 542//542 530//530 531//531
f 542//542 531//531 543//543
f 543//543 531//531 532//532
f 543//543 532//532 479//479
f 476//476 527//527 474//474
f 483//483 485//485 537//537
f 483//483 537//537 538//538
f 505//505 486//486 544//544
f 544//544 486//486 484//484
f 544//544 484//484 545//545
f 545//545 484//484 482//482
f 545//545 482//482 416//416
f 497//497 495//495 502//502
f 502//502 495//495 504//504
f 539//539 542//542 540//540
f 540//540 542//542 546//546
f 540//540 546//546 541//541
f 541//541 546//546 479//479
f 546//546 542//542 543//543
f 481//481 483//483 538//538
f 481//481 538//538 480//480
f 505//505 544//544 503//503
f 503//503 544//544 547//547
f 503//503 547//547 501//501
f 501//501 547//547 416//416
f 547//547 544//544 545//545
f 499//499 497//497 500//500
f 500//500 497//497 502//502
f 479//479 546//546 543//543
f 416//416 547//547 545//545
f 548//548 130//130 549//549
f 549//549 130//130 129//129
f 549//549 129//129 127//127
f 549//549 127//127 550//550
f 550//550 127//127 125//125
f 550//550 125//125 551//551
f 551//551 125//125 123//123
f 551//551 123//123 552//552
f 552//552 123//123 97//97
f 552//552 97//97 553//553
f 553//553 97//97 99//99
f 553//553 99//99 554//554
f 553//553 554//554 555//555
f 555//555 554//554 556//556
f 555//555 556//556 557//557
f 557//557 556//556 558//558
f 557//557 558//558 559//559
f 559//559 558//558 560//560
f 559//559 560//560 561//561
f 561//561 560//560 562//562
f 561//561 562//562 563//563
f 563//563 562//562 564//564
f 563//563 564//564 565//565
f 565//565 564//564 566//566
f 565//565 566//566 567//567
f 567//567 566//566 568//568
f 567//567 568//568 514//514
f 514//514 568//568 479//479
f 514//514 512//512 567//567
f 567//567 512//512 569//569
f 567//567 569//569 565//565
f 565//565 569//569 570//570
f 565//565 570//570 563//563
f 563//563 570//570 571//571
f 563//563 571//571 561//561
f 561//561 571//571 572//572
f 561//561 572//572 559//559
f 559//559 572//572 573//573
f 559//559 573//573 557//557
f 557//557 573//573 574//574
f 557//557 574//574 555//555
f 555//555 574//574 575//575
f 555//555 575//575 553//553
f 553//553 575//575 552//552
f 512//512 510//510 569//569
f 569//569 510//510 576//576
f 569//569 576//576 570//570
f 570//570 576//576 577//577
f 570//570 577//577 571//571
f 571//571 577//577 578//578
f 571//571 578//578 572//572
f 572//572 578//578 579//579
f 572//572 579//579 573//573
f 573//573 579//579 580//580
f 573//573 580//580 574//574
f 574//574 580//580 581//581
f 574//574 581//581 575//575
f 575//575 581//581 582//582
f 575//575 582//582 552//552
f 552//552 582//582 551//551
f 510//510 508//508 576//576
f 576//576 508//508 583//583
f 576//576 583//583 577//577
f 577//577 583//583 584//584
f 577//577 584//584 578//578
f 578//578 584//584 585//585
f 578//578 585//585 579//579
f 579//579 585//585 586//586
f 579//579 586//586 580//580
f 580//580 586//586 587//587
f 580//580 587//587 581//581
f 581//581 587//587 588//588
f 581//581 588//588 582//582
f 582//582 588//588 589//589
f 582//582 589//589 551//551
f 551//551 589//589 550//550
f 508//508 466//466 583//583
f 583//583 466//466 590//590
f 583//583 590//590 584//584
f 584//584 590//590 591//591
f 584//584 591//591 585//585
f 585//585 591//591 592//592
f 585//585 592//592 586//586
f 586//586 592//592 593//593
f 586//586 593//593 587//587
f 587//587 593//593 594//594
f 587//587 594//594 588//588
f 588//588 594//594 595//595
f 588//588 595//595 589//589
f 589//589 595//595 596//596
f 589//589 596//596 550//550
f 550//550 596//596 549//549
f 466//466 468//468 590//590
f 590//590 468//468 597//597
f 590//590 597//597 591//591
f 591//591 597//597 598//598
f 591//591 598//598 592//592
f 592//592 598//598 599//599
f 592//592 599//599 593//593
f 593//593 599//599 600//600
f 593//593 600//600 594//594
f 594//594 600//600 601//601
f 594//594 601//601 595//595
f 595//595 601//601 602//602
f 595//595 602//602 596//596
f 596//596 602//602 548//548
f 596//596 548//548 549//549
f 603//603 383//383 604//604
f 604//604 383//383 431//431
f 604//604 431//431 605//605
f 605//605 431//431 429//429
f 605//605 429//429 606//606
f 606//606 429//429 427//427
f 606//606 427//427 607//607
f 607//607 427//427 425//425
f 607//607 425//425 608//608
f 608//608 425//425 423//423
f 608//608 423//423 609//609
f 609//609 423//423 421//421
f 609//609 421//421 610//610
f 610//610 421//421 419//419
f 610//610 419//419 611//611
f 611//611 419//419 417//417
f 611//611 417//417 612//612
f 612//612 417//417 416//416
f 416//416 479//479 612//612
f 612//612 479//479 613//613
f 613//613 479//479 614//614
f 614//614 479//479 568//568
f 614//614 568//568 615//615
f 615//615 568//568 566//566
f 615//615 566//566 616//616
f 616//616 566//566 564//564
f 616//616 564//564 617//617
f 617//617 564//564 562//562
f 617//617 562//562 618//618
f 618//618 562//562 560//560
f 618//618 560//560 619//619
f 619//619 560//560 558//558
f 619//619 558//558 620//620
f 620//620 558//558 556//556
f 620//620 556//556 621//621
f 621//621 556//556 554//554
f 621//621 554//554 622//622
f 622//622 554//554 99//99
f 99//99 121//121 622//622
f 622//622 121//121 623//623
f 624//624 359//359 625//625
f 625//625 359//359 296//296
f 625//625 296//296 626//626
f 626//626 296//296 627//627
f 627//627 296//296 628//628
f 628//628 296//296 629//629
f 629//629 296//296 630//630
f 630//630 296//296 631//631
f 631//631 296//296 632//632
f 632//632 296//296 633//633
f 633//633 296//296 634//634
f 634//634 296//296 635//635
f 635//635 296//296 636//636
f 636//636 296//296 637//637
f 637//637 296//296 215//215
f 637//637 215//215 638//638
f 638//638 215//215 639//639
f 639//639 215//215 640//640
f 640//640 215//215 641//641
f 641//641 215//215 152//152
f 641//641 152//152 642//642
f 642//642 152//152 643//643
f 643//643 152//152 644//644
f 644//644 152//152 645//645
f 645//645 152//152 646//646
f 646//646 152//152 110//110
f 646//646 110//110 647//647
f 647//647 110//110 648//648
f 648//648 110//110 649//649
f 649//649 110//110 650//650
f 650//650 110//110 651//651
f 651//651 110//110 652//652
f 652//652 110//110 653//653
f 653//653 110//110 654//654
f 654//654 110//110 655//655
f 655//655 110//110 656//656
f 656//656 110//110 657//657
f 657//657 110//110 658//658
f 658//658 110//110 130//130
f 658//658 130//130 659//659
f 659//659 130//130 660//660
f 660//660 130//130 661//661
f 661//661 130//130 662//662
f 662//662 130//130 663//663
f 663//663 130//130 664//664
f 664//664 130//130 665//665
f 665//665 130//130 666//666
f 666//666 130//130 667//667
f 667//667 130//130 668//668
f 668//668 130//130 669//669
f 669//669 130//130 670//670
f 670//670 130//130 468//468
f 670//670 468//468 671//671
f 671//671 468//468 672//672
f 672//672 468//468 673//673
f 673//673 468//468 674//674
f 674//674 468//468 405//405
f 674//674 405//405 675//675
f 675//675 405//405 676//676
f 676//676 405//405 677//677
f 677//677 405//405 678//678
f 678//678 405//405 679//679
f 679//679 405//405 359//359
f 679//679 359//359 680//680
f 680//680 359//359 681//681
f 681//681 359//359 682//682
f 682//682 359//359 683//683
f 683//683 359//359 684//684
f 684//684 359//359 685//685
f 685//685 359//359 686//686
f 686//686 359//359 687//687
f 687//687 359//359 688//688
f 688//688 359//359 689//689
f 689//689 359//359 624//624
f 674//674 675//675 690//690
f 690//690 675//675 691//691
f 690//690 691//691 692//692
f 692//692 691//691 693//693
f 692//692 693//693 694//694
f 694//694 693//693 695//695
f 694//694 695//695 696//696
f 696//696 695//695 697//697
f 696//696 697//697 698//698
f 698//698 697//697 699//699
f 698//698 699//699 700//700
f 700//700 699//699 701//701
f 700//700 701//701 702//702
f 702//702 701//701 703//703
f 702//702 703//703 704//704
f 704//704 703//703 705//705
f 704//704 705//705 706//706
f 706//706 705//705 707//707
f 706//706 707//707 708//708
f 708//708 707//707 709//709
f 708//708 709//709 710//710
f 710//710 709//709 711//711
f 710//710 711//711 712//712
f 712//712 711//711 713//713
f 712//712 713//713 714//714
f 714//714 713//713 715//715
f 714//714 715//715 716//716
f 716//716 715//715 717//717
f 716//716 717//717 718//718
f 718//718 717//717 719//719
f 718//718 719//719 720//720
f 720//720 719//719 721//721
f 720//720 721//721 722//722
f 722//722 721//721 723//723
f 722//722 723//723 642//642
f 642//642 723//723 641//641
f 130//130 548//548 468//468
f 468//468 548//548 602//602
f 468//468 602//602 601//601
f 601//601 600//600 468//468
f 468//468 600//600 599//599
f 468//468 599//599 598//598
f 598//598 597//597 468//468
f 404//404 465//465 405//405
f 405//405 465//465 464//464
f 405//405 464//464 463//463
f 463//463 462//462 405//405
f 405//405 462//462 461//461
f 405//405 461//461 460//460
f 460//460 359//359 405//405
f 296//296 295//295 215//215
f 215//215 295//295 356//356
f 215//215 356//356 355//355
f 355//355 354//354 215//215
f 215//215 354//354 353//353
f 215//215 353//353 352//352
f 352//352 351//351 215//215
f 151//151 212//212 152//152
f 152//152 212//212 211//211
f 152//152 211//211 210//210
f 210//210 209//209 152//152
f 152//152 209//209 208//208
f 152//152 208//208 207//207
f 207//207 110//110 152//152
f 724//724 725//725 726//726
f 726//726 725//725 727//727
f 726//726 727//727 728//728
f 728//728 727//727 729//729
f 728//728 729//729 730//730
f 730//730 729//729 731//731
f 730//730 731//731 732//732
f 732//732 731//731 733//733
f 732//732 733//733 734//734
f 734//734 733//733 735//735
f 734//734 735//735 736//736
f 736//736 735//735 737//737
f 736//736 737//737 738//738
f 738//738 737//737 739//739
f 738//738 739//739 740//740
f 740//740 739//739 741//741
f 740//740 741//741 742//742
f 742//742 741//741 743//743
f 742//742 743//743 744//744
f 744//744 743//743 745//745
f 744//744 745//745 746//746
f 746//746 745//745 747//747
f 746//746 747//747 748//748
f 748//748 747//747 749//749
f 748//748 749//749 750//750
f 750//750 749//749 751//751
f 750//750 751//751 752//752
f 752//752 751//751 753//753
f 752//752 753//753 754//754
f 754//754 753//753 755//755
f 754//754 755//755 756//756
f 756//756 755//755 757//757
f 756//756 757//757 758//758
f 758//758 757//757 759//759
f 758//758 759//759 760//760
f 760//760 759//759 761//761
f 760//760 761//761 762//762
f 762//762 761//761 763//763
f 762//762 763//763 764//764
f 764//764 763//763 765//765
f 764//764 765//765 766//766
f 766//766 765//765 767//767
f 766//766 767//767 768//768
f 768//768 767//767 769//769
f 768//768 769//769 770//770
f 770//770 769//769 771//771
f 770//770 771//771 772//772
f 772//772 771//771 773//773
f 772//772 773//773 774//774
f 774//774 773//773 775//775
f 774//774 775//775 776//776
f 776//776 775//775 777//777
f 776//776 777//777 778//778
f 778//778 777//777 779//779
f 778//778 779//779 780//780
f 780//780 779//779 781//781
f 780//780 781//781 782//782
f 782//782 781//781 783//783
f 782//782 783//783 784//784
f 784//784 783//783 785//785
f 784//784 785//785 786//786
f 786//786 785//785 787//787
f 786//786 787//787 788//788
f 788//788 787//787 789//789
f 788//788 789//789 790//790
f 790//790 789//789 791//791
f 790//790 791//791 792//792
f 792//792 791//791 793//793
f 792//792 793//793 724//724
f 724//724 793//793 725//725
f 794//794 795//795 796//796
f 796//796 795//795 797//797
f 796//796 797//797 798//798
f 798//798 797//797 799//799
f 798//798 799//799 800//800
f 800//800 799//799 801//801
f 800//800 801//801 802//802
f 802//802 801//801 803//803
f 802//802 803//803 804//804
f 804//804 803//803 727//727
f 804//804 727//727 725//725
f 795//795 794//794 805//805
f 805//805 794//794 806//806
f 805//805 806//806 807//807
f 807//807 806//806 808//808
f 807//807 808//808 809//809
f 809//809 808//808 810//810
f 809//809 810//810 811//811
f 811//811 810//810 812//812
f 811//811 812//812 813//813
f 813//813 812//812 814//814
f 813//813 814//814 815//815
f 815//815 814//814 816//816
f 815//815 816//816 817//817
f 817//817 816//816 818//818
f 817//817 818//818 819//819
f 819//819 818//818 820//820
f 819//819 820//820 821//821
f 821//821 820//820 822//822
f 821//821 822//822 823//823
f 823//823 822//822 824//824
f 823//823 824//824 825//825
f 825//825 824//824 826//826
f 825//825 826//826 827//827
f 827//827 826//826 828//828
f 827//827 828//828 829//829
f 829//829 828//828 830//830
f 829//829 830//830 831//831
f 831//831 830//830 832//832
f 831//831 832//832 759//759
f 759//759 832//832 761//761
f 824//824 833//833 826//826
f 826//826 833//833 834//834
f 826//826 834//834 828//828
f 828//828 834//834 835//835
f 828//828 835//835 830//830
f 830//830 835//835 836//836
f 830//830 836//836 832//832
f 832//832 836//836 837//837
f 832//832 837//837 761//761
f 761//761 837//837 763//763
f 833//833 838//838 834//834
f 834//834 838//838 839//839
f 834//834 839//839 835//835
f 835//835 839//839 840//840
f 835//835 840//840 836//836
f 836//836 840//840 841//841
f 836//836 841//841 837//837
f 837//837 841//841 842//842
f 837//837 842//842 763//763
f 763//763 842//842 765//765
f 838//838 843//843 839//839
f 839//839 843//843 844//844
f 839//839 844//844 840//840
f 840//840 844//844 845//845
f 840//840 845//845 841//841
f 841//841 845//845 846//846
f 841//841 846//846 842//842
f 842//842 846//846 847//847
f 842//842 847//847 765//765
f 765//765 847//847 767//767
f 843//843 848//848 844//844
f 844//844 848//848 849//849
f 844//844 849//849 845//845
f 845//845 849//849 850//850
f 845//845 850//850 846//846
f 846//846 850//850 851//851
f 846//846 851//851 847//847
f 847//847 851//851 852//852
f 847//847 852//852 767//767
f 767//767 852//852 769//769
f 848//848 853//853 849//849
f 849//849 853//853 854//854
f 849//849 854//854 850//850
f 850//850 854//854 855//855
f 850//850 855//855 851//851
f 851//851 855//855 856//856
f 851//851 856//856 852//852
f 852//852 856//856 857//857
f 852//852 857//857 769//769
f 769//769 857//857 771//771
f 853//853 858//858 854//854
f 854//854 858//858 859//859
f 854//854 859//859 855//855
f 855//855 859//859 860//860
f 855//855 860//860 856//856
f 856//856 860//860 861//861
f 856//856 861//861 857//857
f 857//857 861//861 862//862
f 857//857 862//862 771//771
f 771//771 862//862 773//773
f 858//858 863//863 859//859
f 859//859 863//863 864//864
f 859//859 864//864 860//860
f 860//860 864//864 865//865
f 860//860 865//865 861//861
f 861//861 865//865 866//866
f 861//861 866//866 862//862
f 862//862 866//866 867//867
f 862//862 867//867 773//773
f 773//773 867//867 775//775
f 863//863 868//868 864//864
f 864//864 868//868 869//869
f 864//864 869//869 865//865
f 865//865 869//869 870//870
f 865//865 870//870 866//866
f 866//866 870//870 871//871
f 866//866 871//871 867//867
f 867//867 871//871 872//872
f 867//867 872//872 775//775
f 775//775 872//872 777//777
f 868//868 873//873 869//869
f 869//869 873//873 874//874
f 869//869 874//874 870//870
f 870//870 874//874 875//875
f 870//870 875//875 871//871
f 871//871 875//875 876//876
f 871//871 876//876 872//872
f 872//872 876//876 877//877
f 872//872 877//877 777//777
f 777//777 877//877 779//779
f 873//873 878//878 874//874
f 874//874 878//878 879//879
f 874//874 879//879 875//875
f 875//875 879//879 880//880
f 875//875 880//880 876//876
f 876//876 880//880 881//881
f 876//876 881//881 877//877
f 877//877 881//881 882//882
f 877//877 882//882 779//779
f 779//779 882//882 781//781
f 879//879 878//878 883//883
f 883//883 878//878 884//884
f 883//883 884//884 885//885
f 885//885 884//884 886//886
f 885//885 886//886 887//887
f 887//887 886//886 888//888
f 887//887 888//888 889//889
f 889//889 888//888 890//890
f 889//889 890//890 891//891
f 891//891 890//890 892//892
f 891//891 892//892 893//893
f 893//893 892//892 894//894
f 893//893 894//894 895//895
f 895//895 894//894 896//896
f 895//895 896//896 897//897
f 897//897 896//896 898//898
f 897//897 898//898 899//899
f 899//899 898//898 900//900
f 899//899 900//900 901//901
f 901//901 900//900 902//902
f 901//901 902//902 798//798
f 798//798 902//902 796//796
f 727//727 803//803 729//729
f 729//729 803//803 903//903
f 729//729 903//903 731//731
f 731//731 903//903 904//904
f 731//731 904//904 733//733
f 733//733 904//904 905//905
f 733//733 905//905 735//735
f 735//735 905//905 906//906
f 735//735 906//906 737//737
f 737//737 906//906 907//907
f 737//737 907//907 739//739
f 739//739 907//907 908//908
f 739//739 908//908 741//741
f 741//741 908//908 909//909
f 741//741 909//909 743//743
f 743//743 909//909 910//910
f 743//743 910//910 745//745
f 745//745 910//910 911//911
f 745//745 911//911 747//747
f 747//747 911//911 912//912
f 747//747 912//912 749//749
f 749//749 912//912 913//913
f 749//749 913//913 751//751
f 751//751 913//913 914//914
f 751//751 914//914 753//753
f 753//753 914//914 915//915
f 753//753 915//915 755//755
f 755//755 915//915 916//916
f 755//755 916//916 757//757
f 757//757 916//916 831//831
f 757//757 831//831 759//759
f 803//803 801//801 903//903
f 903//903 801//801 917//917
f 903//903 917//917 904//904
f 904//904 917//917 918//918
f 904//904 918//918 905//905
f 905//905 918//918 919//919
f 905//905 919//919 906//906
f 906//906 919//919 920//920
f 906//906 920//920 907//907
f 907//907 920//920 921//921
f 907//907 921//921 908//908
f 908//908 921//921 922//922
f 908//908 922//922 909//909
f 909//909 922//922 923//923
f 909//909 923//923 910//910
f 910//910 923//923 924//924
f 910//910 924//924 911//911
f 911//911 924//924 925//925
f 911//911 925//925 912//912
f 912//912 925//925 926//926
f 912//912 926//926 913//913
f 913//913 926//926 927//927
f 913//913 927//927 914//914
f 914//914 927//927 928//928
f 914//914 928//928 915//915
f 915//915 928//928 929//929
f 915//915 929//929 916//916
f 916//916 929//929 829//829
f 916//916 829//829 831//831
f 801//801 799//799 917//917
f 917//917 799//799 930//930
f 917//917 930//930 918//918
f 918//918 930//930 931//931
f 918//918 931//931 919//919
f 919//919 931//931 932//932
f 919//919 932//932 920//920
f 920//920 932//932 933//933
f 920//920 933//933 921//921
f 921//921 933//933 934//934
f 921//921 934//934 922//922
f 922//922 934//934 935//935
f 922//922 935//935 923//923
f 923//923 935//935 936//936
f 923//923 936//936 924//924
f 924//924 936//936 937//937
f 924//924 937//937 925//925
f 925//925 937//937 938//938
f 925//925 938//938 926//926
f 926//926 938//938 939//939
f 926//926 939//939 927//927
f 927//927 939//939 940//940
f 927//927 940//940 928//928
f 928//928 940//940 941//941
f 928//928 941//941 929//929
f 929//929 941//941 827//827
f 929//929 827//827 829//829
f 799//799 797//797 930//930
f 930//930 797//797 795//795
f 930//930 795//795 931//931
f 931//931 795//795 805//805
f 931//931 805//805 932//932
f 932//932 805//805 807//807
f 932//932 807//807 933//933
f 933//933 807//807 809//809
f 933//933 809//809 934//934
f 934//934 809//809 811//811
f 934//934 811//811 935//935
f 935//935 811//811 813//813
f 935//935 813//813 936//936
f 936//936 813//813 815//815
f 936//936 815//815 937//937
f 937//937 815//815 817//817
f 937//937 817//817 938//938
f 938//938 817//817 819//819
f 938//938 819//819 939//939
f 939//939 819//819 821//821
f 939//939 821//821 940//940
f 940//940 821//821 823//823
f 940//940 823//823 941//941
f 941//941 823//823 825//825
f 941//941 825//825 827//827
f 804//804 725//725 942//942
f 942//942 725//725 793//793
f 942//942 793//793 943//943
f 943//943 793//793 791//791
f 943//943 791//791 944//944
f 944//944 791//791 789//789
f 944//944 789//789 945//945
f 945//945 789//789 787//787
f 945//945 787//787 946//946
f 946//946 787//787 785//785
f 946//946 785//785 947//947
f 947//947 785//785 783//783
f 947//947 783//783 948//948
f 948//948 783//783 781//781
f 948//948 781//781 882//882
f 802//802 804//804 949//949
f 949//949 804//804 942//942
f 949//949 942//942 950//950
f 950//950 942//942 943//943
f 950//950 943//943 951//951
f 951//951 943//943 944//944
f 951//951 944//944 952//952
f 952//952 944//944 945//945
f 952//952 945//945 953//953
f 953//953 945//945 946//946
f 953//953 946//946 954//954
f 954//954 946//946 947//947
f 954//954 947//947 955//955
f 955//955 947//947 948//948
f 955//955 948//948 956//956
f 956//956 948//948 882//882
f 956//956 882//882 881//881
f 901//901 798//798 800//800
f 800//800 802//802 957//957
f 957//957 802//802 949//949
f 957//957 949//949 958//958
f 958//958 949//949 950//950
f 958//958 950//950 959//959
f 959//959 950//950 951//951
f 959//959 951//951 960//960
f 960//960 951//951 952//952
f 960//960 952//952 961//961
f 961//961 952//952 953//953
f 961//961 953//953 962//962
f 962//962 953//953 954//954
f 962//962 954//954 963//963
f 963//963 954//954 955//955
f 963//963 955//955 964//964
f 964//964 955//955 956//956
f 964//964 956//956 965//965
f 965//965 956//956 881//881
f 965//965 881//881 880//880
f 899//899 901//901 957//957
f 957//957 901//901 800//800
f 899//899 957//957 958//958
f 897//897 899//899 958//958
f 897//897 958//958 959//959
f 895//895 897//897 959//959
f 895//895 959//959 960//960
f 893//893 895//895 960//960
f 893//893 960//960 961//961
f 891//891 893//893 961//961
f 891//891 961//961 962//962
f 889//889 891//891 962//962
f 889//889 962//962 963//963
f 887//887 889//889 963//963
f 887//887 963//963 964//964
f 885//885 887//887 964//964
f 885//885 964//964 965//965
f 883//883 885//885 965//965
f 883//883 965//965 880//880
f 879//879 883//883 880//880
f 67//67 966//966 61//61
f 61//61 966//966 967//967
f 61//61 967//967 736//736
f 736//736 967//967 734//734
f 734//734 967//967 968//968
f 734//734 968//968 969//969
f 969//969 968//968 970//970
f 970//970 968//968 971//971
f 970//970 971//971 972//972
f 972//972 971//971 973//973
f 972//972 973//973 974//974
f 966//966 67//67 975//975
f 975//975 67//67 66//66
f 975//975 66//66 976//976
f 976//976 66//66 64//64
f 976//976 64//64 63//63
f 976//976 63//63 977//977
f 977//977 63//63 72//72
f 977//977 72//72 978//978
f 978//978 72//72 71//71
f 978//978 71//71 979//979
f 979//979 71//71 69//69
f 979//979 69//69 980//980
f 980//980 69//69 68//68
f 980//980 68//68 981//981
f 981//981 68//68 752//752
f 981//981 752//752 982//982
f 982//982 752//752 754//754
f 982//982 754//754 983//983
f 983//983 754//754 984//984
f 984//984 754//754 756//756
f 984//984 756//756 985//985
f 985//985 756//756 986//986
f 985//985 986//986 987//987
f 68//68 54//54 752//752
f 752//752 54//54 750//750
f 750//750 54//54 53//53
f 750//750 53//53 748//748
f 748//748 53//53 52//52
f 748//748 52//52 746//746
f 746//746 52//52 50//50
f 746//746 50//50 744//744
f 744//744 50//50 49//49
f 744//744 49//49 742//742
f 742//742 49//49 60//60
f 742//742 60//60 59//59
f 742//742 59//59 740//740
f 740//740 59//59 57//57
f 740//740 57//57 738//738
f 738//738 57//57 56//56
f 738//738 56//56 736//736
f 736//736 56//56 61//61
f 988//988 989//989 990//990
f 990//990 989//989 991//991
f 990//990 991//991 992//992
f 992//992 991//991 993//993
f 992//992 993//993 994//994
f 994//994 993//993 995//995
f 994//994 995//995 792//792
f 792//792 995//995 790//790
f 790//790 995//995 788//788
f 788//788 995//995 996//996
f 788//788 996//996 786//786
f 786//786 996//996 997//997
f 786//786 997//997 784//784
f 784//784 997//997 998//998
f 784//784 998//998 782//782
f 782//782 998//998 999//999
f 782//782 999//999 780//780
f 780//780 999//999 1000//1000
f 780//780 1000//1000 778//778
f 778//778 1000//1000 1001//1001
f 778//778 1001//1001 776//776
f 776//776 1001//1001 1002//1002
f 776//776 1002//1002 774//774
f 774//774 1002//1002 1003//1003
f 774//774 1003//1003 772//772
f 772//772 1003//1003 1004//1004
f 772//772 1004//1004 770//770
f 770//770 1004//1004 1005//1005
f 770//770 1005//1005 768//768
f 768//768 1005//1005 1006//1006
f 768//768 1006//1006 766//766
f 766//766 1006//1006 1007//1007
f 766//766 1007//1007 1008//1008
f 1008//1008 1007//1007 1009//1009
f 1009//1009 1007//1007 1010//1010
f 1009//1009 1010//1010 1011//1011
f 1011//1011 1010//1010 1012//1012
f 1011//1011 1012//1012 1013//1013
f 991//991 1014//1014 993//993
f 993//993 1014//1014 1015//1015
f 993//993 1015//1015 995//995
f 995//995 1015//1015 996//996
f 1014//1014 1016//1016 1015//1015
f 1015//1015 1016//1016 1017//1017
f 1015//1015 1017//1017 996//996
f 996//996 1017//1017 997//997
f 1016//1016 1018//1018 1017//1017
f 1017//1017 1018//1018 1019//1019
f 1017//1017 1019//1019 997//997
f 997//997 1019//1019 998//998
f 1018//1018 1020//1020 1019//1019
f 1019//1019 1020//1020 1021//1021
f 1019//1019 1021//1021 998//998
f 998//998 1021//1021 999//999
f 1020//1020 1022//1022 1021//1021
f 1021//1021 1022//1022 1023//1023
f 1021//1021 1023//1023 999//999
f 999//999 1023//1023 1000//1000
f 1022//1022 1024//1024 1023//1023
f 1023//1023 1024//1024 1025//1025
f 1023//1023 1025//1025 1000//1000
f 1000//1000 1025//1025 1001//1001
f 1024//1024 1026//1026 1025//1025
f 1025//1025 1026//1026 1027//1027
f 1025//1025 1027//1027 1001//1001
f 1001//1001 1027//1027 1002//1002
f 1026//1026 1028//1028 1027//1027
f 1027//1027 1028//1028 1029//1029
f 1027//1027 1029//1029 1002//1002
f 1002//1002 1029//1029 1003//1003
f 1028//1028 1030//1030 1029//1029
f 1029//1029 1030//1030 1031//1031
f 1029//1029 1031//1031 1003//1003
f 1003//1003 1031//1031 1004//1004
f 1030//1030 1032//1032 1031//1031
f 1031//1031 1032//1032 1033//1033
f 1031//1031 1033//1033 1004//1004
f 1004//1004 1033//1033 1005//1005
f 1032//1032 1034//1034 1033//1033
f 1033//1033 1034//1034 1035//1035
f 1033//1033 1035//1035 1005//1005
f 1005//1005 1035//1035 1006//1006
f 1034//1034 1036//1036 1035//1035
f 1035//1035 1036//1036 1037//1037
f 1035//1035 1037//1037 1006//1006
f 1006//1006 1037//1037 1007//1007
f 1036//1036 1038//1038 1037//1037
f 1037//1037 1038//1038 1010//1010
f 1037//1037 1010//1010 1007//1007
f 1038//1038 1012//1012 1010//1010
f 1011//1011 1013//1013 1039//1039
f 1039//1039 1013//1013 1040//1040
f 1039//1039 1040//1040 1041//1041
f 1041//1041 1040//1040 1042//1042
f 1041//1041 1042//1042 1043//1043
f 1043//1043 1042//1042 1044//1044
f 1043//1043 1044//1044 1045//1045
f 1045//1045 1044//1044 1046//1046
f 1045//1045 1046//1046 1047//1047
f 1047//1047 1046//1046 1048//1048
f 1047//1047 1048//1048 1049//1049
f 1049//1049 1048//1048 1050//1050
f 1049//1049 1050//1050 1051//1051
f 1051//1051 1050//1050 1052//1052
f 1051//1051 1052//1052 1053//1053
f 1053//1053 1052//1052 1054//1054
f 1053//1053 1054//1054 1055//1055
f 1055//1055 1054//1054 1056//1056
f 1055//1055 1056//1056 1057//1057
f 1057//1057 1056//1056 1058//1058
f 1057//1057 1058//1058 1059//1059
f 1059//1059 1058//1058 1060//1060
f 1059//1059 1060//1060 1061//1061
f 1061//1061 1060//1060 1062//1062
f 1061//1061 1062//1062 1063//1063
f 1063//1063 1062//1062 1064//1064
f 1063//1063 1064//1064 1065//1065
f 1065//1065 1064//1064 1066//1066
f 1065//1065 1066//1066 971//971
f 971//971 1066//1066 973//973
f 972//972 974//974 1067//1067
f 1067//1067 974//974 1068//1068
f 1067//1067 1068//1068 1069//1069
f 1069//1069 1068//1068 988//988
f 1069//1069 988//988 990//990
f 766//766 1008//1008 764//764
f 764//764 1008//1008 1070//1070
f 764//764 1070//1070 762//762
f 762//762 1070//1070 1071//1071
f 762//762 1071//1071 760//760
f 760//760 1071//1071 1072//1072
f 760//760 1072//1072 758//758
f 758//758 1072//1072 986//986
f 758//758 986//986 756//756
f 982//982 1073//1073 981//981
f 981//981 1073//1073 1049//1049
f 981//981 1049//1049 980//980
f 980//980 1049//1049 1051//1051
f 980//980 1051//1051 979//979
f 979//979 1051//1051 1053//1053
f 979//979 1053//1053 978//978
f 978//978 1053//1053 1055//1055
f 978//978 1055//1055 977//977
f 977//977 1055//1055 1057//1057
f 977//977 1057//1057 976//976
f 976//976 1057//1057 1059//1059
f 976//976 1059//1059 975//975
f 975//975 1059//1059 1061//1061
f 975//975 1061//1061 966//966
f 966//966 1061//1061 1063//1063
f 966//966 1063//1063 967//967
f 967//967 1063//1063 1065//1065
f 967//967 1065//1065 968//968
f 968//968 1065//1065 971//971
f 1049//1049 1073//1073 1047//1047
f 1047//1047 1073//1073 1074//1074
f 1047//1047 1074//1074 1045//1045
f 1045//1045 1074//1074 1075//1075
f 1045//1045 1075//1075 1043//1043
f 1043//1043 1075//1075 1076//1076
f 1043//1043 1076//1076 1041//1041
f 1041//1041 1076//1076 1077//1077
f 1041//1041 1077//1077 1039//1039
f 1039//1039 1077//1077 1078//1078
f 1039//1039 1078//1078 1011//1011
f 1011//1011 1078//1078 1009//1009
f 1079//1079 728//728 1080//1080
f 1080//1080 728//728 730//730
f 1080//1080 730//730 1081//1081
f 1081//1081 730//730 732//732
f 1081//1081 732//732 1082//1082
f 1082//1082 732//732 1083//1083
f 1083//1083 732//732 734//734
f 1083//1083 734//734 969//969
f 728//728 1079//1079 726//726
f 726//726 1079//1079 1084//1084
f 726//726 1084//1084 1085//1085
f 726//726 1085//1085 724//724
f 724//724 1085//1085 1086//1086
f 724//724 1086//1086 792//792
f 792//792 1086//1086 994//994
f 994//994 1087//1087 992//992
f 992//992 1087//1087 1088//1088
f 992//992 1088//1088 990//990
f 990//990 1088//1088 1089//1089
f 990//990 1089//1089 1069//1069
f 1069//1069 1089//1089 1090//1090
f 1069//1069 1090//1090 1067//1067
f 1067//1067 1090//1090 1091//1091
f 1067//1067 1091//1091 972//972
f 972//972 1091//1091 970//970
f 1081//1081 1092//1092 1080//1080
f 902//902 858//858 796//796
f 796//796 858//858 853//853
f 796//796 853//853 794//794
f 794//794 853//853 848//848
f 794//794 848//848 806//806
f 806//806 848//848 843//843
f 806//806 843//843 808//808
f 808//808 843//843 838//838
f 808//808 838//838 810//810
f 810//810 838//838 833//833
f 810//810 833//833 812//812
f 812//812 833//833 824//824
f 812//812 824//824 814//814
f 814//814 824//824 822//822
f 814//814 822//822 816//816
f 816//816 822//822 820//820
f 816//816 820//820 818//818
f 858//858 902//902 863//863
f 863//863 902//902 900//900
f 863//863 900//900 868//868
f 868//868 900//900 898//898
f 868//868 898//898 873//873
f 873//873 898//898 896//896
f 873//873 896//896 878//878
f 878//878 896//896 894//894
f 878//878 894//894 884//884
f 884//884 894//894 892//892
f 884//884 892//892 886//886
f 886//886 892//892 890//890
f 886//886 890//890 888//888
f 1093//1093 1094//1094 1095//1095
f 1095//1095 1094//1094 1096//1096
f 1095//1095 1096//1096 1097//1097
f 1097//1097 1096//1096 1098//1098
f 1097//1097 1098//1098 1099//1099
f 1099//1099 1098//1098 1100//1100
f 1099//1099 1100//1100 1101//1101
f 1101//1101 1100//1100 1102//1102
f 1101//1101 1102//1102 1103//1103
f 1103//1103 1102//1102 1104//1104
f 1103//1103 1104//1104 1105//1105
f 1105//1105 1104//1104 1106//1106
f 1105//1105 1106//1106 1107//1107
f 1107//1107 1106//1106 1108//1108
f 1107//1107 1108//1108 1109//1109
f 1109//1109 1108//1108 1110//1110
f 1109//1109 1110//1110 1111//1111
f 1111//1111 1110//1110 1112//1112
f 1111//1111 1112//1112 1113//1113
f 1113//1113 1112//1112 1114//1114
f 1113//1113 1114//1114 1115//1115
f 1115//1115 1114//1114 1116//1116
f 1115//1115 1116//1116 1117//1117
f 1117//1117 1116//1116 1118//1118
f 1117//1117 1118//1118 1119//1119
f 1119//1119 1118//1118 1120//1120
f 1119//1119 1120//1120 1121//1121
f 1121//1121 1120//1120 1122//1122
f 1121//1121 1122//1122 1123//1123
f 1123//1123 1122//1122 1124//1124
f 1123//1123 1124//1124 1125//1125
f 1125//1125 1124//1124 1126//1126
f 1125//1125 1126//1126 1127//1127
f 1127//1127 1126//1126 1128//1128
f 1127//1127 1128//1128 1129//1129
f 1129//1129 1128//1128 1130//1130
f 1129//1129 1130//1130 1131//1131
f 1131//1131 1130//1130 1132//1132
f 1131//1131 1132//1132 1133//1133
f 1133//1133 1132//1132 1134//1134
f 1133//1133 1134//1134 1135//1135
f 1135//1135 1134//1134 1136//1136
f 1135//1135 1136//1136 1137//1137
f 1137//1137 1136//1136 1138//1138
f 1137//1137 1138//1138 1139//1139
f 1139//1139 1138//1138 1140//1140
f 1139//1139 1140//1140 1141//1141
f 1141//1141 1140//1140 1142//1142
f 1141//1141 1142//1142 1143//1143
f 1143//1143 1142//1142 1144//1144
f 1143//1143 1144//1144 1145//1145
f 1145//1145 1144//1144 1146//1146
f 1145//1145 1146//1146 1147//1147
f 1147//1147 1146//1146 1148//1148
f 1147//1147 1148//1148 1149//1149
f 1149//1149 1148//1148 1150//1150
f 1149//1149 1150//1150 1151//1151
f 1151//1151 1150//1150 1152//1152
f 1151//1151 1152//1152 1153//1153
f 1153//1153 1152//1152 1154//1154
f 1153//1153 1154//1154 1155//1155
f 1155//1155 1154//1154 1156//1156
f 1155//1155 1156//1156 1157//1157
f 1157//1157 1156//1156 1158//1158
f 1157//1157 1158//1158 1159//1159
f 1159//1159 1158//1158 1160//1160
f 1159//1159 1160//1160 1161//1161
f 1161//1161 1160//1160 1162//1162
f 1161//1161 1162//1162 1093//1093
f 1093//1093 1162//1162 1094//1094
f 1163//1163 1164//1164 1165//1165
f 1165//1165 1164//1164 1166//1166
f 1165//1165 1166//1166 1167//1167
f 1167//1167 1166//1166 1168//1168
f 1167//1167 1168//1168 1169//1169
f 1169//1169 1168//1168 1170//1170
f 1169//1169 1170//1170 1171//1171
f 1171//1171 1170//1170 1172//1172
f 1171//1171 1172//1172 1173//1173
f 1173//1173 1172//1172 1096//1096
f 1173//1173 1096//1096 1094//1094
f 1164//1164 1163//1163 1174//1174
f 1174//1174 1163//1163 1175//1175
f 1174//1174 1175//1175 1176//1176
f 1176//1176 1175//1175 1177//1177
f 1176//1176 1177//1177 1178//1178
f 1178//1178 1177//1177 1179//1179
f 1178//1178 1179//1179 1180//1180
f 1180//1180 1179//1179 1181//1181
f 1180//1180 1181//1181 1182//1182
f 1182//1182 1181//1181 1183//1183
f 1182//1182 1183//1183 1184//1184
f 1184//1184 1183//1183 1185//1185
f 1184//1184 1185//1185 1186//1186
f 1186//1186 1185//1185 1187//1187
f 1186//1186 1187//1187 1188//1188
f 1188//1188 1187//1187 1189//1189
f 1188//1188 1189//1189 1190//1190
f 1190//1190 1189//1189 1191//1191
f 1190//1190 1191//1191 1192//1192
f 1192//1192 1191//1191 1193//1193
f 1192//1192 1193//1193 1194//1194
f 1194//1194 1193//1193 1195//1195
f 1194//1194 1195//1195 1196//1196
f 1196//1196 1195//1195 1197//1197
f 1196//1196 1197//1197 1198//1198
f 1198//1198 1197//1197 1199//1199
f 1198//1198 1199//1199 1200//1200
f 1200//1200 1199//1199 1201//1201
f 1200//1200 1201//1201 1128//1128
f 1128//1128 1201//1201 1130//1130
f 1193//1193 1202//1202 1195//1195
f 1195//1195 1202//1202 1203//1203
f 1195//1195 1203//1203 1197//1197
f 1197//1197 1203//1203 1204//1204
f 1197//1197 1204//1204 1199//1199
f 1199//1199 1204//1204 1205//1205
f 1199//1199 1205//1205 1201//1201
f 1201//1201 1205//1205 1206//1206
f 1201//1201 1206//1206 1130//1130
f 1130//1130 1206//1206 1132//1132
f 1202//1202 1207//1207 1203//1203
f 1203//1203 1207//1207 1208//1208
f 1203//1203 1208//1208 1204//1204
f 1204//1204 1208//1208 1209//1209
f 1204//1204 1209//1209 1205//1205
f 1205//1205 1209//1209 1210//1210
f 1205//1205 1210//1210 1206//1206
f 1206//1206 1210//1210 1211//1211
f 1206//1206 1211//1211 1132//1132
f 1132//1132 1211//1211 1134//1134
f 1207//1207 1212//1212 1208//1208
f 1208//1208 1212//1212 1213//1213
f 1208//1208 1213//1213 1209//1209
f 1209//1209 1213//1213 1214//1214
f 1209//1209 1214//1214 1210//1210
f 1210//1210 1214//1214 1215//1215
f 1210//1210 1215//1215 1211//1211
f 1211//1211 1215//1215 1216//1216
f 1211//1211 1216//1216 1134//1134
f 1134//1134 1216//1216 1136//1136
f 1212//1212 1217//1217 1213//1213
f 1213//1213 1217//1217 1218//1218
f 1213//1213 1218//1218 1214//1214
f 1214//1214 1218//1218 1219//1219
f 1214//1214 1219//1219 1215//1215
f 1215//1215 1219//1219 1220//1220
f 1215//1215 1220//1220 1216//1216
f 1216//1216 1220//1220 1221//1221
f 1216//1216 1221//1221 1136//1136
f 1136//1136 1221//1221 1138//1138
f 1217//1217 1222//1222 1218//1218
f 1218//1218 1222//1222 1223//1223
f 1218//1218 1223//1223 1219//1219
f 1219//1219 1223//1223 1224//1224
f 1219//1219 1224//1224 1220//1220
f 1220//1220 1224//1224 1225//1225
f 1220//1220 1225//1225 1221//1221
f 1221//1221 1225//1225 1226//1226
f 1221//1221 1226//1226 1138//1138
f 1138//1138 1226//1226 1140//1140
f 1222//1222 1227//1227 1223//1223
f 1223//1223 1227//1227 1228//1228
f 1223//1223 1228//1228 1224//1224
f 1224//1224 1228//1228 1229//1229
f 1224//1224 1229//1229 1225//1225
f 1225//1225 1229//1229 1230//1230
f 1225//1225 1230//1230 1226//1226
f 1226//1226 1230//1230 1231//1231
f 1226//1226 1231//1231 1140//1140
f 1140//1140 1231//1231 1142//1142
f 1227//1227 1232//1232 1228//1228
f 1228//1228 1232//1232 1233//1233
f 1228//1228 1233//1233 1229//1229
f 1229//1229 1233//1233 1234//1234
f 1229//1229 1234//1234 1230//1230
f 1230//1230 1234//1234 1235//1235
f 1230//1230 1235//1235 1231//1231
f 1231//1231 1235//1235 1236//1236
f 1231//1231 1236//1236 1142//1142
f 1142//1142 1236//1236 1144//1144
f 1232//1232 1237//1237 1233//1233
f 1233//1233 1237//1237 1238//1238
f 1233//1233 1238//1238 1234//1234
f 1234//1234 1238//1238 1239//1239
f 1234//1234 1239//1239 1235//1235
f 1235//1235 1239//1239 1240//1240
f 1235//1235 1240//1240 1236//1236
f 1236//1236 1240//1240 1241//1241
f 1236//1236 1241//1241 1144//1144
f 1144//1144 1241//1241 1146//1146
f 1237//1237 1242//1242 1238//1238
f 1238//1238 1242//1242 1243//1243
f 1238//1238 1243//1243 1239//1239
f 1239//1239 1243//1243 1244//1244
f 1239//1239 1244//1244 1240//1240
f 1240//1240 1244//1244 1245//1245
f 1240//1240 1245//1245 1241//1241
f 1241//1241 1245//1245 1246//1246
f 1241//1241 1246//1246 1146//1146
f 1146//1146 1246//1246 1148//1148
f 1242//1242 1247//1247 1243//1243
f 1243//1243 1247//1247 1248//1248
f 1243//1243 1248//1248 1244//1244
f 1244//1244 1248//1248 1249//1249
f 1244//1244 1249//1249 1245//1245
f 1245//1245 1249//1249 1250//1250
f 1245//1245 1250//1250 1246//1246
f 1246//1246 1250//1250 1251//1251
f 1246//1246 1251//1251 1148//1148
f 1148//1148 1251//1251 1150//1150
f 1248//1248 1247//1247 1252//1252
f 1252//1252 1247//1247 1253//1253
f 1252//1252 1253//1253 1254//1254
f 1254//1254 1253//1253 1255//1255
f 1254//1254 1255//1255 1256//1256
f 1256//1256 1255//1255 1257//1257
f 1256//1256 1257//1257 1258//1258
f 1258//1258 1257//1257 1259//1259
f 1258//1258 1259//1259 1260//1260
f 1260//1260 1259//1259 1261//1261
f 1260//1260 1261//1261 1262//1262
f 1262//1262 1261//1261 1263//1263
f 1262//1262 1263//1263 1264//1264
f 1264//1264 1263//1263 1265//1265
f 1264//1264 1265//1265 1266//1266
f 1266//1266 1265//1265 1267//1267
f 1266//1266 1267//1267 1268//1268
f 1268//1268 1267//1267 1269//1269
f 1268//1268 1269//1269 1270//1270
f 1270//1270 1269//1269 1271//1271
f 1270//1270 1271//1271 1167//1167
f 1167//1167 1271//1271 1165//1165
f 1096//1096 1172//1172 1098//1098
f 1098//1098 1172//1172 1272//1272
f 1098//1098 1272//1272 1100//1100
f 1100//1100 1272//1272 1273//1273
f 1100//1100 1273//1273 1102//1102
f 1102//1102 1273//1273 1274//1274
f 1102//1102 1274//1274 1104//1104
f 1104//1104 1274//1274 1275//1275
f 1104//1104 1275//1275 1106//1106
f 1106//1106 1275//1275 1276//1276
f 1106//1106 1276//1276 1108//1108
f 1108//1108 1276//1276 1277//1277
f 1108//1108 1277//1277 1110//1110
f 1110//1110 1277//1277 1278//1278
f 1110//1110 1278//1278 1112//1112
f 1112//1112 1278//1278 1279//1279
f 1112//1112 1279//1279 1114//1114
f 1114//1114 1279//1279 1280//1280
f 1114//1114 1280//1280 1116//1116
f 1116//1116 1280//1280 1281//1281
f 1116//1116 1281//1281 1118//1118
f 1118//1118 1281//1281 1282//1282
f 1118//1118 1282//1282 1120//1120
f 1120//1120 1282//1282 1283//1283
f 1120//1120 1283//1283 1122//1122
f 1122//1122 1283//1283 1284//1284
f 1122//1122 1284//1284 1124//1124
f 1124//1124 1284//1284 1285//1285
f 1124//1124 1285//1285 1126//1126
f 1126//1126 1285//1285 1200//1200
f 1126//1126 1200//1200 1128//1128
f 1172//1172 1170//1170 1272//1272
f 1272//1272 1170//1170 1286//1286
f 1272//1272 1286//1286 1273//1273
f 1273//1273 1286//1286 1287//1287
f 1273//1273 1287//1287 1274//1274
f 1274//1274 1287//1287 1288//1288
f 1274//1274 1288//1288 1275//1275
f 1275//1275 1288//1288 1289//1289
f 1275//1275 1289//1289 1276//1276
f 1276//1276 1289//1289 1290//1290
f 1276//1276 1290//1290 1277//1277
f 1277//1277 1290//1290 1291//1291
f 1277//1277 1291//1291 1278//1278
f 1278//1278 1291//1291 1292//1292
f 1278//1278 1292//1292 1279//1279
f 1279//1279 1292//1292 1293//1293
f 1279//1279 1293//1293 1280//1280
f 1280//1280 1293//1293 1294//1294
f 1280//1280 1294//1294 1281//1281
f 1281//1281 1294//1294 1295//1295
f 1281//1281 1295//1295 1282//1282
f 1282//1282 1295//1295 1296//1296
f 1282//1282 1296//1296 1283//1283
f 1283//1283 1296//1296 1297//1297
f 1283//1283 1297//1297 1284//1284
f 1284//1284 1297//1297 1298//1298
f 1284//1284 1298//1298 1285//1285
f 1285//1285 1298//1298 1198//1198
f 1285//1285 1198//1198 1200//1200
f 1170//1170 1168//1168 1286//1286
f 1286//1286 1168//1168 1299//1299
f 1286//1286 1299//1299 1287//1287
f 1287//1287 1299//1299 1300//1300
f 1287//1287 1300//1300 1288//1288
f 1288//1288 1300//1300 1301//1301
f 1288//1288 1301//1301 1289//1289
f 1289//1289 1301//1301 1302//1302
f 1289//1289 1302//1302 1290//1290
f 1290//1290 1302//1302 1303//1303
f 1290//1290 1303//1303 1291//1291
f 1291//1291 1303//1303 1304//1304
f 1291//1291 1304//1304 1292//1292
f 1292//1292 1304//1304 1305//1305
f 1292//1292 1305//1305 1293//1293
f 1293//1293 1305//1305 1306//1306
f 1293//1293 1306//1306 1294//1294
f 1294//1294 1306//1306 1307//1307
f 1294//1294 1307//1307 1295//1295
f 1295//1295 1307//1307 1308//1308
f 1295//1295 1308//1308 1296//1296
f 1296//1296 1308//1308 1309//1309
f 1296//1296 1309//1309 1297//1297
f 1297//1297 1309//1309 1310//1310
f 1297//1297 1310//1310 1298//1298
f 1298//1298 1310//1310 1196//1196
f 1298//1298 1196//1196 1198//1198
f 1168//1168 1166//1166 1299//1299
f 1299//1299 1166//1166 1164//1164
f 1299//1299 1164//1164 1300//1300
f 1300//1300 1164//1164 1174//1174
f 1300//1300 1174//1174 1301//1301
f 1301//1301 1174//1174 1176//1176
f 1301//1301 1176//1176 1302//1302
f 1302//1302 1176//1176 1178//1178
f 1302//1302 1178//1178 1303//1303
f 1303//1303 1178//1178 1180//1180
f 1303//1303 1180//1180 1304//1304
f 1304//1304 1180//1180 1182//1182
f 1304//1304 1182//1182 1305//1305
f 1305//1305 1182//1182 1184//1184
f 1305//1305 1184//1184 1306//1306
f 1306//1306 1184//1184 1186//1186
f 1306//1306 1186//1186 1307//1307
f 1307//1307 1186//1186 1188//1188
f 1307//1307 1188//1188 1308//1308
f 1308//1308 1188//1188 1190//1190
f 1308//1308 1190//1190 1309//1309
f 1309//1309 1190//1190 1192//1192
f 1309//1309 1192//1192 1310//1310
f 1310//1310 1192//1192 1194//1194
f 1310//1310 1194//1194 1196//1196
f 1173//1173 1094//1094 1311//1311
f 1311//1311 1094//1094 1162//1162
f 1311//1311 1162//1162 1312//1312
f 1312//1312 1162//1162 1160//1160
f 1312//1312 1160//1160 1313//1313
f 1313//1313 1160//1160 1158//1158
f 1313//1313 1158//1158 1314//1314
f 1314//1314 1158//1158 1156//1156
f 1314//1314 1156//1156 1315//1315
f 1315//1315 1156//1156 1154//1154
f 1315//1315 1154//1154 1316//1316
f 1316//1316 1154//1154 1152//1152
f 1316//1316 1152//1152 1317//1317
f 1317//1317 1152//1152 1150//1150
f 1317//1317 1150//1150 1251//1251
f 1171//1171 1173//1173 1318//1318
f 1318//1318 1173//1173 1311//1311
f 1318//1318 1311//1311 1319//1319
f 1319//1319 1311//1311 1312//1312
f 1319//1319 1312//1312 1320//1320
f 1320//1320 1312//1312 1313//1313
f 1320//1320 1313//1313 1321//1321
f 1321//1321 1313//1313 1314//1314
f 1321//1321 1314//1314 1322//1322
f 1322//1322 1314//1314 1315//1315
f 1322//1322 1315//1315 1323//1323
f 1323//1323 1315//1315 1316//1316
f 1323//1323 1316//1316 1324//1324
f 1324//1324 1316//1316 1317//1317
f 1324//1324 1317//1317 1325//1325
f 1325//1325 1317//1317 1251//1251
f 1325//1325 1251//1251 1250//1250
f 1270//1270 1167//1167 1169//1169
f 1169//1169 1171//1171 1326//1326
f 1326//1326 1171//1171 1318//1318
f 1326//1326 1318//1318 1327//1327
f 1327//1327 1318//1318 1319//1319
f 1327//1327 1319//1319 1328//1328
f 1328//1328 1319//1319 1320//1320
f 1328//1328 1320//1320 1329//1329
f 1329//1329 1320//1320 1321//1321
f 1329//1329 1321//1321 1330//1330
f 1330//1330 1321//1321 1322//1322
f 1330//1330 1322//1322 1331//1331
f 1331//1331 1322//1322 1323//1323
f 1331//1331 1323//1323 1332//1332
f 1332//1332 1323//1323 1324//1324
f 1332//1332 1324//1324 1333//1333
f 1333//1333 1324//1324 1325//1325
f 1333//1333 1325//1325 1334//1334
f 1334//1334 1325//1325 1250//1250
f 1334//1334 1250//1250 1249//1249
f 1268//1268 1270//1270 1326//1326
f 1326//1326 1270//1270 1169//1169
f 1268//1268 1326//1326 1327//1327
f 1266//1266 1268//1268 1327//1327
f 1266//1266 1327//1327 1328//1328
f 1264//1264 1266//1266 1328//1328
f 1264//1264 1328//1328 1329//1329
f 1262//1262 1264//1264 1329//1329
f 1262//1262 1329//1329 1330//1330
f 1260//1260 1262//1262 1330//1330
f 1260//1260 1330//1330 1331//1331
f 1258//1258 1260//1260 1331//1331
f 1258//1258 1331//1331 1332//1332
f 1256//1256 1258//1258 1332//1332
f 1256//1256 1332//1332 1333//1333
f 1254//1254 1256//1256 1333//1333
f 1254//1254 1333//1333 1334//1334
f 1252//1252 1254//1254 1334//1334
f 1252//1252 1334//1334 1249//1249
f 1248//1248 1252//1252 1249//1249
f 19//19 1335//1335 13//13
f 13//13 1335//1335 1336//1336
f 13//13 1336//1336 1105//1105
f 1105//1105 1336//1336 1103//1103
f 1103//1103 1336//1336 1337//1337
f 1103//1103 1337//1337 1338//1338
f 1338//1338 1337//1337 1339//1339
f 1339//1339 1337//1337 1340//1340
f 1339//1339 1340//1340 1341//1341
f 1341//1341 1340//1340 1342//1342
f 1341//1341 1342//1342 1343//1343
f 1335//1335 19//19 1344//1344
f 1344//1344 19//19 18//18
f 1344//1344 18//18 1345//1345
f 1345//1345 18//18 16//16
f 1345//1345 16//16 15//15
f 1345//1345 15//15 1346//1346
f 1346//1346 15//15 24//24
f 1346//1346 24//24 1347//1347
f 1347//1347 24//24 23//23
f 1347//1347 23//23 1348//1348
f 1348//1348 23//23 21//21
f 1348//1348 21//21 1349//1349
f 1349//1349 21//21 20//20
f 1349//1349 20//20 1350//1350
f 1350//1350 20//20 1121//1121
f 1350//1350 1121//1121 1351//1351
f 1351//1351 1121//1121 1123//1123
f 1351//1351 1123//1123 1352//1352
f 1352//1352 1123//1123 1353//1353
f 1353//1353 1123//1123 1125//1125
f 1353//1353 1125//1125 1354//1354
f 1354//1354 1125//1125 1355//1355
f 1354//1354 1355//1355 1356//1356
f 20//20 6//6 1121//1121
f 1121//1121 6//6 1119//1119
f 1119//1119 6//6 5//5
f 1119//1119 5//5 1117//1117
f 1117//1117 5//5 4//4
f 1117//1117 4//4 1115//1115
f 1115//1115 4//4 2//2
f 1115//1115 2//2 1113//1113
f 1113//1113 2//2 1//1
f 1113//1113 1//1 1111//1111
f 1111//1111 1//1 12//12
f 1111//1111 12//12 11//11
f 1111//1111 11//11 1109//1109
f 1109//1109 11//11 9//9
f 1109//1109 9//9 1107//1107
f 1107//1107 9//9 8//8
f 1107//1107 8//8 1105//1105
f 1105//1105 8//8 13//13
f 1357//1357 1358//1358 1359//1359
f 1359//1359 1358//1358 1360//1360
f 1359//1359 1360//1360 1361//1361
f 1361//1361 1360//1360 1362//1362
f 1361//1361 1362//1362 1363//1363
f 1363//1363 1362//1362 1364//1364
f 1363//1363 1364//1364 1161//1161
f 1161//1161 1364//1364 1159//1159
f 1159//1159 1364//1364 1157//1157
f 1157//1157 1364//1364 1365//1365
f 1157//1157 1365//1365 1155//1155
f 1155//1155 1365//1365 1366//1366
f 1155//1155 1366//1366 1153//1153
f 1153//1153 1366//1366 1367//1367
f 1153//1153 1367//1367 1151//1151
f 1151//1151 1367//1367 1368//1368
f 1151//1151 1368//1368 1149//1149
f 1149//1149 1368//1368 1369//1369
f 1149//1149 1369//1369 1147//1147
f 1147//1147 1369//1369 1370//1370
f 1147//1147 1370//1370 1145//1145
f 1145//1145 1370//1370 1371//1371
f 1145//1145 1371//1371 1143//1143
f 1143//1143 1371//1371 1372//1372
f 1143//1143 1372//1372 1141//1141
f 1141//1141 1372//1372 1373//1373
f 1141//1141 1373//1373 1139//1139
f 1139//1139 1373//1373 1374//1374
f 1139//1139 1374//1374 1137//1137
f 1137//1137 1374//1374 1375//1375
f 1137//1137 1375//1375 1135//1135
f 1135//1135 1375//1375 1376//1376
f 1135//1135 1376//1376 1377//1377
f 1377//1377 1376//1376 1378//1378
f 1378//1378 1376//1376 1379//1379
f 1378//1378 1379//1379 1380//1380
f 1380//1380 1379//1379 1381//1381
f 1380//1380 1381//1381 1382//1382
f 1360//1360 1383//1383 1362//1362
f 1362//1362 1383//1383 1384//1384
f 1362//1362 1384//1384 1364//1364
f 1364//1364 1384//1384 1365//1365
f 1383//1383 1385//1385 1384//1384
f 1384//1384 1385//1385 1386//1386
f 1384//1384 1386//1386 1365//1365
f 1365//1365 1386//1386 1366//1366
f 1385//1385 1387//1387 1386//1386
f 1386//1386 1387//1387 1388//1388
f 1386//1386 1388//1388 1366//1366
f 1366//1366 1388//1388 1367//1367
f 1387//1387 1389//1389 1388//1388
f 1388//1388 1389//1389 1390//1390
f 1388//1388 1390//1390 1367//1367
f 1367//1367 1390//1390 1368//1368
f 1389//1389 1391//1391 1390//1390
f 1390//1390 1391//1391 1392//1392
f 1390//1390 1392//1392 1368//1368
f 1368//1368 1392//1392 1369//1369
f 1391//1391 1393//1393 1392//1392
f 1392//1392 1393//1393 1394//1394
f 1392//1392 1394//1394 1369//1369
f 1369//1369 1394//1394 1370//1370
f 1393//1393 1395//1395 1394//1394
f 1394//1394 1395//1395 1396//1396
f 1394//1394 1396//1396 1370//1370
f 1370//1370 1396//1396 1371//1371
f 1395//1395 1397//1397 1396//1396
f 1396//1396 1397//1397 1398//1398
f 1396//1396 1398//1398 1371//1371
f 1371//1371 1398//1398 1372//1372
f 1397//1397 1399//1399 1398//1398
f 1398//1398 1399//1399 1400//1400
f 1398//1398 1400//1400 1372//1372
f 1372//1372 1400//1400 1373//1373
f 1399//1399 1401//1401 1400//1400
f 1400//1400 1401//1401 1402//1402
f 1400//1400 1402//1402 1373//1373
f 1373//1373 1402//1402 1374//1374
f 1401//1401 1403//1403 1402//1402
f 1402//1402 1403//1403 1404//1404
f 1402//1402 1404//1404 1374//1374
f 1374//1374 1404//1404 1375//1375
f 1403//1403 1405//1405 1404//1404
f 1404//1404 1405//1405 1406//1406
f 1404//1404 1406//1406 1375//1375
f 1375//1375 1406//1406 1376//1376
f 1405//1405 1407//1407 1406//1406
f 1406//1406 1407//1407 1379//1379
f 1406//1406 1379//1379 1376//1376
f 1407//1407 1381//1381 1379//1379
f 1380//1380 1382//1382 1408//1408
f 1408//1408 1382//1382 1409//1409
f 1408//1408 1409//1409 1410//1410
f 1410//1410 1409//1409 1411//1411
f 1410//1410 1411//1411 1412//1412
f 1412//1412 1411//1411 1413//1413
f 1412//1412 1413//1413 1414//1414
f 1414//1414 1413//1413 1415//1415
f 1414//1414 1415//1415 1416//1416
f 1416//1416 1415//1415 1417//1417
f 1416//1416 1417//1417 1418//1418
f 1418//1418 1417//1417 1419//1419
f 1418//1418 1419//1419 1420//1420
f 1420//1420 1419//1419 1421//1421
f 1420//1420 1421//1421 1422//1422
f 1422//1422 1421//1421 1423//1423
f 1422//1422 1423//1423 1424//1424
f 1424//1424 1423//1423 1425//1425
f 1424//1424 1425//1425 1426//1426
f 1426//1426 1425//1425 1427//1427
f 1426//1426 1427//1427 1428//1428
f 1428//1428 1427//1427 1429//1429
f 1428//1428 1429//1429 1430//1430
f 1430//1430 1429//1429 1431//1431
f 1430//1430 1431//1431 1432//1432
f 1432//1432 1431//1431 1433//1433
f 1432//1432 1433//1433 1434//1434
f 1434//1434 1433//1433 1435//1435
f 1434//1434 1435//1435 1340//1340
f 1340//1340 1435//1435 1342//1342
f 1341//1341 1343//1343 1436//1436
f 1436//1436 1343//1343 1437//1437
f 1436//1436 1437//1437 1438//1438
f 1438//1438 1437//1437 1357//1357
f 1438//1438 1357//1357 1359//1359
f 1135//1135 1377//1377 1133//1133
f 1133//1133 1377//1377 1439//1439
f 1133//1133 1439//1439 1131//1131
f 1131//1131 1439//1439 1440//1440
f 1131//1131 1440//1440 1129//1129
f 1129//1129 1440//1440 1441//1441
f 1129//1129 1441//1441 1127//1127
f 1127//1127 1441//1441 1355//1355
f 1127//1127 1355//1355 1125//1125
f 1351//1351 1442//1442 1350//1350
f 1350//1350 1442//1442 1418//1418
f 1350//1350 1418//1418 1349//1349
f 1349//1349 1418//1418 1420//1420
f 1349//1349 1420//1420 1348//1348
f 1348//1348 1420//1420 1422//1422
f 1348//1348 1422//1422 1347//1347
f 1347//1347 1422//1422 1424//1424
f 1347//1347 1424//1424 1346//1346
f 1346//1346 1424//1424 1426//1426
f 1346//1346 1426//1426 1345//1345
f 1345//1345 1426//1426 1428//1428
f 1345//1345 1428//1428 1344//1344
f 1344//1344 1428//1428 1430//1430
f 1344//1344 1430//1430 1335//1335
f 1335//1335 1430//1430 1432//1432
f 1335//1335 1432//1432 1336//1336
f 1336//1336 1432//1432 1434//1434
f 1336//1336 1434//1434 1337//1337
f 1337//1337 1434//1434 1340//1340
f 1418//1418 1442//1442 1416//1416
f 1416//1416 1442//1442 1443//1443
f 1416//1416 1443//1443 1414//1414
f 1414//1414 1443//1443 1444//1444
f 1414//1414 1444//1444 1412//1412
f 1412//1412 1444//1444 1445//1445
f 1412//1412 1445//1445 1410//1410
f 1410//1410 1445//1445 1446//1446
f 1410//1410 1446//1446 1408//1408
f 1408//1408 1446//1446 1447//1447
f 1408//1408 1447//1447 1380//1380
f 1380//1380 1447//1447 1378//1378
f 1448//1448 1097//1097 1449//1449
f 1449//1449 1097//1097 1099//1099
f 1449//1449 1099//1099 1450//1450
f 1450//1450 1099//1099 1101//1101
f 1450//1450 1101//1101 1451//1451
f 1451//1451 1101//1101 1452//1452
f 1452//1452 1101//1101 1103//1103
f 1452//1452 1103//1103 1338//1338
f 1097//1097 1448//1448 1095//1095
f 1095//1095 1448//1448 1453//1453
f 1095//1095 1453//1453 1454//1454
f 1095//1095 1454//1454 1093//1093
f 1093//1093 1454//1454 1455//1455
f 1093//1093 1455//1455 1161//1161
f 1161//1161 1455//1455 1363//1363
f 1363//1363 1456//1456 1361//1361
f 1361//1361 1456//1456 1457//1457
f 1361//1361 1457//1457 1359//1359
f 1359//1359 1457//1457 1458//1458
f 1359//1359 1458//1458 1438//1438
f 1438//1438 1458//1458 1459//1459
f 1438//1438 1459//1459 1436//1436
f 1436//1436 1459//1459 1460//1460
f 1436//1436 1460//1460 1341//1341
f 1341//1341 1460//1460 1339//1339
f 1450//1450 1461//1461 1449//1449
f 1271//1271 1227//1227 1165//1165
f 1165//1165 1227//1227 1222//1222
f 1165//1165 1222//1222 1163//1163
f 1163//1163 1222//1222 1217//1217
f 1163//1163 1217//1217 1175//1175
f 1175//1175 1217//1217 1212//1212
f 1175//1175 1212//1212 1177//1177
f 1177//1177 1212//1212 1207//1207
f 1177//1177 1207//1207 1179//1179
f 1179//1179 1207//1207 1202//1202
f 1179//1179 1202//1202 1181//1181
f 1181//1181 1202//1202 1193//1193
f 1181//1181 1193//1193 1183//1183
f 1183//1183 1193//1193 1191//1191
f 1183//1183 1191//1191 1185//1185
f 1185//1185 1191//1191 1189//1189
f 1185//1185 1189//1189 1187//1187
f 1227//1227 1271//1271 1232//1232
f 1232//1232 1271//1271 1269//1269
f 1232//1232 1269//1269 1237//1237
f 1237//1237 1269//1269 1267//1267
f 1237//1237 1267//1267 1242//1242
f 1242//1242 1267//1267 1265//1265
f 1242//1242 1265//1265 1247//1247
f 1247//1247 1265//1265 1263//1263
f 1247//1247 1263//1263 1253//1253
f 1253//1253 1263//1263 1261//1261
f 1253//1253 1261//1261 1255//1255
f 1255//1255 1261//1261 1259//1259
f 1255//1255 1259//1259 1257//1257
f 622//622 1462//1462 621//621
f 621//621 1462//1462 1463//1463
f 621//621 1463//1463 620//620
f 620//620 1463//1463 1464//1464
f 620//620 1464//1464 619//619
f 619//619 1464//1464 1465//1465
f 619//619 1465//1465 618//618
f 618//618 1465//1465 1466//1466
f 618//618 1466//1466 617//617
f 617//617 1466//1466 1467//1467
f 617//617 1467//1467 616//616
f 616//616 1467//1467 1468//1468
f 616//616 1468//1468 615//615
f 615//615 1468//1468 1469//1469
f 615//615 1469//1469 614//614
f 614//614 1469//1469 1470//1470
f 614//614 1470//1470 613//613
f 613//613 1470//1470 1471//1471
f 1471//1471 1470//1470 1472//1472
f 1471//1471 1472//1472 1473//1473
f 1473//1473 1472//1472 1474//1474
f 1473//1473 1474//1474 1475//1475
f 1475//1475 1474//1474 1476//1476
f 1475//1475 1476//1476 1477//1477
f 1477//1477 1476//1476 1478//1478
f 1477//1477 1478//1478 1479//1479
f 1479//1479 1478//1478 1480//1480
f 1480//1480 1478//1478 1481//1481
f 1481//1481 1478//1478 1482//1482
f 1481//1481 1482//1482 1483//1483
f 1483//1483 1482//1482 1484//1484
f 1483//1483 1484//1484 1485//1485
f 1485//1485 1484//1484 1486//1486
f 1485//1485 1486//1486 1487//1487
f 1487//1487 1486//1486 1488//1488
f 1487//1487 1488//1488 1489//1489
f 1489//1489 1488//1488 1490//1490
f 1489//1489 1490//1490 1491//1491
f 1491//1491 1490//1490 1492//1492
f 1491//1491 1492//1492 1493//1493
f 1493//1493 1492//1492 1494//1494
f 1493//1493 1494//1494 1495//1495
f 1495//1495 1494//1494 1496//1496
f 1496//1496 1494//1494 1497//1497
f 1496//1496 1497//1497 1498//1498
f 1498//1498 1497//1497 1499//1499
f 1498//1498 1499//1499 1500//1500
f 1500//1500 1499//1499 1501//1501
f 1500//1500 1501//1501 1502//1502
f 1502//1502 1501//1501 1463//1463
f 1502//1502 1463//1463 1462//1462
f 1497//1497 1494//1494 1503//1503
f 1503//1503 1494//1494 1492//1492
f 1503//1503 1492//1492 1504//1504
f 1504//1504 1492//1492 1490//1490
f 1504//1504 1490//1490 1505//1505
f 1505//1505 1490//1490 1488//1488
f 1505//1505 1488//1488 1506//1506
f 1506//1506 1488//1488 1486//1486
f 1506//1506 1486//1486 1507//1507
f 1507//1507 1486//1486 1484//1484
f 1507//1507 1484//1484 1508//1508
f 1508//1508 1484//1484 1482//1482
f 1508//1508 1482//1482 1476//1476
f 1476//1476 1482//1482 1478//1478
f 1499//1499 1497//1497 1509//1509
f 1509//1509 1497//1497 1503//1503
f 1509//1509 1503//1503 1510//1510
f 1510//1510 1503//1503 1504//1504
f 1510//1510 1504//1504 1511//1511
f 1511//1511 1504//1504 1505//1505
f 1511//1511 1505//1505 1512//1512
f 1512//1512 1505//1505 1506//1506
f 1512//1512 1506//1506 1513//1513
f 1513//1513 1506//1506 1507//1507
f 1513//1513 1507//1507 1514//1514
f 1514//1514 1507//1507 1508//1508
f 1514//1514 1508//1508 1474//1474
f 1474//1474 1508//1508 1476//1476
f 1464//1464 1463//1463 1501//1501
f 1501//1501 1499//1499 1515//1515
f 1515//1515 1499//1499 1509//1509
f 1515//1515 1509//1509 1516//1516
f 1516//1516 1509//1509 1510//1510
f 1516//1516 1510//1510 1517//1517
f 1517//1517 1510//1510 1511//1511
f 1517//1517 1511//1511 1518//1518
f 1518//1518 1511//1511 1512//1512
f 1518//1518 1512//1512 1519//1519
f 1519//1519 1512//1512 1513//1513
f 1519//1519 1513//1513 1520//1520
f 1520//1520 1513//1513 1514//1514
f 1520//1520 1514//1514 1472//1472
f 1472//1472 1514//1514 1474//1474
f 1465//1465 1464//1464 1515//1515
f 1515//1515 1464//1464 1501//1501
f 1465//1465 1515//1515 1516//1516
f 1466//1466 1465//1465 1516//1516
f 1466//1466 1516//1516 1517//1517
f 1467//1467 1466//1466 1517//1517
f 1467//1467 1517//1517 1518//1518
f 1468//1468 1467//1467 1518//1518
f 1468//1468 1518//1518 1519//1519
f 1469//1469 1468//1468 1519//1519
f 1469//1469 1519//1519 1520//1520
f 1470//1470 1469//1469 1520//1520
f 1470//1470 1520//1520 1472//1472
f 1521//1521 1522//1522 1523//1523
f 1523//1523 1522//1522 1524//1524
f 1523//1523 1524//1524 1525//1525
f 1525//1525 1524//1524 1526//1526
f 1525//1525 1526//1526 1527//1527
f 1527//1527 1526//1526 1528//1528
f 1527//1527 1528//1528 1529//1529
f 1529//1529 1528//1528 1530//1530
f 1529//1529 1530//1530 1531//1531
f 1531//1531 1530//1530 1532//1532
f 1531//1531 1532//1532 1533//1533
f 1533//1533 1532//1532 612//612
f 1533//1533 612//612 1534//1534
f 1534//1534 612//612 613//613
f 1534//1534 613//613 1535//1535
f 1535//1535 613//613 1536//1536
f 1535//1535 1536//1536 1537//1537
f 1537//1537 1536//1536 1538//1538
f 1537//1537 1538//1538 1539//1539
f 1539//1539 1538//1538 1540//1540
f 1539//1539 1540//1540 1541//1541
f 1541//1541 1540//1540 1542//1542
f 1541//1541 1542//1542 1543//1543
f 1543//1543 1542//1542 1544//1544
f 1543//1543 1544//1544 1480//1480
f 1480//1480 1544//1544 1545//1545
f 1480//1480 1545//1545 1546//1546
f 1546//1546 1545//1545 1547//1547
f 1546//1546 1547//1547 1548//1548
f 1548//1548 1547//1547 1549//1549
f 1548//1548 1549//1549 1550//1550
f 1550//1550 1549//1549 1551//1551
f 1550//1550 1551//1551 1552//1552
f 1552//1552 1551//1551 1553//1553
f 1552//1552 1553//1553 1471//1471
f 1471//1471 1553//1553 613//613
f 613//613 1553//1553 1554//1554
f 613//613 1554//1554 1555//1555
f 1555//1555 1554//1554 1556//1556
f 1555//1555 1556//1556 1557//1557
f 1557//1557 1556//1556 1558//1558
f 1557//1557 1558//1558 1559//1559
f 1559//1559 1558//1558 1560//1560
f 1559//1559 1560//1560 1542//1542
f 1542//1542 1560//1560 1544//1544
f 1522//1522 1521//1521 1561//1561
f 1561//1561 1521//1521 1562//1562
f 1561//1561 1562//1562 1563//1563
f 1563//1563 1562//1562 1564//1564
f 1563//1563 1564//1564 1565//1565
f 1565//1565 1564//1564 1566//1566
f 1565//1565 1566//1566 1567//1567
f 1567//1567 1566//1566 1568//1568
f 1567//1567 1568//1568 612//612
f 1471//1471 1473//1473 1552//1552
f 1552//1552 1473//1473 1569//1569
f 1552//1552 1569//1569 1550//1550
f 1550//1550 1569//1569 1570//1570
f 1550//1550 1570//1570 1548//1548
f 1548//1548 1570//1570 1571//1571
f 1548//1548 1571//1571 1546//1546
f 1546//1546 1571//1571 1480//1480
f 1473//1473 1475//1475 1569//1569
f 1569//1569 1475//1475 1572//1572
f 1569//1569 1572//1572 1570//1570
f 1570//1570 1572//1572 1573//1573
f 1570//1570 1573//1573 1571//1571
f 1571//1571 1573//1573 1480//1480
f 1475//1475 1477//1477 1572//1572
f 1572//1572 1477//1477 1574//1574
f 1572//1572 1574//1574 1573//1573
f 1573//1573 1574//1574 1480//1480
f 1477//1477 1479//1479 1574//1574
f 1574//1574 1479//1479 1480//1480
f 1543//1543 1480//1480 1575//1575
f 1575//1575 1480//1480 1523//1523
f 1575//1575 1523//1523 1576//1576
f 1576//1576 1523//1523 1577//1577
f 1576//1576 1577//1577 1578//1578
f 1578//1578 1577//1577 1579//1579
f 1578//1578 1579//1579 1580//1580
f 1580//1580 1579//1579 1581//1581
f 1580//1580 1581//1581 1582//1582
f 1582//1582 1581//1581 1531//1531
f 1582//1582 1531//1531 1533//1533
f 1524//1524 1522//1522 1583//1583
f 1583//1583 1522//1522 1561//1561
f 1583//1583 1561//1561 1584//1584
f 1584//1584 1561//1561 1563//1563
f 1584//1584 1563//1563 1585//1585
f 1585//1585 1563//1563 1565//1565
f 1585//1585 1565//1565 1586//1586
f 1586//1586 1565//1565 1567//1567
f 1586//1586 1567//1567 612//612
f 1525//1525 1587//1587 1523//1523
f 1523//1523 1587//1587 1588//1588
f 1523//1523 1588//1588 1577//1577
f 1577//1577 1588//1588 1579//1579
f 1525//1525 1527//1527 1587//1587
f 1587//1587 1527//1527 1589//1589
f 1587//1587 1589//1589 1588//1588
f 1588//1588 1589//1589 1579//1579
f 1541//1541 1543//1543 1575//1575
f 1575//1575 1576//1576 1590//1590
f 1590//1590 1576//1576 1578//1578
f 1590//1590 1578//1578 1591//1591
f 1591//1591 1578//1578 1580//1580
f 1591//1591 1580//1580 1592//1592
f 1592//1592 1580//1580 1582//1582
f 1592//1592 1582//1582 1534//1534
f 1534//1534 1582//1582 1533//1533
f 1547//1547 1545//1545 1560//1560
f 1560//1560 1545//1545 1544//1544
f 1524//1524 1583//1583 1526//1526
f 1526//1526 1583//1583 1593//1593
f 1526//1526 1593//1593 1528//1528
f 1528//1528 1593//1593 1594//1594
f 1528//1528 1594//1594 1530//1530
f 1530//1530 1594//1594 1595//1595
f 1530//1530 1595//1595 1532//1532
f 1532//1532 1595//1595 612//612
f 1593//1593 1583//1583 1584//1584
f 1581//1581 1579//1579 1589//1589
f 1581//1581 1589//1589 1529//1529
f 1529//1529 1589//1589 1527//1527
f 1539//1539 1541//1541 1590//1590
f 1590//1590 1541//1541 1575//1575
f 1539//1539 1590//1590 1591//1591
f 1559//1559 1542//1542 1540//1540
f 1549//1549 1547//1547 1558//1558
f 1558//1558 1547//1547 1560//1560
f 1593//1593 1584//1584 1596//1596
f 1596//1596 1584//1584 1585//1585
f 1596//1596 1585//1585 1597//1597
f 1597//1597 1585//1585 1586//1586
f 1597//1597 1586//1586 612//612
f 1531//1531 1581//1581 1529//1529
f 1537//1537 1539//1539 1591//1591
f 1537//1537 1591//1591 1592//1592
f 1559//1559 1540//1540 1598//1598
f 1598//1598 1540//1540 1538//1538
f 1598//1598 1538//1538 1599//1599
f 1599//1599 1538//1538 1536//1536
f 1599//1599 1536//1536 613//613
f 1551//1551 1549//1549 1556//1556
f 1556//1556 1549//1549 1558//1558
f 1593//1593 1596//1596 1594//1594
f 1594//1594 1596//1596 1600//1600
f 1594//1594 1600//1600 1595//1595
f 1595//1595 1600//1600 612//612
f 1600//1600 1596//1596 1597//1597
f 1535//1535 1537//1537 1592//1592
f 1535//1535 1592//1592 1534//1534
f 1559//1559 1598//1598 1557//1557
f 1557//1557 1598//1598 1601//1601
f 1557//1557 1601//1601 1555//1555
f 1555//1555 1601//1601 613//613
f 1601//1601 1598//1598 1599//1599
f 1553//1553 1551//1551 1554//1554
f 1554//1554 1551//1551 1556//1556
f 612//612 1600//1600 1597//1597
f 613//613 1601//1601 1599//1599
f 1602//1602 1603//1603 1604//1604
f 1604//1604 1603//1603 1605//1605
f 1604//1604 1605//1605 1606//1606
f 1604//1604 1606//1606 1607//1607
f 1607//1607 1606//1606 1608//1608
f 1607//1607 1608//1608 1609//1609
f 1609//1609 1608//1608 1610//1610
f 1609//1609 1610//1610 1611//1611
f 1611//1611 1610//1610 1612//1612
f 1611//1611 1612//1612 1613//1613
f 1613//1613 1612//1612 603//603
f 1613//1613 603//603 604//604
f 1613//1613 604//604 1614//1614
f 1614//1614 604//604 605//605
f 1614//1614 605//605 1615//1615
f 1615//1615 605//605 606//606
f 1615//1615 606//606 1616//1616
f 1616//1616 606//606 607//607
f 1616//1616 607//607 1617//1617
f 1617//1617 607//607 608//608
f 1617//1617 608//608 1618//1618
f 1618//1618 608//608 609//609
f 1618//1618 609//609 1619//1619
f 1619//1619 609//609 610//610
f 1619//1619 610//610 1620//1620
f 1620//1620 610//610 611//611
f 1620//1620 611//611 1568//1568
f 1568//1568 611//611 612//612
f 1568//1568 1566//1566 1620//1620
f 1620//1620 1566//1566 1621//1621
f 1620//1620 1621//1621 1619//1619
f 1619//1619 1621//1621 1622//1622
f 1619//1619 1622//1622 1618//1618
f 1618//1618 1622//1622 1623//1623
f 1618//1618 1623//1623 1617//1617
f 1617//1617 1623//1623 1624//1624
f 1617//1617 1624//1624 1616//1616
f 1616//1616 1624//1624 1625//1625
f 1616//1616 1625//1625 1615//1615
f 1615//1615 1625//1625 1626//1626
f 1615//1615 1626//1626 1614//1614
f 1614//1614 1626//1626 1627//1627
f 1614//1614 1627//1627 1613//1613
f 1613//1613 1627//1627 1611//1611
f 1566//1566 1564//1564 1621//1621
f 1621//1621 1564//1564 1628//1628
f 1621//1621 1628//1628 1622//1622
f 1622//1622 1628//1628 1629//1629
f 1622//1622 1629//1629 1623//1623
f 1623//1623 1629//1629 1630//1630
f 1623//1623 1630//1630 1624//1624
f 1624//1624 1630//1630 1631//1631
f 1624//1624 1631//1631 1625//1625
f 1625//1625 1631//1631 1632//1632
f 1625//1625 1632//1632 1626//1626
f 1626//1626 1632//1632 1633//1633
f 1626//1626 1633//1633 1627//1627
f 1627//1627 1633//1633 1634//1634
f 1627//1627 1634//1634 1611//1611
f 1611//1611 1634//1634 1609//1609
f 1564//1564 1562//1562 1628//1628
f 1628//1628 1562//1562 1635//1635
f 1628//1628 1635//1635 1629//1629
f 1629//1629 1635//1635 1636//1636
f 1629//1629 1636//1636 1630//1630
f 1630//1630 1636//1636 1637//1637
f 1630//1630 1637//1637 1631//1631
f 1631//1631 1637//1637 1638//1638
f 1631//1631 1638//1638 1632//1632
f 1632//1632 1638//1638 1639//1639
f 1632//1632 1639//1639 1633//1633
f 1633//1633 1639//1639 1640//1640
f 1633//1633 1640//1640 1634//1634
f 1634//1634 1640//1640 1641//1641
f 1634//1634 1641//1641 1609//1609
f 1609//1609 1641//1641 1607//1607
f 1562//1562 1521//1521 1635//1635
f 1635//1635 1521//1521 1642//1642
f 1635//1635 1642//1642 1636//1636
f 1636//1636 1642//1642 1643//1643
f 1636//1636 1643//1643 1637//1637
f 1637//1637 1643//1643 1644//1644
f 1637//1637 1644//1644 1638//1638
f 1638//1638 1644//1644 1645//1645
f 1638//1638 1645//1645 1639//1639
f 1639//1639 1645//1645 1646//1646
f 1639//1639 1646//1646 1640//1640
f 1640//1640 1646//1646 1647//1647
f 1640//1640 1647//1647 1641//1641
f 1641//1641 1647//1647 1648//1648
f 1641//1641 1648//1648 1607//1607
f 1607//1607 1648//1648 1604//1604
f 1521//1521 1523//1523 1642//1642
f 1642//1642 1523//1523 1649//1649
f 1642//1642 1649//1649 1643//1643
f 1643//1643 1649//1649 1650//1650
f 1643//1643 1650//1650 1644//1644
f 1644//1644 1650//1650 1651//1651
f 1644//1644 1651//1651 1645//1645
f 1645//1645 1651//1651 1652//1652
f 1645//1645 1652//1652 1646//1646
f 1646//1646 1652//1652 1653//1653
f 1646//1646 1653//1653 1647//1647
f 1647//1647 1653//1653 1654//1654
f 1647//1647 1654//1654 1648//1648
f 1648//1648 1654//1654 1602//1602
f 1648//1648 1602//1602 1604//1604
f 1655//1655 1656//1656 1657//1657
f 1657//1657 1656//1656 1658//1658
f 1657//1657 1658//1658 1659//1659
f 1659//1659 1658//1658 1660//1660
f 1659//1659 1660//1660 1661//1661
f 1661//1661 1660//1660 1662//1662
f 1661//1661 1662//1662 1663//1663
f 1663//1663 1662//1662 1664//1664
f 1663//1663 1664//1664 1665//1665
f 1665//1665 1664//1664 1666//1666
f 1665//1665 1666//1666 1667//1667
f 1667//1667 1666//1666 603//603
f 1667//1667 603//603 1668//1668
f 1668//1668 603//603 1612//1612
f 1668//1668 1612//1612 1669//1669
f 1669//1669 1612//1612 1610//1610
f 1669//1669 1610//1610 1670//1670
f 1670//1670 1610//1610 1608//1608
f 1670//1670 1608//1608 1671//1671
f 1671//1671 1608//1608 1606//1606
f 1671//1671 1606//1606 1672//1672
f 1672//1672 1606//1606 1605//1605
f 1672//1672 1605//1605 1603//1603
f 1656//1656 1655//1655 1673//1673
f 1673//1673 1655//1655 1674//1674
f 1673//1673 1674//1674 1675//1675
f 1675//1675 1674//1674 1676//1676
f 1675//1675 1676//1676 1677//1677
f 1677//1677 1676//1676 1678//1678
f 1677//1677 1678//1678 1679//1679
f 1679//1679 1678//1678 1680//1680
f 1679//1679 1680//1680 1681//1681
f 603//603 1682//1682 1681//1681
f 1681//1681 1682//1682 1683//1683
f 1681//1681 1683//1683 1684//1684
f 1684//1684 1683//1683 1685//1685
f 1684//1684 1685//1685 1677//1677
f 1677//1677 1685//1685 1675//1675
f 1657//1657 1686//1686 1603//1603
f 1603//1603 1686//1686 1687//1687
f 1603//1603 1687//1687 1688//1688
f 1688//1688 1687//1687 1689//1689
f 1688//1688 1689//1689 1671//1671
f 1671//1671 1689//1689 1670//1670
f 1658//1658 1656//1656 1690//1690
f 1690//1690 1656//1656 1673//1673
f 1690//1690 1673//1673 1691//1691
f 1691//1691 1673//1673 1675//1675
f 1691//1691 1675//1675 1685//1685
f 1686//1686 1657//1657 1692//1692
f 1692//1692 1657//1657 1659//1659
f 1692//1692 1659//1659 1661//1661
f 1686//1686 1692//1692 1693//1693
f 1693//1693 1692//1692 1661//1661
f 1693//1693 1661//1661 1663//1663
f 1672//1672 1603//1603 1688//1688
f 1687//1687 1686//1686 1694//1694
f 1694//1694 1686//1686 1693//1693
f 1694//1694 1693//1693 1695//1695
f 1695//1695 1693//1693 1663//1663
f 1695//1695 1663//1663 1665//1665
f 1671//1671 1672//1672 1688//1688
f 1658//1658 1690//1690 1660//1660
f 1660//1660 1690//1690 1696//1696
f 1660//1660 1696//1696 1662//1662
f 1662//1662 1696//1696 1697//1697
f 1662//1662 1697//1697 1664//1664
f 1664//1664 1697//1697 1698//1698
f 1664//1664 1698//1698 1666//1666
f 1666//1666 1698//1698 603//603
f 1696//1696 1690//1690 1691//1691
f 1687//1687 1694//1694 1689//1689
f 1689//1689 1694//1694 1699//1699
f 1689//1689 1699//1699 1670//1670
f 1670//1670 1699//1699 1669//1669
f 1699//1699 1694//1694 1695//1695
f 1696//1696 1691//1691 1700//1700
f 1700//1700 1691//1691 1685//1685
f 1700//1700 1685//1685 1683//1683
f 1699//1699 1695//1695 1701//1701
f 1701//1701 1695//1695 1665//1665
f 1701//1701 1665//1665 1667//1667
f 1684//1684 1677//1677 1679//1679
f 1696//1696 1700//1700 1697//1697
f 1697//1697 1700//1700 1682//1682
f 1697//1697 1682//1682 1698//1698
f 1698//1698 1682//1682 603//603
f 1682//1682 1700//1700 1683//1683
f 1668//1668 1669//1669 1701//1701
f 1701//1701 1669//1669 1699//1699
f 1668//1668 1701//1701 1667//1667
f 1681//1681 1684//1684 1679//1679
f 1702//1702 1703//1703 1704//1704
f 1704//1704 1703//1703 1705//1705
f 1704//1704 1705//1705 1706//1706
f 1704//1704 1706//1706 1707//1707
f 1707//1707 1706//1706 1708//1708
f 1707//1707 1708//1708 1709//1709
f 1709//1709 1708//1708 1710//1710
f 1709//1709 1710//1710 1711//1711
f 1711//1711 1710//1710 1712//1712
f 1711//1711 1712//1712 1713//1713
f 1713//1713 1712//1712 1714//1714
f 1713//1713 1714//1714 1715//1715
f 1713//1713 1715//1715 1716//1716
f 1716//1716 1715//1715 1717//1717
f 1716//1716 1717//1717 1718//1718
f 1718//1718 1717//1717 1719//1719
f 1718//1718 1719//1719 1720//1720
f 1720//1720 1719//1719 1721//1721
f 1720//1720 1721//1721 1722//1722
f 1722//1722 1721//1721 1723//1723
f 1722//1722 1723//1723 1724//1724
f 1724//1724 1723//1723 1725//1725
f 1724//1724 1725//1725 1726//1726
f 1726//1726 1725//1725 1727//1727
f 1726//1726 1727//1727 1728//1728
f 1728//1728 1727//1727 1729//1729
f 1728//1728 1729//1729 1680//1680
f 1680//1680 1729//1729 1681//1681
f 1680//1680 1678//1678 1728//1728
f 1728//1728 1678//1678 1730//1730
f 1728//1728 1730//1730 1726//1726
f 1726//1726 1730//1730 1731//1731
f 1726//1726 1731//1731 1724//1724
f 1724//1724 1731//1731 1732//1732
f 1724//1724 1732//1732 1722//1722
f 1722//1722 1732//1732 1733//1733
f 1722//1722 1733//1733 1720//1720
f 1720//1720 1733//1733 1734//1734
f 1720//1720 1734//1734 1718//1718
f 1718//1718 1734//1734 1735//1735
f 1718//1718 1735//1735 1716//1716
f 1716//1716 1735//1735 1736//1736
f 1716//1716 1736//1736 1713//1713
f 1713//1713 1736//1736 1711//1711
f 1678//1678 1676//1676 1730//1730
f 1730//1730 1676//1676 1737//1737
f 1730//1730 1737//1737 1731//1731
f 1731//1731 1737//1737 1738//1738
f 1731//1731 1738//1738 1732//1732
f 1732//1732 1738//1738 1739//1739
f 1732//1732 1739//1739 1733//1733
f 1733//1733 1739//1739 1740//1740
f 1733//1733 1740//1740 1734//1734
f 1734//1734 1740//1740 1741//1741
f 1734//1734 1741//1741 1735//1735
f 1735//1735 1741//1741 1742//1742
f 1735//1735 1742//1742 1736//1736
f 1736//1736 1742//1742 1743//1743
f 1736//1736 1743//1743 1711//1711
f 1711//1711 1743//1743 1709//1709
f 1676//1676 1674//1674 1737//1737
f 1737//1737 1674//1674 1744//1744
f 1737//1737 1744//1744 1738//1738
f 1738//1738 1744//1744 1745//1745
f 1738//1738 1745//1745 1739//1739
f 1739//1739 1745//1745 1746//1746
f 1739//1739 1746//1746 1740//1740
f 1740//1740 1746//1746 1747//1747
f 1740//1740 1747//1747 1741//1741
f 1741//1741 1747//1747 1748//1748
f 1741//1741 1748//1748 1742//1742
f 1742//1742 1748//1748 1749//1749
f 1742//1742 1749//1749 1743//1743
f 1743//1743 1749//1749 1750//1750
f 1743//1743 1750//1750 1709//1709
f 1709//1709 1750//1750 1707//1707
f 1674//1674 1655//1655 1744//1744
f 1744//1744 1655//1655 1751//1751
f 1744//1744 1751//1751 1745//1745
f 1745//1745 1751//1751 1752//1752
f 1745//1745 1752//1752 1746//1746
f 1746//1746 1752//1752 1753//1753
f 1746//1746 1753//1753 1747//1747
f 1747//1747 1753//1753 1754//1754
f 1747//1747 1754//1754 1748//1748
f 1748//1748 1754//1754 1755//1755
f 1748//1748 1755//1755 1749//1749
f 1749//1749 1755//1755 1756//1756
f 1749//1749 1756//1756 1750//1750
f 1750//1750 1756//1756 1757//1757
f 1750//1750 1757//1757 1707//1707
f 1707//1707 1757//1757 1704//1704
f 1655//1655 1657//1657 1751//1751
f 1751//1751 1657//1657 1758//1758
f 1751//1751 1758//1758 1752//1752
f 1752//1752 1758//1758 1759//1759
f 1752//1752 1759//1759 1753//1753
f 1753//1753 1759//1759 1760//1760
f 1753//1753 1760//1760 1754//1754
f 1754//1754 1760//1760 1761//1761
f 1754//1754 1761//1761 1755//1755
f 1755//1755 1761//1761 1762//1762
f 1755//1755 1762//1762 1756//1756
f 1756//1756 1762//1762 1763//1763
f 1756//1756 1763//1763 1757//1757
f 1757//1757 1763//1763 1702//1702
f 1757//1757 1702//1702 1704//1704
f 1764//1764 1765//1765 1766//1766
f 1766//1766 1765//1765 1767//1767
f 1766//1766 1767//1767 1768//1768
f 1768//1768 1767//1767 1769//1769
f 1768//1768 1769//1769 1770//1770
f 1770//1770 1769//1769 1771//1771
f 1770//1770 1771//1771 1772//1772
f 1772//1772 1771//1771 1773//1773
f 1772//1772 1773//1773 1774//1774
f 1774//1774 1773//1773 1775//1775
f 1774//1774 1775//1775 1776//1776
f 1776//1776 1775//1775 1777//1777
f 1776//1776 1777//1777 1778//1778
f 1778//1778 1777//1777 1714//1714
f 1778//1778 1714//1714 1779//1779
f 1779//1779 1714//1714 1780//1780
f 1779//1779 1780//1780 1781//1781
f 1781//1781 1780//1780 1782//1782
f 1781//1781 1782//1782 1783//1783
f 1783//1783 1782//1782 1784//1784
f 1783//1783 1784//1784 1785//1785
f 1785//1785 1784//1784 1786//1786
f 1785//1785 1786//1786 1787//1787
f 1787//1787 1786//1786 1788//1788
f 1787//1787 1788//1788 1703//1703
f 1703//1703 1788//1788 1789//1789
f 1703//1703 1789//1789 1790//1790
f 1790//1790 1789//1789 1791//1791
f 1790//1790 1791//1791 1792//1792
f 1792//1792 1791//1791 1793//1793
f 1792//1792 1793//1793 1794//1794
f 1794//1794 1793//1793 1795//1795
f 1794//1794 1795//1795 1796//1796
f 1796//1796 1795//1795 1797//1797
f 1796//1796 1797//1797 1712//1712
f 1712//1712 1797//1797 1714//1714
f 1714//1714 1797//1797 1798//1798
f 1714//1714 1798//1798 1799//1799
f 1799//1799 1798//1798 1800//1800
f 1799//1799 1800//1800 1801//1801
f 1801//1801 1800//1800 1802//1802
f 1801//1801 1802//1802 1803//1803
f 1803//1803 1802//1802 1804//1804
f 1803//1803 1804//1804 1786//1786
f 1786//1786 1804//1804 1788//1788
f 1765//1765 1764//1764 1805//1805
f 1805//1805 1764//1764 1806//1806
f 1805//1805 1806//1806 1807//1807
f 1807//1807 1806//1806 1808//1808
f 1807//1807 1808//1808 1809//1809
f 1809//1809 1808//1808 1810//1810
f 1809//1809 1810//1810 1811//1811
f 1811//1811 1810//1810 1812//1812
f 1811//1811 1812//1812 1777//1777
f 1712//1712 1710//1710 1796//1796
f 1796//1796 1710//1710 1813//1813
f 1796//1796 1813//1813 1794//1794
f 1794//1794 1813//1813 1814//1814
f 1794//1794 1814//1814 1792//1792
f 1792//1792 1814//1814 1815//1815
f 1792//1792 1815//1815 1790//1790
f 1790//1790 1815//1815 1703//1703
f 1710//1710 1708//1708 1813//1813
f 1813//1813 1708//1708 1816//1816
f 1813//1813 1816//1816 1814//1814
f 1814//1814 1816//1816 1817//1817
f 1814//1814 1817//1817 1815//1815
f 1815//1815 1817//1817 1703//1703
f 1708//1708 1706//1706 1816//1816
f 1816//1816 1706//1706 1818//1818
f 1816//1816 1818//1818 1817//1817
f 1817//1817 1818//1818 1703//1703
f 1706//1706 1705//1705 1818//1818
f 1818//1818 1705//1705 1703//1703
f 1787//1787 1703//1703 1819//1819
f 1819//1819 1703//1703 1766//1766
f 1819//1819 1766//1766 1820//1820
f 1820//1820 1766//1766 1821//1821
f 1820//1820 1821//1821 1822//1822
f 1822//1822 1821//1821 1823//1823
f 1822//1822 1823//1823 1824//1824
f 1824//1824 1823//1823 1825//1825
f 1824//1824 1825//1825 1826//1826
f 1826//1826 1825//1825 1774//1774
f 1826//1826 1774//1774 1776//1776
f 1767//1767 1765//1765 1827//1827
f 1827//1827 1765//1765 1805//1805
f 1827//1827 1805//1805 1828//1828
f 1828//1828 1805//1805 1807//1807
f 1828//1828 1807//1807 1829//1829
f 1829//1829 1807//1807 1809//1809
f 1829//1829 1809//1809 1830//1830
f 1830//1830 1809//1809 1811//1811
f 1830//1830 1811//1811 1777//1777
f 1768//1768 1831//1831 1766//1766
f 1766//1766 1831//1831 1832//1832
f 1766//1766 1832//1832 1821//1821
f 1821//1821 1832//1832 1823//1823
f 1768//1768 1770//1770 1831//1831
f 1831//1831 1770//1770 1833//1833
f 1831//1831 1833//1833 1832//1832
f 1832//1832 1833//1833 1823//1823
f 1785//1785 1787//1787 1819//1819
f 1819//1819 1820//1820 1834//1834
f 1834//1834 1820//1820 1822//1822
f 1834//1834 1822//1822 1835//1835
f 1835//1835 1822//1822 1824//1824
f 1835//1835 1824//1824 1836//1836
f 1836//1836 1824//1824 1826//1826
f 1836//1836 1826//1826 1778//1778
f 1778//1778 1826//1826 1776//1776
f 1791//1791 1789//1789 1804//1804
f 1804//1804 1789//1789 1788//1788
f 1767//1767 1827//1827 1769//1769
f 1769//1769 1827//1827 1837//1837
f 1769//1769 1837//1837 1771//1771
f 1771//1771 1837//1837 1838//1838
f 1771//1771 1838//1838 1773//1773
f 1773//1773 1838//1838 1839//1839
f 1773//1773 1839//1839 1775//1775
f 1775//1775 1839//1839 1777//1777
f 1837//1837 1827//1827 1828//1828
f 1825//1825 1823//1823 1833//1833
f 1825//1825 1833//1833 1772//1772
f 1772//1772 1833//1833 1770//1770
f 1783//1783 1785//1785 1834//1834
f 1834//1834 1785//1785 1819//1819
f 1783//1783 1834//1834 1835//1835
f 1803//1803 1786//1786 1784//1784
f 1793//1793 1791//1791 1802//1802
f 1802//1802 1791//1791 1804//1804
f 1837//1837 1828//1828 1840//1840
f 1840//1840 1828//1828 1829//1829
f 1840//1840 1829//1829 1841//1841
f 1841//1841 1829//1829 1830//1830
f 1841//1841 1830//1830 1777//1777
f 1774//1774 1825//1825 1772//1772
f 1781//1781 1783//1783 1835//1835
f 1781//1781 1835//1835 1836//1836
f 1803//1803 1784//1784 1842//1842
f 1842//1842 1784//1784 1782//1782
f 1842//1842 1782//1782 1843//1843
f 1843//1843 1782//1782 1780//1780
f 1843//1843 1780//1780 1714//1714
f 1795//1795 1793//1793 1800//1800
f 1800//1800 1793//1793 1802//1802
f 1837//1837 1840//1840 1838//1838
f 1838//1838 1840//1840 1844//1844
f 1838//1838 1844//1844 1839//1839
f 1839//1839 1844//1844 1777//1777
f 1844//1844 1840//1840 1841//1841
f 1779//1779 1781//1781 1836//1836
f 1779//1779 1836//1836 1778//1778
f 1803//1803 1842//1842 1801//1801
f 1801//1801 1842//1842 1845//1845
f 1801//1801 1845//1845 1799//1799
f 1799//1799 1845//1845 1714//1714
f 1845//1845 1842//1842 1843//1843
f 1797//1797 1795//1795 1798//1798
f 1798//1798 1795//1795 1800//1800
f 1777//1777 1844//1844 1841//1841
f 1714//1714 1845//1845 1843//1843
f 1846//1846 1847//1847 1848//1848
f 1848//1848 1847//1847 1849//1849
f 1848//1848 1849//1849 1850//1850
f 1848//1848 1850//1850 1851//1851
f 1851//1851 1850//1850 1852//1852
f 1851//1851 1852//1852 1853//1853
f 1853//1853 1852//1852 1854//1854
f 1853//1853 1854//1854 1855//1855
f 1855//1855 1854//1854 1856//1856
f 1855//1855 1856//1856 1857//1857
f 1857//1857 1856//1856 623//623
f 1857//1857 623//623 1858//1858
f 1857//1857 1858//1858 1859//1859
f 1859//1859 1858//1858 1860//1860
f 1859//1859 1860//1860 1861//1861
f 1861//1861 1860//1860 1862//1862
f 1861//1861 1862//1862 1863//1863
f 1863//1863 1862//1862 1864//1864
f 1863//1863 1864//1864 1865//1865
f 1865//1865 1864//1864 1866//1866
f 1865//1865 1866//1866 1867//1867
f 1867//1867 1866//1866 1868//1868
f 1867//1867 1868//1868 1869//1869
f 1869//1869 1868//1868 1870//1870
f 1869//1869 1870//1870 1871//1871
f 1871//1871 1870//1870 1872//1872
f 1871//1871 1872//1872 1812//1812
f 1812//1812 1872//1872 1777//1777
f 1812//1812 1810//1810 1871//1871
f 1871//1871 1810//1810 1873//1873
f 1871//1871 1873//1873 1869//1869
f 1869//1869 1873//1873 1874//1874
f 1869//1869 1874//1874 1867//1867
f 1867//1867 1874//1874 1875//1875
f 1867//1867 1875//1875 1865//1865
f 1865//1865 1875//1875 1876//1876
f 1865//1865 1876//1876 1863//1863
f 1863//1863 1876//1876 1877//1877
f 1863//1863 1877//1877 1861//1861
f 1861//1861 1877//1877 1878//1878
f 1861//1861 1878//1878 1859//1859
f 1859//1859 1878//1878 1879//1879
f 1859//1859 1879//1879 1857//1857
f 1857//1857 1879//1879 1855//1855
f 1810//1810 1808//1808 1873//1873
f 1873//1873 1808//1808 1880//1880
f 1873//1873 1880//1880 1874//1874
f 1874//1874 1880//1880 1881//1881
f 1874//1874 1881//1881 1875//1875
f 1875//1875 1881//1881 1882//1882
f 1875//1875 1882//1882 1876//1876
f 1876//1876 1882//1882 1883//1883
f 1876//1876 1883//1883 1877//1877
f 1877//1877 1883//1883 1884//1884
f 1877//1877 1884//1884 1878//1878
f 1878//1878 1884//1884 1885//1885
f 1878//1878 1885//1885 1879//1879
f 1879//1879 1885//1885 1886//1886
f 1879//1879 1886//1886 1855//1855
f 1855//1855 1886//1886 1853//1853
f 1808//1808 1806//1806 1880//1880
f 1880//1880 1806//1806 1887//1887
f 1880//1880 1887//1887 1881//1881
f 1881//1881 1887//1887 1888//1888
f 1881//1881 1888//1888 1882//1882
f 1882//1882 1888//1888 1889//1889
f 1882//1882 1889//1889 1883//1883
f 1883//1883 1889//1889 1890//1890
f 1883//1883 1890//1890 1884//1884
f 1884//1884 1890//1890 1891//1891
f 1884//1884 1891//1891 1885//1885
f 1885//1885 1891//1891 1892//1892
f 1885//1885 1892//1892 1886//1886
f 1886//1886 1892//1892 1893//1893
f 1886//1886 1893//1893 1853//1853
f 1853//1853 1893//1893 1851//1851
f 1806//1806 1764//1764 1887//1887
f 1887//1887 1764//1764 1894//1894
f 1887//1887 1894//1894 1888//1888
f 1888//1888 1894//1894 1895//1895
f 1888//1888 1895//1895 1889//1889
f 1889//1889 1895//1895 1896//1896
f 1889//1889 1896//1896 1890//1890
f 1890//1890 1896//1896 1897//1897
f 1890//1890 1897//1897 1891//1891
f 1891//1891 1897//1897 1898//1898
f 1891//1891 1898//1898 1892//1892
f 1892//1892 1898//1898 1899//1899
f 1892//1892 1899//1899 1893//1893
f 1893//1893 1899//1899 1900//1900
f 1893//1893 1900//1900 1851//1851
f 1851//1851 1900//1900 1848//1848
f 1764//1764 1766//1766 1894//1894
f 1894//1894 1766//1766 1901//1901
f 1894//1894 1901//1901 1895//1895
f 1895//1895 1901//1901 1902//1902
f 1895//1895 1902//1902 1896//1896
f 1896//1896 1902//1902 1903//1903
f 1896//1896 1903//1903 1897//1897
f 1897//1897 1903//1903 1904//1904
f 1897//1897 1904//1904 1898//1898
f 1898//1898 1904//1904 1905//1905
f 1898//1898 1905//1905 1899//1899
f 1899//1899 1905//1905 1906//1906
f 1899//1899 1906//1906 1900//1900
f 1900//1900 1906//1906 1846//1846
f 1900//1900 1846//1846 1848//1848
f 1856//1856 1907//1907 623//623
f 623//623 1907//1907 1908//1908
f 623//623 1908//1908 1909//1909
f 1909//1909 1908//1908 1910//1910
f 1909//1909 1910//1910 1911//1911
f 1911//1911 1910//1910 1912//1912
f 1911//1911 1912//1912 1913//1913
f 1913//1913 1912//1912 1914//1914
f 1913//1913 1914//1914 1915//1915
f 1915//1915 1914//1914 1916//1916
f 1915//1915 1916//1916 1917//1917
f 1917//1917 1916//1916 1495//1495
f 1917//1917 1495//1495 1918//1918
f 1918//1918 1495//1495 1496//1496
f 1918//1918 1496//1496 1919//1919
f 1919//1919 1496//1496 1498//1498
f 1919//1919 1498//1498 1920//1920
f 1920//1920 1498//1498 1500//1500
f 1920//1920 1500//1500 1921//1921
f 1921//1921 1500//1500 1502//1502
f 1921//1921 1502//1502 1922//1922
f 1922//1922 1502//1502 1462//1462
f 1922//1922 1462//1462 622//622
f 1907//1907 1856//1856 1923//1923
f 1923//1923 1856//1856 1854//1854
f 1923//1923 1854//1854 1924//1924
f 1924//1924 1854//1854 1852//1852
f 1924//1924 1852//1852 1925//1925
f 1925//1925 1852//1852 1850//1850
f 1925//1925 1850//1850 1926//1926
f 1926//1926 1850//1850 1849//1849
f 1926//1926 1849//1849 1847//1847
f 1495//1495 1927//1927 1847//1847
f 1847//1847 1927//1927 1928//1928
f 1847//1847 1928//1928 1929//1929
f 1929//1929 1928//1928 1930//1930
f 1929//1929 1930//1930 1925//1925
f 1925//1925 1930//1930 1924//1924
f 623//623 1931//1931 622//622
f 622//622 1931//1931 1932//1932
f 622//622 1932//1932 1933//1933
f 1933//1933 1932//1932 1934//1934
f 1933//1933 1934//1934 1921//1921
f 1921//1921 1934//1934 1920//1920
f 1908//1908 1907//1907 1935//1935
f 1935//1935 1907//1907 1923//1923
f 1935//1935 1923//1923 1936//1936
f 1936//1936 1923//1923 1924//1924
f 1936//1936 1924//1924 1930//1930
f 1931//1931 623//623 1937//1937
f 1937//1937 623//623 1909//1909
f 1937//1937 1909//1909 1911//1911
f 1931//1931 1937//1937 1938//1938
f 1938//1938 1937//1937 1911//1911
f 1938//1938 1911//1911 1913//1913
f 1922//1922 622//622 1933//1933
f 1932//1932 1931//1931 1939//1939
f 1939//1939 1931//1931 1938//1938
f 1939//1939 1938//1938 1940//1940
f 1940//1940 1938//1938 1913//1913
f 1940//1940 1913//1913 1915//1915
f 1921//1921 1922//1922 1933//1933
f 1908//1908 1935//1935 1910//1910
f 1910//1910 1935//1935 1941//1941
f 1910//1910 1941//1941 1912//1912
f 1912//1912 1941//1941 1942//1942
f 1912//1912 1942//1942 1914//1914
f 1914//1914 1942//1942 1943//1943
f 1914//1914 1943//1943 1916//1916
f 1916//1916 1943//1943 1495//1495
f 1941//1941 1935//1935 1936//1936
f 1932//1932 1939//1939 1934//1934
f 1934//1934 1939//1939 1944//1944
f 1934//1934 1944//1944 1920//1920
f 1920//1920 1944//1944 1919//1919
f 1944//1944 1939//1939 1940//1940
f 1941//1941 1936//1936 1945//1945
f 1945//1945 1936//1936 1930//1930
f 1945//1945 1930//1930 1928//1928
f 1944//1944 1940//1940 1946//1946
f 1946//1946 1940//1940 1915//1915
f 1946//1946 1915//1915 1917//1917
f 1929//1929 1925//1925 1926//1926
f 1941//1941 1945//1945 1942//1942
f 1942//1942 1945//1945 1927//1927
f 1942//1942 1927//1927 1943//1943
f 1943//1943 1927//1927 1495//1495
f 1927//1927 1945//1945 1928//1928
f 1918//1918 1919//1919 1946//1946
f 1946//1946 1919//1919 1944//1944
f 1918//1918 1946//1946 1917//1917
f 1847//1847 1929//1929 1926//1926
f 163//163 226//226 1777//1777
f 1777//1777 226//226 1714//1714
f 623//623 121//121 1858//1858
f 1858//1858 121//121 178//178
f 1858//1858 178//178 1860//1860
f 1860//1860 178//178 176//176
f 1860//1860 176//176 1862//1862
f 1862//1862 176//176 174//174
f 1862//1862 174//174 1864//1864
f 1864//1864 174//174 172//172
f 1864//1864 172//172 1866//1866
f 1866//1866 172//172 170//170
f 1866//1866 170//170 1868//1868
f 1868//1868 170//170 168//168
f 1868//1868 168//168 1870//1870
f 1870//1870 168//168 166//166
f 1870//1870 166//166 1872//1872
f 1872//1872 166//166 164//164
f 1872//1872 164//164 1777//1777
f 1777//1777 164//164 163//163
f 1481//1481 1483//1483 1480//1480
f 1480//1480 1483//1483 1485//1485
f 1480//1480 1485//1485 1487//1487
f 1487//1487 1489//1489 1480//1480
f 1480//1480 1489//1489 1491//1491
f 1480//1480 1491//1491 1493//1493
f 1493//1493 1495//1495 1480//1480
f 1480//1480 1495//1495 1603//1603
f 1480//1480 1603//1603 1523//1523
f 1523//1523 1603//1603 1602//1602
f 1523//1523 1602//1602 1654//1654
f 1603//1603 1495//1495 1657//1657
f 1657//1657 1495//1495 1847//1847
f 1657//1657 1847//1847 1703//1703
f 1703//1703 1847//1847 1766//1766
f 1766//1766 1847//1847 1846//1846
f 1766//1766 1846//1846 1906//1906
f 1906//1906 1905//1905 1766//1766
f 1766//1766 1905//1905 1904//1904
f 1766//1766 1904//1904 1903//1903
f 1903//1903 1902//1902 1766//1766
f 1766//1766 1902//1902 1901//1901
f 1702//1702 1763//1763 1703//1703
f 1703//1703 1763//1763 1762//1762
f 1703//1703 1762//1762 1761//1761
f 1761//1761 1760//1760 1703//1703
f 1703//1703 1760//1760 1759//1759
f 1703//1703 1759//1759 1758//1758
f 1758//1758 1657//1657 1703//1703
f 1654//1654 1653//1653 1523//1523
f 1523//1523 1653//1653 1652//1652
f 1523//1523 1652//1652 1651//1651
f 1651//1651 1650//1650 1523//1523
f 1523//1523 1650//1650 1649//1649
f 1714//1714 226//226 1715//1715
f 1715//1715 226//226 322//322
f 1715//1715 322//322 1717//1717
f 1717//1717 322//322 320//320
f 1717//1717 320//320 1719//1719
f 1719//1719 320//320 318//318
f 1719//1719 318//318 1721//1721
f 1721//1721 318//318 316//316
f 1721//1721 316//316 1723//1723
f 1723//1723 316//316 314//314
f 1723//1723 314//314 1725//1725
f 1725//1725 314//314 312//312
f 1725//1725 312//312 1727//1727
f 1727//1727 312//312 310//310
f 1727//1727 310//310 1729//1729
f 1729//1729 310//310 308//308
f 1729//1729 308//308 1681//1681
f 1681//1681 308//308 307//307
f 307//307 383//383 1681//1681
f 1681//1681 383//383 603//603
f 988//988 1947//1947 989//989
f 989//989 1947//1947 1948//1948
f 989//989 1948//1948 1949//1949
f 1949//1949 1948//1948 1950//1950
f 1949//1949 1950//1950 1951//1951
f 1951//1951 1950//1950 1952//1952
f 1951//1951 1952//1952 1953//1953
f 1953//1953 1952//1952 1954//1954
f 1953//1953 1954//1954 1955//1955
f 1955//1955 1954//1954 1956//1956
f 1955//1955 1956//1956 1957//1957
f 1957//1957 1956//1956 1958//1958
f 1957//1957 1958//1958 1959//1959
f 1959//1959 1958//1958 1960//1960
f 1959//1959 1960//1960 1961//1961
f 1961//1961 1960//1960 1962//1962
f 1961//1961 1962//1962 1963//1963
f 1963//1963 1962//1962 625//625
f 1963//1963 625//625 626//626
f 1947//1947 988//988 1964//1964
f 1964//1964 988//988 1068//1068
f 1964//1964 1068//1068 1965//1965
f 1965//1965 1068//1068 1966//1966
f 1965//1965 1966//1966 1967//1967
f 1967//1967 1966//1966 1968//1968
f 1967//1967 1968//1968 1969//1969
f 1969//1969 1968//1968 1970//1970
f 1969//1969 1970//1970 1971//1971
f 1971//1971 1970//1970 1972//1972
f 1971//1971 1972//1972 1973//1973
f 1973//1973 1972//1972 1974//1974
f 1973//1973 1974//1974 1975//1975
f 1975//1975 1974//1974 1976//1976
f 1975//1975 1976//1976 1977//1977
f 1977//1977 1976//1976 1978//1978
f 1977//1977 1978//1978 1979//1979
f 1979//1979 1978//1978 1980//1980
f 1979//1979 1980//1980 682//682
f 682//682 1980//1980 681//681
f 681//681 1980//1980 1981//1981
f 681//681 1981//1981 1982//1982
f 1982//1982 1981//1981 1983//1983
f 1982//1982 1983//1983 1984//1984
f 1984//1984 1983//1983 1985//1985
f 1984//1984 1985//1985 1986//1986
f 1986//1986 1985//1985 1987//1987
f 1986//1986 1987//1987 1988//1988
f 1988//1988 1987//1987 1989//1989
f 1988//1988 1989//1989 1990//1990
f 1990//1990 1989//1989 1991//1991
f 1990//1990 1991//1991 1992//1992
f 1992//1992 1991//1991 1993//1993
f 1992//1992 1993//1993 1994//1994
f 1994//1994 1993//1993 1995//1995
f 1994//1994 1995//1995 1996//1996
f 1996//1996 1995//1995 1062//1062
f 1996//1996 1062//1062 1060//1060
f 1068//1068 974//974 1966//1966
f 1966//1966 974//974 1997//1997
f 1966//1966 1997//1997 1968//1968
f 1968//1968 1997//1997 1998//1998
f 1968//1968 1998//1998 1970//1970
f 1970//1970 1998//1998 1999//1999
f 1970//1970 1999//1999 1972//1972
f 1972//1972 1999//1999 2000//2000
f 1972//1972 2000//2000 1974//1974
f 1974//1974 2000//2000 2001//2001
f 1974//1974 2001//2001 1976//1976
f 1976//1976 2001//2001 2002//2002
f 1976//1976 2002//2002 1978//1978
f 1978//1978 2002//2002 2003//2003
f 1978//1978 2003//2003 1980//1980
f 1980//1980 2003//2003 1981//1981
f 1997//1997 974//974 2004//2004
f 2004//2004 974//974 973//973
f 2004//2004 973//973 2005//2005
f 2005//2005 973//973 1066//1066
f 2005//2005 1066//1066 2006//2006
f 2006//2006 1066//1066 2007//2007
f 2006//2006 2007//2007 2008//2008
f 2008//2008 2007//2007 2009//2009
f 2008//2008 2009//2009 2010//2010
f 2010//2010 2009//2009 2011//2011
f 2010//2010 2011//2011 2012//2012
f 2012//2012 2011//2011 1989//1989
f 2012//2012 1989//1989 1987//1987
f 1066//1066 1064//1064 2007//2007
f 2007//2007 1064//1064 2013//2013
f 2007//2007 2013//2013 2009//2009
f 2009//2009 2013//2013 2014//2014
f 2009//2009 2014//2014 2011//2011
f 2011//2011 2014//2014 1991//1991
f 2011//2011 1991//1991 1989//1989
f 2013//2013 1064//1064 2015//2015
f 2015//2015 1064//1064 1062//1062
f 2015//2015 1062//1062 1995//1995
f 1996//1996 1060//1060 2016//2016
f 2016//2016 1060//1060 1058//1058
f 2016//2016 1058//1058 2017//2017
f 2017//2017 1058//1058 2018//2018
f 2017//2017 2018//2018 2019//2019
f 2019//2019 2018//2018 2020//2020
f 2019//2019 2020//2020 2021//2021
f 2021//2021 2020//2020 2022//2022
f 2021//2021 2022//2022 2023//2023
f 2023//2023 2022//2022 2024//2024
f 2023//2023 2024//2024 2025//2025
f 2025//2025 2024//2024 2026//2026
f 2025//2025 2026//2026 2027//2027
f 2027//2027 2026//2026 2028//2028
f 2027//2027 2028//2028 2029//2029
f 2029//2029 2028//2028 2030//2030
f 2029//2029 2030//2030 2031//2031
f 2031//2031 2030//2030 2032//2032
f 2031//2031 2032//2032 695//695
f 695//695 2032//2032 697//697
f 697//697 2032//2032 2033//2033
f 697//697 2033//2033 2034//2034
f 2034//2034 2033//2033 2035//2035
f 2034//2034 2035//2035 2036//2036
f 2036//2036 2035//2035 2037//2037
f 2036//2036 2037//2037 2038//2038
f 2038//2038 2037//2037 2039//2039
f 2038//2038 2039//2039 2040//2040
f 2040//2040 2039//2039 2041//2041
f 2040//2040 2041//2041 2042//2042
f 2042//2042 2041//2041 2043//2043
f 2042//2042 2043//2043 2044//2044
f 2044//2044 2043//2043 2045//2045
f 2044//2044 2045//2045 2046//2046
f 2046//2046 2045//2045 2047//2047
f 2046//2046 2047//2047 2048//2048
f 2048//2048 2047//2047 1048//1048
f 2048//2048 1048//1048 1046//1046
f 1058//1058 1056//1056 2018//2018
f 2018//2018 1056//1056 2049//2049
f 2018//2018 2049//2049 2020//2020
f 2020//2020 2049//2049 2050//2050
f 2020//2020 2050//2050 2022//2022
f 2022//2022 2050//2050 2051//2051
f 2022//2022 2051//2051 2024//2024
f 2024//2024 2051//2051 2052//2052
f 2024//2024 2052//2052 2026//2026
f 2026//2026 2052//2052 2053//2053
f 2026//2026 2053//2053 2028//2028
f 2028//2028 2053//2053 2054//2054
f 2028//2028 2054//2054 2030//2030
f 2030//2030 2054//2054 2055//2055
f 2030//2030 2055//2055 2032//2032
f 2032//2032 2055//2055 2033//2033
f 2049//2049 1056//1056 2056//2056
f 2056//2056 1056//1056 1054//1054
f 2056//2056 1054//1054 2057//2057
f 2057//2057 1054//1054 1052//1052
f 2057//2057 1052//1052 2058//2058
f 2058//2058 1052//1052 2059//2059
f 2058//2058 2059//2059 2060//2060
f 2060//2060 2059//2059 2061//2061
f 2060//2060 2061//2061 2062//2062
f 2062//2062 2061//2061 2063//2063
f 2062//2062 2063//2063 2064//2064
f 2064//2064 2063//2063 2041//2041
f 2064//2064 2041//2041 2039//2039
f 1052//1052 1050//1050 2059//2059
f 2059//2059 1050//1050 2065//2065
f 2059//2059 2065//2065 2061//2061
f 2061//2061 2065//2065 2066//2066
f 2061//2061 2066//2066 2063//2063
f 2063//2063 2066//2066 2043//2043
f 2063//2063 2043//2043 2041//2041
f 2065//2065 1050//1050 2067//2067
f 2067//2067 1050//1050 1048//1048
f 2067//2067 1048//1048 2047//2047
f 2048//2048 1046//1046 2068//2068
f 2068//2068 1046//1046 1044//1044
f 2068//2068 1044//1044 2069//2069
f 2069//2069 1044//1044 2070//2070
f 2069//2069 2070//2070 2071//2071
f 2071//2071 2070//2070 2072//2072
f 2071//2071 2072//2072 2073//2073
f 2073//2073 2072//2072 2074//2074
f 2073//2073 2074//2074 2075//2075
f 2075//2075 2074//2074 2076//2076
f 2075//2075 2076//2076 2077//2077
f 2077//2077 2076//2076 2078//2078
f 2077//2077 2078//2078 2079//2079
f 2079//2079 2078//2078 2080//2080
f 2079//2079 2080//2080 2081//2081
f 2081//2081 2080//2080 2082//2082
f 2081//2081 2082//2082 2083//2083
f 2083//2083 2082//2082 2084//2084
f 2083//2083 2084//2084 715//715
f 715//715 2084//2084 717//717
f 717//717 2084//2084 2085//2085
f 717//717 2085//2085 2086//2086
f 2086//2086 2085//2085 2087//2087
f 2086//2086 2087//2087 2088//2088
f 2088//2088 2087//2087 2089//2089
f 2088//2088 2089//2089 2090//2090
f 2090//2090 2089//2089 2091//2091
f 2090//2090 2091//2091 2092//2092
f 2092//2092 2091//2091 2093//2093
f 2092//2092 2093//2093 2094//2094
f 2094//2094 2093//2093 2095//2095
f 2094//2094 2095//2095 2096//2096
f 2096//2096 2095//2095 2097//2097
f 2096//2096 2097//2097 2098//2098
f 2098//2098 2097//2097 2099//2099
f 2098//2098 2099//2099 2100//2100
f 2100//2100 2099//2099 1038//1038
f 2100//2100 1038//1038 1036//1036
f 1044//1044 1042//1042 2070//2070
f 2070//2070 1042//1042 2101//2101
f 2070//2070 2101//2101 2072//2072
f 2072//2072 2101//2101 2102//2102
f 2072//2072 2102//2102 2074//2074
f 2074//2074 2102//2102 2103//2103
f 2074//2074 2103//2103 2076//2076
f 2076//2076 2103//2103 2104//2104
f 2076//2076 2104//2104 2078//2078
f 2078//2078 2104//2104 2105//2105
f 2078//2078 2105//2105 2080//2080
f 2080//2080 2105//2105 2106//2106
f 2080//2080 2106//2106 2082//2082
f 2082//2082 2106//2106 2107//2107
f 2082//2082 2107//2107 2084//2084
f 2084//2084 2107//2107 2085//2085
f 2101//2101 1042//1042 2108//2108
f 2108//2108 1042//1042 1040//1040
f 2108//2108 1040//1040 2109//2109
f 2109//2109 1040//1040 1013//1013
f 2109//2109 1013//1013 2110//2110
f 2110//2110 1013//1013 2111//2111
f 2110//2110 2111//2111 2112//2112
f 2112//2112 2111//2111 2113//2113
f 2112//2112 2113//2113 2114//2114
f 2114//2114 2113//2113 2115//2115
f 2114//2114 2115//2115 2116//2116
f 2116//2116 2115//2115 2093//2093
f 2116//2116 2093//2093 2091//2091
f 1013//1013 1012//1012 2111//2111
f 2111//2111 1012//1012 2117//2117
f 2111//2111 2117//2117 2113//2113
f 2113//2113 2117//2117 2118//2118
f 2113//2113 2118//2118 2115//2115
f 2115//2115 2118//2118 2095//2095
f 2115//2115 2095//2095 2093//2093
f 2117//2117 1012//1012 2119//2119
f 2119//2119 1012//1012 1038//1038
f 2119//2119 1038//1038 2099//2099
f 2100//2100 1036//1036 2120//2120
f 2120//2120 1036//1036 1034//1034
f 2120//2120 1034//1034 2121//2121
f 2121//2121 1034//1034 2122//2122
f 2121//2121 2122//2122 2123//2123
f 2123//2123 2122//2122 2124//2124
f 2123//2123 2124//2124 2125//2125
f 2125//2125 2124//2124 2126//2126
f 2125//2125 2126//2126 2127//2127
f 2127//2127 2126//2126 2128//2128
f 2127//2127 2128//2128 2129//2129
f 2129//2129 2128//2128 2130//2130
f 2129//2129 2130//2130 2131//2131
f 2131//2131 2130//2130 2132//2132
f 2131//2131 2132//2132 2133//2133
f 2133//2133 2132//2132 2134//2134
f 2133//2133 2134//2134 2135//2135
f 2135//2135 2134//2134 2136//2136
f 2135//2135 2136//2136 636//636
f 636//636 2136//2136 635//635
f 635//635 2136//2136 2137//2137
f 635//635 2137//2137 2138//2138
f 2138//2138 2137//2137 2139//2139
f 2138//2138 2139//2139 2140//2140
f 2140//2140 2139//2139 2141//2141
f 2140//2140 2141//2141 2142//2142
f 2142//2142 2141//2141 2143//2143
f 2142//2142 2143//2143 2144//2144
f 2144//2144 2143//2143 2145//2145
f 2144//2144 2145//2145 2146//2146
f 2146//2146 2145//2145 2147//2147
f 2146//2146 2147//2147 2148//2148
f 2148//2148 2147//2147 2149//2149
f 2148//2148 2149//2149 2150//2150
f 2150//2150 2149//2149 2151//2151
f 2150//2150 2151//2151 2152//2152
f 2152//2152 2151//2151 1024//1024
f 2152//2152 1024//1024 1022//1022
f 1034//1034 1032//1032 2122//2122
f 2122//2122 1032//1032 2153//2153
f 2122//2122 2153//2153 2124//2124
f 2124//2124 2153//2153 2154//2154
f 2124//2124 2154//2154 2126//2126
f 2126//2126 2154//2154 2155//2155
f 2126//2126 2155//2155 2128//2128
f 2128//2128 2155//2155 2156//2156
f 2128//2128 2156//2156 2130//2130
f 2130//2130 2156//2156 2157//2157
f 2130//2130 2157//2157 2132//2132
f 2132//2132 2157//2157 2158//2158
f 2132//2132 2158//2158 2134//2134
f 2134//2134 2158//2158 2159//2159
f 2134//2134 2159//2159 2136//2136
f 2136//2136 2159//2159 2137//2137
f 2153//2153 1032//1032 2160//2160
f 2160//2160 1032//1032 1030//1030
f 2160//2160 1030//1030 2161//2161
f 2161//2161 1030//1030 1028//1028
f 2161//2161 1028//1028 2162//2162
f 2162//2162 1028//1028 2163//2163
f 2162//2162 2163//2163 2164//2164
f 2164//2164 2163//2163 2165//2165
f 2164//2164 2165//2165 2166//2166
f 2166//2166 2165//2165 2167//2167
f 2166//2166 2167//2167 2168//2168
f 2168//2168 2167//2167 2145//2145
f 2168//2168 2145//2145 2143//2143
f 1028//1028 1026//1026 2163//2163
f 2163//2163 1026//1026 2169//2169
f 2163//2163 2169//2169 2165//2165
f 2165//2165 2169//2169 2170//2170
f 2165//2165 2170//2170 2167//2167
f 2167//2167 2170//2170 2147//2147
f 2167//2167 2147//2147 2145//2145
f 2169//2169 1026//1026 2171//2171
f 2171//2171 1026//1026 1024//1024
f 2171//2171 1024//1024 2151//2151
f 2152//2152 1022//1022 2172//2172
f 2172//2172 1022//1022 1020//1020
f 2172//2172 1020//1020 2173//2173
f 2173//2173 1020//1020 2174//2174
f 2173//2173 2174//2174 2175//2175
f 2175//2175 2174//2174 2176//2176
f 2175//2175 2176//2176 2177//2177
f 2177//2177 2176//2176 2178//2178
f 2177//2177 2178//2178 2179//2179
f 2179//2179 2178//2178 2180//2180
f 2179//2179 2180//2180 2181//2181
f 2181//2181 2180//2180 2182//2182
f 2181//2181 2182//2182 2183//2183
f 2183//2183 2182//2182 2184//2184
f 2183//2183 2184//2184 2185//2185
f 2185//2185 2184//2184 2186//2186
f 2185//2185 2186//2186 2187//2187
f 2187//2187 2186//2186 1963//1963
f 2187//2187 1963//1963 626//626
f 1020//1020 1018//1018 2174//2174
f 2174//2174 1018//1018 2188//2188
f 2174//2174 2188//2188 2176//2176
f 2176//2176 2188//2188 2189//2189
f 2176//2176 2189//2189 2178//2178
f 2178//2178 2189//2189 2190//2190
f 2178//2178 2190//2190 2180//2180
f 2180//2180 2190//2190 2191//2191
f 2180//2180 2191//2191 2182//2182
f 2182//2182 2191//2191 2192//2192
f 2182//2182 2192//2192 2184//2184
f 2184//2184 2192//2192 2193//2193
f 2184//2184 2193//2193 2186//2186
f 2186//2186 2193//2193 1961//1961
f 2186//2186 1961//1961 1963//1963
f 2188//2188 1018//1018 2194//2194
f 2194//2194 1018//1018 1016//1016
f 2194//2194 1016//1016 2195//2195
f 2195//2195 1016//1016 1014//1014
f 2195//2195 1014//1014 2196//2196
f 2196//2196 1014//1014 2197//2197
f 2196//2196 2197//2197 2198//2198
f 2198//2198 2197//2197 2199//2199
f 2198//2198 2199//2199 2200//2200
f 2200//2200 2199//2199 1953//1953
f 2200//2200 1953//1953 1955//1955
f 1014//1014 991//991 2197//2197
f 2197//2197 991//991 2201//2201
f 2197//2197 2201//2201 2199//2199
f 2199//2199 2201//2201 1951//1951
f 2199//2199 1951//1951 1953//1953
f 2201//2201 991//991 1949//1949
f 1949//1949 991//991 989//989
f 626//626 627//627 2187//2187
f 2187//2187 627//627 2202//2202
f 2187//2187 2202//2202 2185//2185
f 2185//2185 2202//2202 2203//2203
f 2185//2185 2203//2203 2183//2183
f 2183//2183 2203//2203 2204//2204
f 2183//2183 2204//2204 2181//2181
f 2181//2181 2204//2204 2205//2205
f 2181//2181 2205//2205 2179//2179
f 2179//2179 2205//2205 2206//2206
f 2179//2179 2206//2206 2177//2177
f 2177//2177 2206//2206 2207//2207
f 2177//2177 2207//2207 2175//2175
f 2175//2175 2207//2207 2208//2208
f 2175//2175 2208//2208 2173//2173
f 2173//2173 2208//2208 2172//2172
f 627//627 628//628 2202//2202
f 2202//2202 628//628 2209//2209
f 2202//2202 2209//2209 2203//2203
f 2203//2203 2209//2209 2210//2210
f 2203//2203 2210//2210 2204//2204
f 2204//2204 2210//2210 2211//2211
f 2204//2204 2211//2211 2205//2205
f 2205//2205 2211//2211 2212//2212
f 2205//2205 2212//2212 2206//2206
f 2206//2206 2212//2212 2213//2213
f 2206//2206 2213//2213 2207//2207
f 2207//2207 2213//2213 2214//2214
f 2207//2207 2214//2214 2208//2208
f 2208//2208 2214//2214 2215//2215
f 2208//2208 2215//2215 2172//2172
f 2172//2172 2215//2215 2152//2152
f 628//628 629//629 2209//2209
f 2209//2209 629//629 2216//2216
f 2209//2209 2216//2216 2210//2210
f 2210//2210 2216//2216 2217//2217
f 2210//2210 2217//2217 2211//2211
f 2211//2211 2217//2217 2218//2218
f 2211//2211 2218//2218 2212//2212
f 2212//2212 2218//2218 2219//2219
f 2212//2212 2219//2219 2213//2213
f 2213//2213 2219//2219 2220//2220
f 2213//2213 2220//2220 2214//2214
f 2214//2214 2220//2220 2221//2221
f 2214//2214 2221//2221 2215//2215
f 2215//2215 2221//2221 2150//2150
f 2215//2215 2150//2150 2152//2152
f 629//629 630//630 2216//2216
f 2216//2216 630//630 2222//2222
f 2216//2216 2222//2222 2217//2217
f 2217//2217 2222//2222 2223//2223
f 2217//2217 2223//2223 2218//2218
f 2218//2218 2223//2223 2224//2224
f 2218//2218 2224//2224 2219//2219
f 2219//2219 2224//2224 2225//2225
f 2219//2219 2225//2225 2220//2220
f 2220//2220 2225//2225 2226//2226
f 2220//2220 2226//2226 2221//2221
f 2221//2221 2226//2226 2148//2148
f 2221//2221 2148//2148 2150//2150
f 2222//2222 630//630 2227//2227
f 2227//2227 630//630 631//631
f 2227//2227 631//631 2228//2228
f 2228//2228 631//631 632//632
f 2228//2228 632//632 2229//2229
f 2229//2229 632//632 633//633
f 2229//2229 633//633 2230//2230
f 2230//2230 633//633 634//634
f 2230//2230 634//634 2138//2138
f 2138//2138 634//634 635//635
f 636//636 637//637 2135//2135
f 2135//2135 637//637 2231//2231
f 2135//2135 2231//2231 2133//2133
f 2133//2133 2231//2231 2232//2232
f 2133//2133 2232//2232 2131//2131
f 2131//2131 2232//2232 2233//2233
f 2131//2131 2233//2233 2129//2129
f 2129//2129 2233//2233 2234//2234
f 2129//2129 2234//2234 2127//2127
f 2127//2127 2234//2234 2235//2235
f 2127//2127 2235//2235 2125//2125
f 2125//2125 2235//2235 2236//2236
f 2125//2125 2236//2236 2123//2123
f 2123//2123 2236//2236 2237//2237
f 2123//2123 2237//2237 2121//2121
f 2121//2121 2237//2237 2120//2120
f 637//637 638//638 2231//2231
f 2231//2231 638//638 2238//2238
f 2231//2231 2238//2238 2232//2232
f 2232//2232 2238//2238 2239//2239
f 2232//2232 2239//2239 2233//2233
f 2233//2233 2239//2239 2240//2240
f 2233//2233 2240//2240 2234//2234
f 2234//2234 2240//2240 2241//2241
f 2234//2234 2241//2241 2235//2235
f 2235//2235 2241//2241 2242//2242
f 2235//2235 2242//2242 2236//2236
f 2236//2236 2242//2242 2243//2243
f 2236//2236 2243//2243 2237//2237
f 2237//2237 2243//2243 2244//2244
f 2237//2237 2244//2244 2120//2120
f 2120//2120 2244//2244 2100//2100
f 638//638 639//639 2238//2238
f 2238//2238 639//639 2245//2245
f 2238//2238 2245//2245 2239//2239
f 2239//2239 2245//2245 2246//2246
f 2239//2239 2246//2246 2240//2240
f 2240//2240 2246//2246 2247//2247
f 2240//2240 2247//2247 2241//2241
f 2241//2241 2247//2247 2248//2248
f 2241//2241 2248//2248 2242//2242
f 2242//2242 2248//2248 2249//2249
f 2242//2242 2249//2249 2243//2243
f 2243//2243 2249//2249 2250//2250
f 2243//2243 2250//2250 2244//2244
f 2244//2244 2250//2250 2098//2098
f 2244//2244 2098//2098 2100//2100
f 639//639 640//640 2245//2245
f 2245//2245 640//640 2251//2251
f 2245//2245 2251//2251 2246//2246
f 2246//2246 2251//2251 2252//2252
f 2246//2246 2252//2252 2247//2247
f 2247//2247 2252//2252 2253//2253
f 2247//2247 2253//2253 2248//2248
f 2248//2248 2253//2253 2254//2254
f 2248//2248 2254//2254 2249//2249
f 2249//2249 2254//2254 2255//2255
f 2249//2249 2255//2255 2250//2250
f 2250//2250 2255//2255 2096//2096
f 2250//2250 2096//2096 2098//2098
f 2251//2251 640//640 2256//2256
f 2256//2256 640//640 641//641
f 2256//2256 641//641 2257//2257
f 2257//2257 641//641 723//723
f 2257//2257 723//723 2258//2258
f 2258//2258 723//723 721//721
f 2258//2258 721//721 2259//2259
f 2259//2259 721//721 719//719
f 2259//2259 719//719 2086//2086
f 2086//2086 719//719 717//717
f 715//715 713//713 2083//2083
f 2083//2083 713//713 2260//2260
f 2083//2083 2260//2260 2081//2081
f 2081//2081 2260//2260 2261//2261
f 2081//2081 2261//2261 2079//2079
f 2079//2079 2261//2261 2262//2262
f 2079//2079 2262//2262 2077//2077
f 2077//2077 2262//2262 2263//2263
f 2077//2077 2263//2263 2075//2075
f 2075//2075 2263//2263 2264//2264
f 2075//2075 2264//2264 2073//2073
f 2073//2073 2264//2264 2265//2265
f 2073//2073 2265//2265 2071//2071
f 2071//2071 2265//2265 2266//2266
f 2071//2071 2266//2266 2069//2069
f 2069//2069 2266//2266 2068//2068
f 713//713 711//711 2260//2260
f 2260//2260 711//711 2267//2267
f 2260//2260 2267//2267 2261//2261
f 2261//2261 2267//2267 2268//2268
f 2261//2261 2268//2268 2262//2262
f 2262//2262 2268//2268 2269//2269
f 2262//2262 2269//2269 2263//2263
f 2263//2263 2269//2269 2270//2270
f 2263//2263 2270//2270 2264//2264
f 2264//2264 2270//2270 2271//2271
f 2264//2264 2271//2271 2265//2265
f 2265//2265 2271//2271 2272//2272
f 2265//2265 2272//2272 2266//2266
f 2266//2266 2272//2272 2273//2273
f 2266//2266 2273//2273 2068//2068
f 2068//2068 2273//2273 2048//2048
f 711//711 709//709 2267//2267
f 2267//2267 709//709 2274//2274
f 2267//2267 2274//2274 2268//2268
f 2268//2268 2274//2274 2275//2275
f 2268//2268 2275//2275 2269//2269
f 2269//2269 2275//2275 2276//2276
f 2269//2269 2276//2276 2270//2270
f 2270//2270 2276//2276 2277//2277
f 2270//2270 2277//2277 2271//2271
f 2271//2271 2277//2277 2278//2278
f 2271//2271 2278//2278 2272//2272
f 2272//2272 2278//2278 2279//2279
f 2272//2272 2279//2279 2273//2273
f 2273//2273 2279//2279 2046//2046
f 2273//2273 2046//2046 2048//2048
f 709//709 707//707 2274//2274
f 2274//2274 707//707 2280//2280
f 2274//2274 2280//2280 2275//2275
f 2275//2275 2280//2280 2281//2281
f 2275//2275 2281//2281 2276//2276
f 2276//2276 2281//2281 2282//2282
f 2276//2276 2282//2282 2277//2277
f 2277//2277 2282//2282 2283//2283
f 2277//2277 2283//2283 2278//2278
f 2278//2278 2283//2283 2284//2284
f 2278//2278 2284//2284 2279//2279
f 2279//2279 2284//2284 2044//2044
f 2279//2279 2044//2044 2046//2046
f 2280//2280 707//707 2285//2285
f 2285//2285 707//707 705//705
f 2285//2285 705//705 2286//2286
f 2286//2286 705//705 703//703
f 2286//2286 703//703 2287//2287
f 2287//2287 703//703 701//701
f 2287//2287 701//701 2288//2288
f 2288//2288 701//701 699//699
f 2288//2288 699//699 2034//2034
f 2034//2034 699//699 697//697
f 695//695 693//693 2031//2031
f 2031//2031 693//693 2289//2289
f 2031//2031 2289//2289 2029//2029
f 2029//2029 2289//2289 2290//2290
f 2029//2029 2290//2290 2027//2027
f 2027//2027 2290//2290 2291//2291
f 2027//2027 2291//2291 2025//2025
f 2025//2025 2291//2291 2292//2292
f 2025//2025 2292//2292 2023//2023
f 2023//2023 2292//2292 2293//2293
f 2023//2023 2293//2293 2021//2021
f 2021//2021 2293//2293 2294//2294
f 2021//2021 2294//2294 2019//2019
f 2019//2019 2294//2294 2295//2295
f 2019//2019 2295//2295 2017//2017
f 2017//2017 2295//2295 2016//2016
f 693//693 691//691 2289//2289
f 2289//2289 691//691 2296//2296
f 2289//2289 2296//2296 2290//2290
f 2290//2290 2296//2296 2297//2297
f 2290//2290 2297//2297 2291//2291
f 2291//2291 2297//2297 2298//2298
f 2291//2291 2298//2298 2292//2292
f 2292//2292 2298//2298 2299//2299
f 2292//2292 2299//2299 2293//2293
f 2293//2293 2299//2299 2300//2300
f 2293//2293 2300//2300 2294//2294
f 2294//2294 2300//2300 2301//2301
f 2294//2294 2301//2301 2295//2295
f 2295//2295 2301//2301 2302//2302
f 2295//2295 2302//2302 2016//2016
f 2016//2016 2302//2302 1996//1996
f 691//691 675//675 2296//2296
f 2296//2296 675//675 2303//2303
f 2296//2296 2303//2303 2297//2297
f 2297//2297 2303//2303 2304//2304
f 2297//2297 2304//2304 2298//2298
f 2298//2298 2304//2304 2305//2305
f 2298//2298 2305//2305 2299//2299
f 2299//2299 2305//2305 2306//2306
f 2299//2299 2306//2306 2300//2300
f 2300//2300 2306//2306 2307//2307
f 2300//2300 2307//2307 2301//2301
f 2301//2301 2307//2307 2308//2308
f 2301//2301 2308//2308 2302//2302
f 2302//2302 2308//2308 1994//1994
f 2302//2302 1994//1994 1996//1996
f 675//675 676//676 2303//2303
f 2303//2303 676//676 2309//2309
f 2303//2303 2309//2309 2304//2304
f 2304//2304 2309//2309 2310//2310
f 2304//2304 2310//2310 2305//2305
f 2305//2305 2310//2310 2311//2311
f 2305//2305 2311//2311 2306//2306
f 2306//2306 2311//2311 2312//2312
f 2306//2306 2312//2312 2307//2307
f 2307//2307 2312//2312 2313//2313
f 2307//2307 2313//2313 2308//2308
f 2308//2308 2313//2313 1992//1992
f 2308//2308 1992//1992 1994//1994
f 2309//2309 676//676 2314//2314
f 2314//2314 676//676 677//677
f 2314//2314 677//677 2315//2315
f 2315//2315 677//677 678//678
f 2315//2315 678//678 2316//2316
f 2316//2316 678//678 679//679
f 2316//2316 679//679 2317//2317
f 2317//2317 679//679 680//680
f 2317//2317 680//680 1982//1982
f 1982//1982 680//680 681//681
f 682//682 683//683 1979//1979
f 1979//1979 683//683 2318//2318
f 1979//1979 2318//2318 1977//1977
f 1977//1977 2318//2318 2319//2319
f 1977//1977 2319//2319 1975//1975
f 1975//1975 2319//2319 2320//2320
f 1975//1975 2320//2320 1973//1973
f 1973//1973 2320//2320 2321//2321
f 1973//1973 2321//2321 1971//1971
f 1971//1971 2321//2321 2322//2322
f 1971//1971 2322//2322 1969//1969
f 1969//1969 2322//2322 2323//2323
f 1969//1969 2323//2323 1967//1967
f 1967//1967 2323//2323 2324//2324
f 1967//1967 2324//2324 1965//1965
f 1965//1965 2324//2324 1964//1964
f 683//683 684//684 2318//2318
f 2318//2318 684//684 2325//2325
f 2318//2318 2325//2325 2319//2319
f 2319//2319 2325//2325 2326//2326
f 2319//2319 2326//2326 2320//2320
f 2320//2320 2326//2326 2327//2327
f 2320//2320 2327//2327 2321//2321
f 2321//2321 2327//2327 2328//2328
f 2321//2321 2328//2328 2322//2322
f 2322//2322 2328//2328 2329//2329
f 2322//2322 2329//2329 2323//2323
f 2323//2323 2329//2329 2330//2330
f 2323//2323 2330//2330 2324//2324
f 2324//2324 2330//2330 2331//2331
f 2324//2324 2331//2331 1964//1964
f 1964//1964 2331//2331 1947//1947
f 684//684 685//685 2325//2325
f 2325//2325 685//685 2332//2332
f 2325//2325 2332//2332 2326//2326
f 2326//2326 2332//2332 2333//2333
f 2326//2326 2333//2333 2327//2327
f 2327//2327 2333//2333 2334//2334
f 2327//2327 2334//2334 2328//2328
f 2328//2328 2334//2334 2335//2335
f 2328//2328 2335//2335 2329//2329
f 2329//2329 2335//2335 2336//2336
f 2329//2329 2336//2336 2330//2330
f 2330//2330 2336//2336 2337//2337
f 2330//2330 2337//2337 2331//2331
f 2331//2331 2337//2337 2338//2338
f 2331//2331 2338//2338 1947//1947
f 1947//1947 2338//2338 1948//1948
f 685//685 686//686 2332//2332
f 2332//2332 686//686 2339//2339
f 2332//2332 2339//2339 2333//2333
f 2333//2333 2339//2339 2340//2340
f 2333//2333 2340//2340 2334//2334
f 2334//2334 2340//2340 2341//2341
f 2334//2334 2341//2341 2335//2335
f 2335//2335 2341//2341 2342//2342
f 2335//2335 2342//2342 2336//2336
f 2336//2336 2342//2342 2343//2343
f 2336//2336 2343//2343 2337//2337
f 2337//2337 2343//2343 2344//2344
f 2337//2337 2344//2344 2338//2338
f 2338//2338 2344//2344 1950//1950
f 2338//2338 1950//1950 1948//1948
f 2339//2339 686//686 2345//2345
f 2345//2345 686//686 687//687
f 2345//2345 687//687 2346//2346
f 2346//2346 687//687 688//688
f 2346//2346 688//688 2347//2347
f 2347//2347 688//688 689//689
f 2347//2347 689//689 2348//2348
f 2348//2348 689//689 624//624
f 2348//2348 624//624 2349//2349
f 2349//2349 624//624 625//625
f 2349//2349 625//625 1962//1962
f 2101//2101 2108//2108 2102//2102
f 2102//2102 2108//2108 2350//2350
f 2102//2102 2350//2350 2103//2103
f 2103//2103 2350//2350 2351//2351
f 2103//2103 2351//2351 2104//2104
f 2104//2104 2351//2351 2352//2352
f 2104//2104 2352//2352 2105//2105
f 2105//2105 2352//2352 2353//2353
f 2105//2105 2353//2353 2106//2106
f 2106//2106 2353//2353 2354//2354
f 2106//2106 2354//2354 2107//2107
f 2107//2107 2354//2354 2087//2087
f 2107//2107 2087//2087 2085//2085
f 2281//2281 2280//2280 2285//2285
f 1952//1952 1950//1950 2344//2344
f 1954//1954 1952//1952 2355//2355
f 2355//2355 1952//1952 2344//2344
f 2355//2355 2344//2344 2343//2343
f 1956//1956 1954//1954 2356//2356
f 2356//2356 1954//1954 2355//2355
f 2356//2356 2355//2355 2357//2357
f 2357//2357 2355//2355 2343//2343
f 2357//2357 2343//2343 2342//2342
f 1958//1958 1956//1956 2358//2358
f 2358//2358 1956//1956 2356//2356
f 2358//2358 2356//2356 2359//2359
f 2359//2359 2356//2356 2357//2357
f 2359//2359 2357//2357 2360//2360
f 2360//2360 2357//2357 2342//2342
f 2360//2360 2342//2342 2341//2341
f 1960//1960 1958//1958 2361//2361
f 2361//2361 1958//1958 2358//2358
f 2361//2361 2358//2358 2362//2362
f 2362//2362 2358//2358 2359//2359
f 2362//2362 2359//2359 2363//2363
f 2363//2363 2359//2359 2360//2360
f 2363//2363 2360//2360 2364//2364
f 2364//2364 2360//2360 2341//2341
f 2364//2364 2341//2341 2340//2340
f 1962//1962 1960//1960 2349//2349
f 2349//2349 1960//1960 2361//2361
f 2349//2349 2361//2361 2348//2348
f 2348//2348 2361//2361 2362//2362
f 2348//2348 2362//2362 2347//2347
f 2347//2347 2362//2362 2363//2363
f 2347//2347 2363//2363 2346//2346
f 2346//2346 2363//2363 2364//2364
f 2346//2346 2364//2364 2345//2345
f 2345//2345 2364//2364 2340//2340
f 2345//2345 2340//2340 2339//2339
f 1997//1997 2004//2004 1998//1998
f 1998//1998 2004//2004 2365//2365
f 1998//1998 2365//2365 1999//1999
f 1999//1999 2365//2365 2366//2366
f 1999//1999 2366//2366 2000//2000
f 2000//2000 2366//2366 2367//2367
f 2000//2000 2367//2367 2001//2001
f 2001//2001 2367//2367 2368//2368
f 2001//2001 2368//2368 2002//2002
f 2002//2002 2368//2368 2369//2369
f 2002//2002 2369//2369 2003//2003
f 2003//2003 2369//2369 1983//1983
f 2003//2003 1983//1983 1981//1981
f 2004//2004 2005//2005 2365//2365
f 2365//2365 2005//2005 2370//2370
f 2365//2365 2370//2370 2366//2366
f 2366//2366 2370//2370 2371//2371
f 2366//2366 2371//2371 2367//2367
f 2367//2367 2371//2371 2372//2372
f 2367//2367 2372//2372 2368//2368
f 2368//2368 2372//2372 2373//2373
f 2368//2368 2373//2373 2369//2369
f 2369//2369 2373//2373 1985//1985
f 2369//2369 1985//1985 1983//1983
f 2006//2006 2008//2008 2370//2370
f 2370//2370 2008//2008 2371//2371
f 2372//2372 2371//2371 2010//2010
f 2010//2010 2371//2371 2008//2008
f 2005//2005 2006//2006 2370//2370
f 2013//2013 2015//2015 2014//2014
f 2014//2014 2015//2015 1993//1993
f 2014//2014 1993//1993 1991//1991
f 1995//1995 1993//1993 2015//2015
f 2372//2372 2010//2010 2012//2012
f 2372//2372 2012//2012 2373//2373
f 2373//2373 2012//2012 1987//1987
f 2373//2373 1987//1987 1985//1985
f 1992//1992 2313//2313 1990//1990
f 1990//1990 2313//2313 2374//2374
f 1990//1990 2374//2374 1988//1988
f 1988//1988 2374//2374 2375//2375
f 1988//1988 2375//2375 1986//1986
f 1986//1986 2375//2375 2376//2376
f 1986//1986 2376//2376 1984//1984
f 1984//1984 2376//2376 2317//2317
f 1984//1984 2317//2317 1982//1982
f 2313//2313 2312//2312 2374//2374
f 2374//2374 2312//2312 2377//2377
f 2374//2374 2377//2377 2375//2375
f 2375//2375 2377//2377 2378//2378
f 2375//2375 2378//2378 2376//2376
f 2376//2376 2378//2378 2316//2316
f 2376//2376 2316//2316 2317//2317
f 2377//2377 2312//2312 2311//2311
f 2378//2378 2377//2377 2379//2379
f 2379//2379 2377//2377 2311//2311
f 2379//2379 2311//2311 2310//2310
f 2316//2316 2378//2378 2315//2315
f 2315//2315 2378//2378 2379//2379
f 2315//2315 2379//2379 2314//2314
f 2314//2314 2379//2379 2310//2310
f 2314//2314 2310//2310 2309//2309
f 2049//2049 2056//2056 2050//2050
f 2050//2050 2056//2056 2380//2380
f 2050//2050 2380//2380 2051//2051
f 2051//2051 2380//2380 2381//2381
f 2051//2051 2381//2381 2052//2052
f 2052//2052 2381//2381 2382//2382
f 2052//2052 2382//2382 2053//2053
f 2053//2053 2382//2382 2383//2383
f 2053//2053 2383//2383 2054//2054
f 2054//2054 2383//2383 2384//2384
f 2054//2054 2384//2384 2055//2055
f 2055//2055 2384//2384 2035//2035
f 2055//2055 2035//2035 2033//2033
f 2056//2056 2057//2057 2380//2380
f 2380//2380 2057//2057 2385//2385
f 2380//2380 2385//2385 2381//2381
f 2381//2381 2385//2385 2386//2386
f 2381//2381 2386//2386 2382//2382
f 2382//2382 2386//2386 2387//2387
f 2382//2382 2387//2387 2383//2383
f 2383//2383 2387//2387 2388//2388
f 2383//2383 2388//2388 2384//2384
f 2384//2384 2388//2388 2037//2037
f 2384//2384 2037//2037 2035//2035
f 2058//2058 2060//2060 2385//2385
f 2385//2385 2060//2060 2386//2386
f 2387//2387 2386//2386 2062//2062
f 2062//2062 2386//2386 2060//2060
f 2057//2057 2058//2058 2385//2385
f 2065//2065 2067//2067 2066//2066
f 2066//2066 2067//2067 2045//2045
f 2066//2066 2045//2045 2043//2043
f 2047//2047 2045//2045 2067//2067
f 2387//2387 2062//2062 2064//2064
f 2387//2387 2064//2064 2388//2388
f 2388//2388 2064//2064 2039//2039
f 2388//2388 2039//2039 2037//2037
f 2044//2044 2284//2284 2042//2042
f 2042//2042 2284//2284 2389//2389
f 2042//2042 2389//2389 2040//2040
f 2040//2040 2389//2389 2390//2390
f 2040//2040 2390//2390 2038//2038
f 2038//2038 2390//2390 2391//2391
f 2038//2038 2391//2391 2036//2036
f 2036//2036 2391//2391 2288//2288
f 2036//2036 2288//2288 2034//2034
f 2284//2284 2283//2283 2389//2389
f 2389//2389 2283//2283 2392//2392
f 2389//2389 2392//2392 2390//2390
f 2390//2390 2392//2392 2393//2393
f 2390//2390 2393//2393 2391//2391
f 2391//2391 2393//2393 2287//2287
f 2391//2391 2287//2287 2288//2288
f 2392//2392 2283//2283 2282//2282
f 2393//2393 2392//2392 2394//2394
f 2394//2394 2392//2392 2282//2282
f 2394//2394 2282//2282 2281//2281
f 2287//2287 2393//2393 2286//2286
f 2286//2286 2393//2393 2394//2394
f 2286//2286 2394//2394 2285//2285
f 2285//2285 2394//2394 2281//2281
f 2108//2108 2109//2109 2350//2350
f 2350//2350 2109//2109 2395//2395
f 2350//2350 2395//2395 2351//2351
f 2351//2351 2395//2395 2396//2396
f 2351//2351 2396//2396 2352//2352
f 2352//2352 2396//2396 2397//2397
f 2352//2352 2397//2397 2353//2353
f 2353//2353 2397//2397 2398//2398
f 2353//2353 2398//2398 2354//2354
f 2354//2354 2398//2398 2089//2089
f 2354//2354 2089//2089 2087//2087
f 2110//2110 2112//2112 2395//2395
f 2395//2395 2112//2112 2396//2396
f 2397//2397 2396//2396 2114//2114
f 2114//2114 2396//2396 2112//2112
f 2109//2109 2110//2110 2395//2395
f 2117//2117 2119//2119 2118//2118
f 2118//2118 2119//2119 2097//2097
f 2118//2118 2097//2097 2095//2095
f 2099//2099 2097//2097 2119//2119
f 2397//2397 2114//2114 2116//2116
f 2397//2397 2116//2116 2398//2398
f 2398//2398 2116//2116 2091//2091
f 2398//2398 2091//2091 2089//2089
f 2096//2096 2255//2255 2094//2094
f 2094//2094 2255//2255 2399//2399
f 2094//2094 2399//2399 2092//2092
f 2092//2092 2399//2399 2400//2400
f 2092//2092 2400//2400 2090//2090
f 2090//2090 2400//2400 2401//2401
f 2090//2090 2401//2401 2088//2088
f 2088//2088 2401//2401 2259//2259
f 2088//2088 2259//2259 2086//2086
f 2255//2255 2254//2254 2399//2399
f 2399//2399 2254//2254 2402//2402
f 2399//2399 2402//2402 2400//2400
f 2400//2400 2402//2402 2403//2403
f 2400//2400 2403//2403 2401//2401
f 2401//2401 2403//2403 2258//2258
f 2401//2401 2258//2258 2259//2259
f 2402//2402 2254//2254 2253//2253
f 2403//2403 2402//2402 2404//2404
f 2404//2404 2402//2402 2253//2253
f 2404//2404 2253//2253 2252//2252
f 2258//2258 2403//2403 2257//2257
f 2257//2257 2403//2403 2404//2404
f 2257//2257 2404//2404 2256//2256
f 2256//2256 2404//2404 2252//2252
f 2256//2256 2252//2252 2251//2251
f 2153//2153 2160//2160 2154//2154
f 2154//2154 2160//2160 2405//2405
f 2154//2154 2405//2405 2155//2155
f 2155//2155 2405//2405 2406//2406
f 2155//2155 2406//2406 2156//2156
f 2156//2156 2406//2406 2407//2407
f 2156//2156 2407//2407 2157//2157
f 2157//2157 2407//2407 2408//2408
f 2157//2157 2408//2408 2158//2158
f 2158//2158 2408//2408 2409//2409
f 2158//2158 2409//2409 2159//2159
f 2159//2159 2409//2409 2139//2139
f 2159//2159 2139//2139 2137//2137
f 2160//2160 2161//2161 2405//2405
f 2405//2405 2161//2161 2410//2410
f 2405//2405 2410//2410 2406//2406
f 2406//2406 2410//2410 2411//2411
f 2406//2406 2411//2411 2407//2407
f 2407//2407 2411//2411 2412//2412
f 2407//2407 2412//2412 2408//2408
f 2408//2408 2412//2412 2413//2413
f 2408//2408 2413//2413 2409//2409
f 2409//2409 2413//2413 2141//2141
f 2409//2409 2141//2141 2139//2139
f 2162//2162 2164//2164 2410//2410
f 2410//2410 2164//2164 2411//2411
f 2412//2412 2411//2411 2166//2166
f 2166//2166 2411//2411 2164//2164
f 2161//2161 2162//2162 2410//2410
f 2169//2169 2171//2171 2170//2170
f 2170//2170 2171//2171 2149//2149
f 2170//2170 2149//2149 2147//2147
f 2151//2151 2149//2149 2171//2171
f 2412//2412 2166//2166 2168//2168
f 2412//2412 2168//2168 2413//2413
f 2413//2413 2168//2168 2143//2143
f 2413//2413 2143//2143 2141//2141
f 2148//2148 2226//2226 2146//2146
f 2146//2146 2226//2226 2414//2414
f 2146//2146 2414//2414 2144//2144
f 2144//2144 2414//2414 2415//2415
f 2144//2144 2415//2415 2142//2142
f 2142//2142 2415//2415 2416//2416
f 2142//2142 2416//2416 2140//2140
f 2140//2140 2416//2416 2230//2230
f 2140//2140 2230//2230 2138//2138
f 2226//2226 2225//2225 2414//2414
f 2414//2414 2225//2225 2417//2417
f 2414//2414 2417//2417 2415//2415
f 2415//2415 2417//2417 2418//2418
f 2415//2415 2418//2418 2416//2416
f 2416//2416 2418//2418 2229//2229
f 2416//2416 2229//2229 2230//2230
f 2417//2417 2225//2225 2224//2224
f 2418//2418 2417//2417 2419//2419
f 2419//2419 2417//2417 2224//2224
f 2419//2419 2224//2224 2223//2223
f 2229//2229 2418//2418 2228//2228
f 2228//2228 2418//2418 2419//2419
f 2228//2228 2419//2419 2227//2227
f 2227//2227 2419//2419 2223//2223
f 2227//2227 2223//2223 2222//2222
f 2188//2188 2194//2194 2189//2189
f 2189//2189 2194//2194 2420//2420
f 2189//2189 2420//2420 2190//2190
f 2190//2190 2420//2420 2421//2421
f 2190//2190 2421//2421 2191//2191
f 2191//2191 2421//2421 2422//2422
f 2191//2191 2422//2422 2192//2192
f 2192//2192 2422//2422 2423//2423
f 2192//2192 2423//2423 2193//2193
f 2193//2193 2423//2423 1959//1959
f 2193//2193 1959//1959 1961//1961
f 2194//2194 2195//2195 2420//2420
f 2420//2420 2195//2195 2424//2424
f 2420//2420 2424//2424 2421//2421
f 2421//2421 2424//2424 2425//2425
f 2421//2421 2425//2425 2422//2422
f 2422//2422 2425//2425 2426//2426
f 2422//2422 2426//2426 2423//2423
f 2423//2423 2426//2426 1957//1957
f 2423//2423 1957//1957 1959//1959
f 2196//2196 2198//2198 2424//2424
f 2424//2424 2198//2198 2425//2425
f 2426//2426 2425//2425 2200//2200
f 2200//2200 2425//2425 2198//2198
f 2195//2195 2196//2196 2424//2424
f 1949//1949 1951//1951 2201//2201
f 2426//2426 2200//2200 1955//1955
f 1955//1955 1957//1957 2426//2426
f 1357//1357 2427//2427 1358//1358
f 1358//1358 2427//2427 2428//2428
f 1358//1358 2428//2428 2429//2429
f 2429//2429 2428//2428 2430//2430
f 2429//2429 2430//2430 2431//2431
f 2431//2431 2430//2430 2432//2432
f 2431//2431 2432//2432 2433//2433
f 2433//2433 2432//2432 2434//2434
f 2433//2433 2434//2434 2435//2435
f 2435//2435 2434//2434 2436//2436
f 2435//2435 2436//2436 2437//2437
f 2437//2437 2436//2436 2438//2438
f 2437//2437 2438//2438 2439//2439
f 2439//2439 2438//2438 2440//2440
f 2439//2439 2440//2440 2441//2441
f 2441//2441 2440//2440 2442//2442
f 2441//2441 2442//2442 2443//2443
f 2443//2443 2442//2442 706//706
f 2443//2443 706//706 708//708
f 2427//2427 1357//1357 2444//2444
f 2444//2444 1357//1357 1437//1437
f 2444//2444 1437//1437 2445//2445
f 2445//2445 1437//1437 2446//2446
f 2445//2445 2446//2446 2447//2447
f 2447//2447 2446//2446 2448//2448
f 2447//2447 2448//2448 2449//2449
f 2449//2449 2448//2448 2450//2450
f 2449//2449 2450//2450 2451//2451
f 2451//2451 2450//2450 2452//2452
f 2451//2451 2452//2452 2453//2453
f 2453//2453 2452//2452 2454//2454
f 2453//2453 2454//2454 2455//2455
f 2455//2455 2454//2454 2456//2456
f 2455//2455 2456//2456 2457//2457
f 2457//2457 2456//2456 2458//2458
f 2457//2457 2458//2458 2459//2459
f 2459//2459 2458//2458 2460//2460
f 2459//2459 2460//2460 674//674
f 674//674 2460//2460 673//673
f 673//673 2460//2460 2461//2461
f 673//673 2461//2461 2462//2462
f 2462//2462 2461//2461 2463//2463
f 2462//2462 2463//2463 2464//2464
f 2464//2464 2463//2463 2465//2465
f 2464//2464 2465//2465 2466//2466
f 2466//2466 2465//2465 2467//2467
f 2466//2466 2467//2467 2468//2468
f 2468//2468 2467//2467 2469//2469
f 2468//2468 2469//2469 2470//2470
f 2470//2470 2469//2469 2471//2471
f 2470//2470 2471//2471 2472//2472
f 2472//2472 2471//2471 2473//2473
f 2472//2472 2473//2473 2474//2474
f 2474//2474 2473//2473 2475//2475
f 2474//2474 2475//2475 2476//2476
f 2476//2476 2475//2475 1431//1431
f 2476//2476 1431//1431 1429//1429
f 1437//1437 1343//1343 2446//2446
f 2446//2446 1343//1343 2477//2477
f 2446//2446 2477//2477 2448//2448
f 2448//2448 2477//2477 2478//2478
f 2448//2448 2478//2478 2450//2450
f 2450//2450 2478//2478 2479//2479
f 2450//2450 2479//2479 2452//2452
f 2452//2452 2479//2479 2480//2480
f 2452//2452 2480//2480 2454//2454
f 2454//2454 2480//2480 2481//2481
f 2454//2454 2481//2481 2456//2456
f 2456//2456 2481//2481 2482//2482
f 2456//2456 2482//2482 2458//2458
f 2458//2458 2482//2482 2483//2483
f 2458//2458 2483//2483 2460//2460
f 2460//2460 2483//2483 2461//2461
f 2477//2477 1343//1343 2484//2484
f 2484//2484 1343//1343 1342//1342
f 2484//2484 1342//1342 2485//2485
f 2485//2485 1342//1342 1435//1435
f 2485//2485 1435//1435 2486//2486
f 2486//2486 1435//1435 2487//2487
f 2486//2486 2487//2487 2488//2488
f 2488//2488 2487//2487 2489//2489
f 2488//2488 2489//2489 2490//2490
f 2490//2490 2489//2489 2491//2491
f 2490//2490 2491//2491 2492//2492
f 2492//2492 2491//2491 2469//2469
f 2492//2492 2469//2469 2467//2467
f 1435//1435 1433//1433 2487//2487
f 2487//2487 1433//1433 2493//2493
f 2487//2487 2493//2493 2489//2489
f 2489//2489 2493//2493 2494//2494
f 2489//2489 2494//2494 2491//2491
f 2491//2491 2494//2494 2471//2471
f 2491//2491 2471//2471 2469//2469
f 2493//2493 1433//1433 2495//2495
f 2495//2495 1433//1433 1431//1431
f 2495//2495 1431//1431 2475//2475
f 2476//2476 1429//1429 2496//2496
f 2496//2496 1429//1429 1427//1427
f 2496//2496 1427//1427 2497//2497
f 2497//2497 1427//1427 2498//2498
f 2497//2497 2498//2498 2499//2499
f 2499//2499 2498//2498 2500//2500
f 2499//2499 2500//2500 2501//2501
f 2501//2501 2500//2500 2502//2502
f 2501//2501 2502//2502 2503//2503
f 2503//2503 2502//2502 2504//2504
f 2503//2503 2504//2504 2505//2505
f 2505//2505 2504//2504 2506//2506
f 2505//2505 2506//2506 2507//2507
f 2507//2507 2506//2506 2508//2508
f 2507//2507 2508//2508 2509//2509
f 2509//2509 2508//2508 2510//2510
f 2509//2509 2510//2510 2511//2511
f 2511//2511 2510//2510 2512//2512
f 2511//2511 2512//2512 664//664
f 664//664 2512//2512 663//663
f 663//663 2512//2512 2513//2513
f 663//663 2513//2513 2514//2514
f 2514//2514 2513//2513 2515//2515
f 2514//2514 2515//2515 2516//2516
f 2516//2516 2515//2515 2517//2517
f 2516//2516 2517//2517 2518//2518
f 2518//2518 2517//2517 2519//2519
f 2518//2518 2519//2519 2520//2520
f 2520//2520 2519//2519 2521//2521
f 2520//2520 2521//2521 2522//2522
f 2522//2522 2521//2521 2523//2523
f 2522//2522 2523//2523 2524//2524
f 2524//2524 2523//2523 2525//2525
f 2524//2524 2525//2525 2526//2526
f 2526//2526 2525//2525 2527//2527
f 2526//2526 2527//2527 2528//2528
f 2528//2528 2527//2527 1417//1417
f 2528//2528 1417//1417 1415//1415
f 1427//1427 1425//1425 2498//2498
f 2498//2498 1425//1425 2529//2529
f 2498//2498 2529//2529 2500//2500
f 2500//2500 2529//2529 2530//2530
f 2500//2500 2530//2530 2502//2502
f 2502//2502 2530//2530 2531//2531
f 2502//2502 2531//2531 2504//2504
f 2504//2504 2531//2531 2532//2532
f 2504//2504 2532//2532 2506//2506
f 2506//2506 2532//2532 2533//2533
f 2506//2506 2533//2533 2508//2508
f 2508//2508 2533//2533 2534//2534
f 2508//2508 2534//2534 2510//2510
f 2510//2510 2534//2534 2535//2535
f 2510//2510 2535//2535 2512//2512
f 2512//2512 2535//2535 2513//2513
f 2529//2529 1425//1425 2536//2536
f 2536//2536 1425//1425 1423//1423
f 2536//2536 1423//1423 2537//2537
f 2537//2537 1423//1423 1421//1421
f 2537//2537 1421//1421 2538//2538
f 2538//2538 1421//1421 2539//2539
f 2538//2538 2539//2539 2540//2540
f 2540//2540 2539//2539 2541//2541
f 2540//2540 2541//2541 2542//2542
f 2542//2542 2541//2541 2543//2543
f 2542//2542 2543//2543 2544//2544
f 2544//2544 2543//2543 2521//2521
f 2544//2544 2521//2521 2519//2519
f 1421//1421 1419//1419 2539//2539
f 2539//2539 1419//1419 2545//2545
f 2539//2539 2545//2545 2541//2541
f 2541//2541 2545//2545 2546//2546
f 2541//2541 2546//2546 2543//2543
f 2543//2543 2546//2546 2523//2523
f 2543//2543 2523//2523 2521//2521
f 2545//2545 1419//1419 2547//2547
f 2547//2547 1419//1419 1417//1417
f 2547//2547 1417//1417 2527//2527
f 2528//2528 1415//1415 2548//2548
f 2548//2548 1415//1415 1413//1413
f 2548//2548 1413//1413 2549//2549
f 2549//2549 1413//1413 2550//2550
f 2549//2549 2550//2550 2551//2551
f 2551//2551 2550//2550 2552//2552
f 2551//2551 2552//2552 2553//2553
f 2553//2553 2552//2552 2554//2554
f 2553//2553 2554//2554 2555//2555
f 2555//2555 2554//2554 2556//2556
f 2555//2555 2556//2556 2557//2557
f 2557//2557 2556//2556 2558//2558
f 2557//2557 2558//2558 2559//2559
f 2559//2559 2558//2558 2560//2560
f 2559//2559 2560//2560 2561//2561
f 2561//2561 2560//2560 2562//2562
f 2561//2561 2562//2562 2563//2563
f 2563//2563 2562//2562 2564//2564
f 2563//2563 2564//2564 654//654
f 654//654 2564//2564 653//653
f 653//653 2564//2564 2565//2565
f 653//653 2565//2565 2566//2566
f 2566//2566 2565//2565 2567//2567
f 2566//2566 2567//2567 2568//2568
f 2568//2568 2567//2567 2569//2569
f 2568//2568 2569//2569 2570//2570
f 2570//2570 2569//2569 2571//2571
f 2570//2570 2571//2571 2572//2572
f 2572//2572 2571//2571 2573//2573
f 2572//2572 2573//2573 2574//2574
f 2574//2574 2573//2573 2575//2575
f 2574//2574 2575//2575 2576//2576
f 2576//2576 2575//2575 2577//2577
f 2576//2576 2577//2577 2578//2578
f 2578//2578 2577//2577 2579//2579
f 2578//2578 2579//2579 2580//2580
f 2580//2580 2579//2579 1407//1407
f 2580//2580 1407//1407 1405//1405
f 1413//1413 1411//1411 2550//2550
f 2550//2550 1411//1411 2581//2581
f 2550//2550 2581//2581 2552//2552
f 2552//2552 2581//2581 2582//2582
f 2552//2552 2582//2582 2554//2554
f 2554//2554 2582//2582 2583//2583
f 2554//2554 2583//2583 2556//2556
f 2556//2556 2583//2583 2584//2584
f 2556//2556 2584//2584 2558//2558
f 2558//2558 2584//2584 2585//2585
f 2558//2558 2585//2585 2560//2560
f 2560//2560 2585//2585 2586//2586
f 2560//2560 2586//2586 2562//2562
f 2562//2562 2586//2586 2587//2587
f 2562//2562 2587//2587 2564//2564
f 2564//2564 2587//2587 2565//2565
f 2581//2581 1411//1411 2588//2588
f 2588//2588 1411//1411 1409//1409
f 2588//2588 1409//1409 2589//2589
f 2589//2589 1409//1409 1382//1382
f 2589//2589 1382//1382 2590//2590
f 2590//2590 1382//1382 2591//2591
f 2590//2590 2591//2591 2592//2592
f 2592//2592 2591//2591 2593//2593
f 2592//2592 2593//2593 2594//2594
f 2594//2594 2593//2593 2595//2595
f 2594//2594 2595//2595 2596//2596
f 2596//2596 2595//2595 2573//2573
f 2596//2596 2573//2573 2571//2571
f 1382//1382 1381//1381 2591//2591
f 2591//2591 1381//1381 2597//2597
f 2591//2591 2597//2597 2593//2593
f 2593//2593 2597//2597 2598//2598
f 2593//2593 2598//2598 2595//2595
f 2595//2595 2598//2598 2575//2575
f 2595//2595 2575//2575 2573//2573
f 2597//2597 1381//1381 2599//2599
f 2599//2599 1381//1381 1407//1407
f 2599//2599 1407//1407 2579//2579
f 2580//2580 1405//1405 2600//2600
f 2600//2600 1405//1405 1403//1403
f 2600//2600 1403//1403 2601//2601
f 2601//2601 1403//1403 2602//2602
f 2601//2601 2602//2602 2603//2603
f 2603//2603 2602//2602 2604//2604
f 2603//2603 2604//2604 2605//2605
f 2605//2605 2604//2604 2606//2606
f 2605//2605 2606//2606 2607//2607
f 2607//2607 2606//2606 2608//2608
f 2607//2607 2608//2608 2609//2609
f 2609//2609 2608//2608 2610//2610
f 2609//2609 2610//2610 2611//2611
f 2611//2611 2610//2610 2612//2612
f 2611//2611 2612//2612 2613//2613
f 2613//2613 2612//2612 2614//2614
f 2613//2613 2614//2614 2615//2615
f 2615//2615 2614//2614 2616//2616
f 2615//2615 2616//2616 644//644
f 644//644 2616//2616 643//643
f 643//643 2616//2616 2617//2617
f 643//643 2617//2617 2618//2618
f 2618//2618 2617//2617 2619//2619
f 2618//2618 2619//2619 2620//2620
f 2620//2620 2619//2619 2621//2621
f 2620//2620 2621//2621 2622//2622
f 2622//2622 2621//2621 2623//2623
f 2622//2622 2623//2623 2624//2624
f 2624//2624 2623//2623 2625//2625
f 2624//2624 2625//2625 2626//2626
f 2626//2626 2625//2625 2627//2627
f 2626//2626 2627//2627 2628//2628
f 2628//2628 2627//2627 2629//2629
f 2628//2628 2629//2629 2630//2630
f 2630//2630 2629//2629 2631//2631
f 2630//2630 2631//2631 2632//2632
f 2632//2632 2631//2631 1393//1393
f 2632//2632 1393//1393 1391//1391
f 1403//1403 1401//1401 2602//2602
f 2602//2602 1401//1401 2633//2633
f 2602//2602 2633//2633 2604//2604
f 2604//2604 2633//2633 2634//2634
f 2604//2604 2634//2634 2606//2606
f 2606//2606 2634//2634 2635//2635
f 2606//2606 2635//2635 2608//2608
f 2608//2608 2635//2635 2636//2636
f 2608//2608 2636//2636 2610//2610
f 2610//2610 2636//2636 2637//2637
f 2610//2610 2637//2637 2612//2612
f 2612//2612 2637//2637 2638//2638
f 2612//2612 2638//2638 2614//2614
f 2614//2614 2638//2638 2639//2639
f 2614//2614 2639//2639 2616//2616
f 2616//2616 2639//2639 2617//2617
f 2633//2633 1401//1401 2640//2640
f 2640//2640 1401//1401 1399//1399
f 2640//2640 1399//1399 2641//2641
f 2641//2641 1399//1399 1397//1397
f 2641//2641 1397//1397 2642//2642
f 2642//2642 1397//1397 2643//2643
f 2642//2642 2643//2643 2644//2644
f 2644//2644 2643//2643 2645//2645
f 2644//2644 2645//2645 2646//2646
f 2646//2646 2645//2645 2647//2647
f 2646//2646 2647//2647 2648//2648
f 2648//2648 2647//2647 2625//2625
f 2648//2648 2625//2625 2623//2623
f 1397//1397 1395//1395 2643//2643
f 2643//2643 1395//1395 2649//2649
f 2643//2643 2649//2649 2645//2645
f 2645//2645 2649//2649 2650//2650
f 2645//2645 2650//2650 2647//2647
f 2647//2647 2650//2650 2627//2627
f 2647//2647 2627//2627 2625//2625
f 2649//2649 1395//1395 2651//2651
f 2651//2651 1395//1395 1393//1393
f 2651//2651 1393//1393 2631//2631
f 2632//2632 1391//1391 2652//2652
f 2652//2652 1391//1391 1389//1389
f 2652//2652 1389//1389 2653//2653
f 2653//2653 1389//1389 2654//2654
f 2653//2653 2654//2654 2655//2655
f 2655//2655 2654//2654 2656//2656
f 2655//2655 2656//2656 2657//2657
f 2657//2657 2656//2656 2658//2658
f 2657//2657 2658//2658 2659//2659
f 2659//2659 2658//2658 2660//2660
f 2659//2659 2660//2660 2661//2661
f 2661//2661 2660//2660 2662//2662
f 2661//2661 2662//2662 2663//2663
f 2663//2663 2662//2662 2664//2664
f 2663//2663 2664//2664 2665//2665
f 2665//2665 2664//2664 2666//2666
f 2665//2665 2666//2666 2667//2667
f 2667//2667 2666//2666 2443//2443
f 2667//2667 2443//2443 708//708
f 1389//1389 1387//1387 2654//2654
f 2654//2654 1387//1387 2668//2668
f 2654//2654 2668//2668 2656//2656
f 2656//2656 2668//2668 2669//2669
f 2656//2656 2669//2669 2658//2658
f 2658//2658 2669//2669 2670//2670
f 2658//2658 2670//2670 2660//2660
f 2660//2660 2670//2670 2671//2671
f 2660//2660 2671//2671 2662//2662
f 2662//2662 2671//2671 2672//2672
f 2662//2662 2672//2672 2664//2664
f 2664//2664 2672//2672 2673//2673
f 2664//2664 2673//2673 2666//2666
f 2666//2666 2673//2673 2441//2441
f 2666//2666 2441//2441 2443//2443
f 2668//2668 1387//1387 2674//2674
f 2674//2674 1387//1387 1385//1385
f 2674//2674 1385//1385 2675//2675
f 2675//2675 1385//1385 1383//1383
f 2675//2675 1383//1383 2676//2676
f 2676//2676 1383//1383 2677//2677
f 2676//2676 2677//2677 2678//2678
f 2678//2678 2677//2677 2679//2679
f 2678//2678 2679//2679 2680//2680
f 2680//2680 2679//2679 2433//2433
f 2680//2680 2433//2433 2435//2435
f 1383//1383 1360//1360 2677//2677
f 2677//2677 1360//1360 2681//2681
f 2677//2677 2681//2681 2679//2679
f 2679//2679 2681//2681 2431//2431
f 2679//2679 2431//2431 2433//2433
f 2681//2681 1360//1360 2429//2429
f 2429//2429 1360//1360 1358//1358
f 708//708 710//710 2667//2667
f 2667//2667 710//710 2682//2682
f 2667//2667 2682//2682 2665//2665
f 2665//2665 2682//2682 2683//2683
f 2665//2665 2683//2683 2663//2663
f 2663//2663 2683//2683 2684//2684
f 2663//2663 2684//2684 2661//2661
f 2661//2661 2684//2684 2685//2685
f 2661//2661 2685//2685 2659//2659
f 2659//2659 2685//2685 2686//2686
f 2659//2659 2686//2686 2657//2657
f 2657//2657 2686//2686 2687//2687
f 2657//2657 2687//2687 2655//2655
f 2655//2655 2687//2687 2688//2688
f 2655//2655 2688//2688 2653//2653
f 2653//2653 2688//2688 2652//2652
f 710//710 712//712 2682//2682
f 2682//2682 712//712 2689//2689
f 2682//2682 2689//2689 2683//2683
f 2683//2683 2689//2689 2690//2690
f 2683//2683 2690//2690 2684//2684
f 2684//2684 2690//2690 2691//2691
f 2684//2684 2691//2691 2685//2685
f 2685//2685 2691//2691 2692//2692
f 2685//2685 2692//2692 2686//2686
f 2686//2686 2692//2692 2693//2693
f 2686//2686 2693//2693 2687//2687
f 2687//2687 2693//2693 2694//2694
f 2687//2687 2694//2694 2688//2688
f 2688//2688 2694//2694 2695//2695
f 2688//2688 2695//2695 2652//2652
f 2652//2652 2695//2695 2632//2632
f 712//712 714//714 2689//2689
f 2689//2689 714//714 2696//2696
f 2689//2689 2696//2696 2690//2690
f 2690//2690 2696//2696 2697//2697
f 2690//2690 2697//2697 2691//2691
f 2691//2691 2697//2697 2698//2698
f 2691//2691 2698//2698 2692//2692
f 2692//2692 2698//2698 2699//2699
f 2692//2692 2699//2699 2693//2693
f 2693//2693 2699//2699 2700//2700
f 2693//2693 2700//2700 2694//2694
f 2694//2694 2700//2700 2701//2701
f 2694//2694 2701//2701 2695//2695
f 2695//2695 2701//2701 2630//2630
f 2695//2695 2630//2630 2632//2632
f 714//714 716//716 2696//2696
f 2696//2696 716//716 2702//2702
f 2696//2696 2702//2702 2697//2697
f 2697//2697 2702//2702 2703//2703
f 2697//2697 2703//2703 2698//2698
f 2698//2698 2703//2703 2704//2704
f 2698//2698 2704//2704 2699//2699
f 2699//2699 2704//2704 2705//2705
f 2699//2699 2705//2705 2700//2700
f 2700//2700 2705//2705 2706//2706
f 2700//2700 2706//2706 2701//2701
f 2701//2701 2706//2706 2628//2628
f 2701//2701 2628//2628 2630//2630
f 2702//2702 716//716 2707//2707
f 2707//2707 716//716 718//718
f 2707//2707 718//718 2708//2708
f 2708//2708 718//718 720//720
f 2708//2708 720//720 2709//2709
f 2709//2709 720//720 722//722
f 2709//2709 722//722 2710//2710
f 2710//2710 722//722 642//642
f 2710//2710 642//642 2618//2618
f 2618//2618 642//642 643//643
f 644//644 645//645 2615//2615
f 2615//2615 645//645 2711//2711
f 2615//2615 2711//2711 2613//2613
f 2613//2613 2711//2711 2712//2712
f 2613//2613 2712//2712 2611//2611
f 2611//2611 2712//2712 2713//2713
f 2611//2611 2713//2713 2609//2609
f 2609//2609 2713//2713 2714//2714
f 2609//2609 2714//2714 2607//2607
f 2607//2607 2714//2714 2715//2715
f 2607//2607 2715//2715 2605//2605
f 2605//2605 2715//2715 2716//2716
f 2605//2605 2716//2716 2603//2603
f 2603//2603 2716//2716 2717//2717
f 2603//2603 2717//2717 2601//2601
f 2601//2601 2717//2717 2600//2600
f 645//645 646//646 2711//2711
f 2711//2711 646//646 2718//2718
f 2711//2711 2718//2718 2712//2712
f 2712//2712 2718//2718 2719//2719
f 2712//2712 2719//2719 2713//2713
f 2713//2713 2719//2719 2720//2720
f 2713//2713 2720//2720 2714//2714
f 2714//2714 2720//2720 2721//2721
f 2714//2714 2721//2721 2715//2715
f 2715//2715 2721//2721 2722//2722
f 2715//2715 2722//2722 2716//2716
f 2716//2716 2722//2722 2723//2723
f 2716//2716 2723//2723 2717//2717
f 2717//2717 2723//2723 2724//2724
f 2717//2717 2724//2724 2600//2600
f 2600//2600 2724//2724 2580//2580
f 646//646 647//647 2718//2718
f 2718//2718 647//647 2725//2725
f 2718//2718 2725//2725 2719//2719
f 2719//2719 2725//2725 2726//2726
f 2719//2719 2726//2726 2720//2720
f 2720//2720 2726//2726 2727//2727
f 2720//2720 2727//2727 2721//2721
f 2721//2721 2727//2727 2728//2728
f 2721//2721 2728//2728 2722//2722
f 2722//2722 2728//2728 2729//2729
f 2722//2722 2729//2729 2723//2723
f 2723//2723 2729//2729 2730//2730
f 2723//2723 2730//2730 2724//2724
f 2724//2724 2730//2730 2578//2578
f 2724//2724 2578//2578 2580//2580
f 647//647 648//648 2725//2725
f 2725//2725 648//648 2731//2731
f 2725//2725 2731//2731 2726//2726
f 2726//2726 2731//2731 2732//2732
f 2726//2726 2732//2732 2727//2727
f 2727//2727 2732//2732 2733//2733
f 2727//2727 2733//2733 2728//2728
f 2728//2728 2733//2733 2734//2734
f 2728//2728 2734//2734 2729//2729
f 2729//2729 2734//2734 2735//2735
f 2729//2729 2735//2735 2730//2730
f 2730//2730 2735//2735 2576//2576
f 2730//2730 2576//2576 2578//2578
f 2731//2731 648//648 2736//2736
f 2736//2736 648//648 649//649
f 2736//2736 649//649 2737//2737
f 2737//2737 649//649 650//650
f 2737//2737 650//650 2738//2738
f 2738//2738 650//650 651//651
f 2738//2738 651//651 2739//2739
f 2739//2739 651//651 652//652
f 2739//2739 652//652 2566//2566
f 2566//2566 652//652 653//653
f 654//654 655//655 2563//2563
f 2563//2563 655//655 2740//2740
f 2563//2563 2740//2740 2561//2561
f 2561//2561 2740//2740 2741//2741
f 2561//2561 2741//2741 2559//2559
f 2559//2559 2741//2741 2742//2742
f 2559//2559 2742//2742 2557//2557
f 2557//2557 2742//2742 2743//2743
f 2557//2557 2743//2743 2555//2555
f 2555//2555 2743//2743 2744//2744
f 2555//2555 2744//2744 2553//2553
f 2553//2553 2744//2744 2745//2745
f 2553//2553 2745//2745 2551//2551
f 2551//2551 2745//2745 2746//2746
f 2551//2551 2746//2746 2549//2549
f 2549//2549 2746//2746 2548//2548
f 655//655 656//656 2740//2740
f 2740//2740 656//656 2747//2747
f 2740//2740 2747//2747 2741//2741
f 2741//2741 2747//2747 2748//2748
f 2741//2741 2748//2748 2742//2742
f 2742//2742 2748//2748 2749//2749
f 2742//2742 2749//2749 2743//2743
f 2743//2743 2749//2749 2750//2750
f 2743//2743 2750//2750 2744//2744
f 2744//2744 2750//2750 2751//2751
f 2744//2744 2751//2751 2745//2745
f 2745//2745 2751//2751 2752//2752
f 2745//2745 2752//2752 2746//2746
f 2746//2746 2752//2752 2753//2753
f 2746//2746 2753//2753 2548//2548
f 2548//2548 2753//2753 2528//2528
f 656//656 657//657 2747//2747
f 2747//2747 657//657 2754//2754
f 2747//2747 2754//2754 2748//2748
f 2748//2748 2754//2754 2755//2755
f 2748//2748 2755//2755 2749//2749
f 2749//2749 2755//2755 2756//2756
f 2749//2749 2756//2756 2750//2750
f 2750//2750 2756//2756 2757//2757
f 2750//2750 2757//2757 2751//2751
f 2751//2751 2757//2757 2758//2758
f 2751//2751 2758//2758 2752//2752
f 2752//2752 2758//2758 2759//2759
f 2752//2752 2759//2759 2753//2753
f 2753//2753 2759//2759 2526//2526
f 2753//2753 2526//2526 2528//2528
f 657//657 658//658 2754//2754
f 2754//2754 658//658 2760//2760
f 2754//2754 2760//2760 2755//2755
f 2755//2755 2760//2760 2761//2761
f 2755//2755 2761//2761 2756//2756
f 2756//2756 2761//2761 2762//2762
f 2756//2756 2762//2762 2757//2757
f 2757//2757 2762//2762 2763//2763
f 2757//2757 2763//2763 2758//2758
f 2758//2758 2763//2763 2764//2764
f 2758//2758 2764//2764 2759//2759
f 2759//2759 2764//2764 2524//2524
f 2759//2759 2524//2524 2526//2526
f 2760//2760 658//658 2765//2765
f 2765//2765 658//658 659//659
f 2765//2765 659//659 2766//2766
f 2766//2766 659//659 660//660
f 2766//2766 660//660 2767//2767
f 2767//2767 660//660 661//661
f 2767//2767 661//661 2768//2768
f 2768//2768 661//661 662//662
f 2768//2768 662//662 2514//2514
f 2514//2514 662//662 663//663
f 664//664 665//665 2511//2511
f 2511//2511 665//665 2769//2769
f 2511//2511 2769//2769 2509//2509
f 2509//2509 2769//2769 2770//2770
f 2509//2509 2770//2770 2507//2507
f 2507//2507 2770//2770 2771//2771
f 2507//2507 2771//2771 2505//2505
f 2505//2505 2771//2771 2772//2772
f 2505//2505 2772//2772 2503//2503
f 2503//2503 2772//2772 2773//2773
f 2503//2503 2773//2773 2501//2501
f 2501//2501 2773//2773 2774//2774
f 2501//2501 2774//2774 2499//2499
f 2499//2499 2774//2774 2775//2775
f 2499//2499 2775//2775 2497//2497
f 2497//2497 2775//2775 2496//2496
f 665//665 666//666 2769//2769
f 2769//2769 666//666 2776//2776
f 2769//2769 2776//2776 2770//2770
f 2770//2770 2776//2776 2777//2777
f 2770//2770 2777//2777 2771//2771
f 2771//2771 2777//2777 2778//2778
f 2771//2771 2778//2778 2772//2772
f 2772//2772 2778//2778 2779//2779
f 2772//2772 2779//2779 2773//2773
f 2773//2773 2779//2779 2780//2780
f 2773//2773 2780//2780 2774//2774
f 2774//2774 2780//2780 2781//2781
f 2774//2774 2781//2781 2775//2775
f 2775//2775 2781//2781 2782//2782
f 2775//2775 2782//2782 2496//2496
f 2496//2496 2782//2782 2476//2476
f 666//666 667//667 2776//2776
f 2776//2776 667//667 2783//2783
f 2776//2776 2783//2783 2777//2777
f 2777//2777 2783//2783 2784//2784
f 2777//2777 2784//2784 2778//2778
f 2778//2778 2784//2784 2785//2785
f 2778//2778 2785//2785 2779//2779
f 2779//2779 2785//2785 2786//2786
f 2779//2779 2786//2786 2780//2780
f 2780//2780 2786//2786 2787//2787
f 2780//2780 2787//2787 2781//2781
f 2781//2781 2787//2787 2788//2788
f 2781//2781 2788//2788 2782//2782
f 2782//2782 2788//2788 2474//2474
f 2782//2782 2474//2474 2476//2476
f 667//667 668//668 2783//2783
f 2783//2783 668//668 2789//2789
f 2783//2783 2789//2789 2784//2784
f 2784//2784 2789//2789 2790//2790
f 2784//2784 2790//2790 2785//2785
f 2785//2785 2790//2790 2791//2791
f 2785//2785 2791//2791 2786//2786
f 2786//2786 2791//2791 2792//2792
f 2786//2786 2792//2792 2787//2787
f 2787//2787 2792//2792 2793//2793
f 2787//2787 2793//2793 2788//2788
f 2788//2788 2793//2793 2472//2472
f 2788//2788 2472//2472 2474//2474
f 2789//2789 668//668 2794//2794
f 2794//2794 668//668 669//669
f 2794//2794 669//669 2795//2795
f 2795//2795 669//669 670//670
f 2795//2795 670//670 2796//2796
f 2796//2796 670//670 671//671
f 2796//2796 671//671 2797//2797
f 2797//2797 671//671 672//672
f 2797//2797 672//672 2462//2462
f 2462//2462 672//672 673//673
f 674//674 690//690 2459//2459
f 2459//2459 690//690 2798//2798
f 2459//2459 2798//2798 2457//2457
f 2457//2457 2798//2798 2799//2799
f 2457//2457 2799//2799 2455//2455
f 2455//2455 2799//2799 2800//2800
f 2455//2455 2800//2800 2453//2453
f 2453//2453 2800//2800 2801//2801
f 2453//2453 2801//2801 2451//2451
f 2451//2451 2801//2801 2802//2802
f 2451//2451 2802//2802 2449//2449
f 2449//2449 2802//2802 2803//2803
f 2449//2449 2803//2803 2447//2447
f 2447//2447 2803//2803 2804//2804
f 2447//2447 2804//2804 2445//2445
f 2445//2445 2804//2804 2444//2444
f 690//690 692//692 2798//2798
f 2798//2798 692//692 2805//2805
f 2798//2798 2805//2805 2799//2799
f 2799//2799 2805//2805 2806//2806
f 2799//2799 2806//2806 2800//2800
f 2800//2800 2806//2806 2807//2807
f 2800//2800 2807//2807 2801//2801
f 2801//2801 2807//2807 2808//2808
f 2801//2801 2808//2808 2802//2802
f 2802//2802 2808//2808 2809//2809
f 2802//2802 2809//2809 2803//2803
f 2803//2803 2809//2809 2810//2810
f 2803//2803 2810//2810 2804//2804
f 2804//2804 2810//2810 2811//2811
f 2804//2804 2811//2811 2444//2444
f 2444//2444 2811//2811 2427//2427
f 692//692 694//694 2805//2805
f 2805//2805 694//694 2812//2812
f 2805//2805 2812//2812 2806//2806
f 2806//2806 2812//2812 2813//2813
f 2806//2806 2813//2813 2807//2807
f 2807//2807 2813//2813 2814//2814
f 2807//2807 2814//2814 2808//2808
f 2808//2808 2814//2814 2815//2815
f 2808//2808 2815//2815 2809//2809
f 2809//2809 2815//2815 2816//2816
f 2809//2809 2816//2816 2810//2810
f 2810//2810 2816//2816 2817//2817
f 2810//2810 2817//2817 2811//2811
f 2811//2811 2817//2817 2818//2818
f 2811//2811 2818//2818 2427//2427
f 2427//2427 2818//2818 2428//2428
f 694//694 696//696 2812//2812
f 2812//2812 696//696 2819//2819
f 2812//2812 2819//2819 2813//2813
f 2813//2813 2819//2819 2820//2820
f 2813//2813 2820//2820 2814//2814
f 2814//2814 2820//2820 2821//2821
f 2814//2814 2821//2821 2815//2815
f 2815//2815 2821//2821 2822//2822
f 2815//2815 2822//2822 2816//2816
f 2816//2816 2822//2822 2823//2823
f 2816//2816 2823//2823 2817//2817
f 2817//2817 2823//2823 2824//2824
f 2817//2817 2824//2824 2818//2818
f 2818//2818 2824//2824 2430//2430
f 2818//2818 2430//2430 2428//2428
f 2819//2819 696//696 2825//2825
f 2825//2825 696//696 698//698
f 2825//2825 698//698 2826//2826
f 2826//2826 698//698 700//700
f 2826//2826 700//700 2827//2827
f 2827//2827 700//700 702//702
f 2827//2827 702//702 2828//2828
f 2828//2828 702//702 704//704
f 2828//2828 704//704 2829//2829
f 2829//2829 704//704 706//706
f 2829//2829 706//706 2442//2442
f 2581//2581 2588//2588 2582//2582
f 2582//2582 2588//2588 2830//2830
f 2582//2582 2830//2830 2583//2583
f 2583//2583 2830//2830 2831//2831
f 2583//2583 2831//2831 2584//2584
f 2584//2584 2831//2831 2832//2832
f 2584//2584 2832//2832 2585//2585
f 2585//2585 2832//2832 2833//2833
f 2585//2585 2833//2833 2586//2586
f 2586//2586 2833//2833 2834//2834
f 2586//2586 2834//2834 2587//2587
f 2587//2587 2834//2834 2567//2567
f 2587//2587 2567//2567 2565//2565
f 2761//2761 2760//2760 2765//2765
f 2432//2432 2430//2430 2824//2824
f 2434//2434 2432//2432 2835//2835
f 2835//2835 2432//2432 2824//2824
f 2835//2835 2824//2824 2823//2823
f 2436//2436 2434//2434 2836//2836
f 2836//2836 2434//2434 2835//2835
f 2836//2836 2835//2835 2837//2837
f 2837//2837 2835//2835 2823//2823
f 2837//2837 2823//2823 2822//2822
f 2438//2438 2436//2436 2838//2838
f 2838//2838 2436//2436 2836//2836
f 2838//2838 2836//2836 2839//2839
f 2839//2839 2836//2836 2837//2837
f 2839//2839 2837//2837 2840//2840
f 2840//2840 2837//2837 2822//2822
f 2840//2840 2822//2822 2821//2821
f 2440//2440 2438//2438 2841//2841
f 2841//2841 2438//2438 2838//2838
f 2841//2841 2838//2838 2842//2842
f 2842//2842 2838//2838 2839//2839
f 2842//2842 2839//2839 2843//2843
f 2843//2843 2839//2839 2840//2840
f 2843//2843 2840//2840 2844//2844
f 2844//2844 2840//2840 2821//2821
f 2844//2844 2821//2821 2820//2820
f 2442//2442 2440//2440 2829//2829
f 2829//2829 2440//2440 2841//2841
f 2829//2829 2841//2841 2828//2828
f 2828//2828 2841//2841 2842//2842
f 2828//2828 2842//2842 2827//2827
f 2827//2827 2842//2842 2843//2843
f 2827//2827 2843//2843 2826//2826
f 2826//2826 2843//2843 2844//2844
f 2826//2826 2844//2844 2825//2825
f 2825//2825 2844//2844 2820//2820
f 2825//2825 2820//2820 2819//2819
f 2477//2477 2484//2484 2478//2478
f 2478//2478 2484//2484 2845//2845
f 2478//2478 2845//2845 2479//2479
f 2479//2479 2845//2845 2846//2846
f 2479//2479 2846//2846 2480//2480
f 2480//2480 2846//2846 2847//2847
f 2480//2480 2847//2847 2481//2481
f 2481//2481 2847//2847 2848//2848
f 2481//2481 2848//2848 2482//2482
f 2482//2482 2848//2848 2849//2849
f 2482//2482 2849//2849 2483//2483
f 2483//2483 2849//2849 2463//2463
f 2483//2483 2463//2463 2461//2461
f 2484//2484 2485//2485 2845//2845
f 2845//2845 2485//2485 2850//2850
f 2845//2845 2850//2850 2846//2846
f 2846//2846 2850//2850 2851//2851
f 2846//2846 2851//2851 2847//2847
f 2847//2847 2851//2851 2852//2852
f 2847//2847 2852//2852 2848//2848
f 2848//2848 2852//2852 2853//2853
f 2848//2848 2853//2853 2849//2849
f 2849//2849 2853//2853 2465//2465
f 2849//2849 2465//2465 2463//2463
f 2486//2486 2488//2488 2850//2850
f 2850//2850 2488//2488 2851//2851
f 2852//2852 2851//2851 2490//2490
f 2490//2490 2851//2851 2488//2488
f 2485//2485 2486//2486 2850//2850
f 2493//2493 2495//2495 2494//2494
f 2494//2494 2495//2495 2473//2473
f 2494//2494 2473//2473 2471//2471
f 2475//2475 2473//2473 2495//2495
f 2852//2852 2490//2490 2492//2492
f 2852//2852 2492//2492 2853//2853
f 2853//2853 2492//2492 2467//2467
f 2853//2853 2467//2467 2465//2465
f 2472//2472 2793//2793 2470//2470
f 2470//2470 2793//2793 2854//2854
f 2470//2470 2854//2854 2468//2468
f 2468//2468 2854//2854 2855//2855
f 2468//2468 2855//2855 2466//2466
f 2466//2466 2855//2855 2856//2856
f 2466//2466 2856//2856 2464//2464
f 2464//2464 2856//2856 2797//2797
f 2464//2464 2797//2797 2462//2462
f 2793//2793 2792//2792 2854//2854
f 2854//2854 2792//2792 2857//2857
f 2854//2854 2857//2857 2855//2855
f 2855//2855 2857//2857 2858//2858
f 2855//2855 2858//2858 2856//2856
f 2856//2856 2858//2858 2796//2796
f 2856//2856 2796//2796 2797//2797
f 2857//2857 2792//2792 2791//2791
f 2858//2858 2857//2857 2859//2859
f 2859//2859 2857//2857 2791//2791
f 2859//2859 2791//2791 2790//2790
f 2796//2796 2858//2858 2795//2795
f 2795//2795 2858//2858 2859//2859
f 2795//2795 2859//2859 2794//2794
f 2794//2794 2859//2859 2790//2790
f 2794//2794 2790//2790 2789//2789
f 2529//2529 2536//2536 2530//2530
f 2530//2530 2536//2536 2860//2860
f 2530//2530 2860//2860 2531//2531
f 2531//2531 2860//2860 2861//2861
f 2531//2531 2861//2861 2532//2532
f 2532//2532 2861//2861 2862//2862
f 2532//2532 2862//2862 2533//2533
f 2533//2533 2862//2862 2863//2863
f 2533//2533 2863//2863 2534//2534
f 2534//2534 2863//2863 2864//2864
f 2534//2534 2864//2864 2535//2535
f 2535//2535 2864//2864 2515//2515
f 2535//2535 2515//2515 2513//2513
f 2536//2536 2537//2537 2860//2860
f 2860//2860 2537//2537 2865//2865
f 2860//2860 2865//2865 2861//2861
f 2861//2861 2865//2865 2866//2866
f 2861//2861 2866//2866 2862//2862
f 2862//2862 2866//2866 2867//2867
f 2862//2862 2867//2867 2863//2863
f 2863//2863 2867//2867 2868//2868
f 2863//2863 2868//2868 2864//2864
f 2864//2864 2868//2868 2517//2517
f 2864//2864 2517//2517 2515//2515
f 2538//2538 2540//2540 2865//2865
f 2865//2865 2540//2540 2866//2866
f 2867//2867 2866//2866 2542//2542
f 2542//2542 2866//2866 2540//2540
f 2537//2537 2538//2538 2865//2865
f 2545//2545 2547//2547 2546//2546
f 2546//2546 2547//2547 2525//2525
f 2546//2546 2525//2525 2523//2523
f 2527//2527 2525//2525 2547//2547
f 2867//2867 2542//2542 2544//2544
f 2867//2867 2544//2544 2868//2868
f 2868//2868 2544//2544 2519//2519
f 2868//2868 2519//2519 2517//2517
f 2524//2524 2764//2764 2522//2522
f 2522//2522 2764//2764 2869//2869
f 2522//2522 2869//2869 2520//2520
f 2520//2520 2869//2869 2870//2870
f 2520//2520 2870//2870 2518//2518
f 2518//2518 2870//2870 2871//2871
f 2518//2518 2871//2871 2516//2516
f 2516//2516 2871//2871 2768//2768
f 2516//2516 2768//2768 2514//2514
f 2764//2764 2763//2763 2869//2869
f 2869//2869 2763//2763 2872//2872
f 2869//2869 2872//2872 2870//2870
f 2870//2870 2872//2872 2873//2873
f 2870//2870 2873//2873 2871//2871
f 2871//2871 2873//2873 2767//2767
f 2871//2871 2767//2767 2768//2768
f 2872//2872 2763//2763 2762//2762
f 2873//2873 2872//2872 2874//2874
f 2874//2874 2872//2872 2762//2762
f 2874//2874 2762//2762 2761//2761
f 2767//2767 2873//2873 2766//2766
f 2766//2766 2873//2873 2874//2874
f 2766//2766 2874//2874 2765//2765
f 2765//2765 2874//2874 2761//2761
f 2588//2588 2589//2589 2830//2830
f 2830//2830 2589//2589 2875//2875
f 2830//2830 2875//2875 2831//2831
f 2831//2831 2875//2875 2876//2876
f 2831//2831 2876//2876 2832//2832
f 2832//2832 2876//2876 2877//2877
f 2832//2832 2877//2877 2833//2833
f 2833//2833 2877//2877 2878//2878
f 2833//2833 2878//2878 2834//2834
f 2834//2834 2878//2878 2569//2569
f 2834//2834 2569//2569 2567//2567
f 2590//2590 2592//2592 2875//2875
f 2875//2875 2592//2592 2876//2876
f 2877//2877 2876//2876 2594//2594
f 2594//2594 2876//2876 2592//2592
f 2589//2589 2590//2590 2875//2875
f 2597//2597 2599//2599 2598//2598
f 2598//2598 2599//2599 2577//2577
f 2598//2598 2577//2577 2575//2575
f 2579//2579 2577//2577 2599//2599
f 2877//2877 2594//2594 2596//2596
f 2877//2877 2596//2596 2878//2878
f 2878//2878 2596//2596 2571//2571
f 2878//2878 2571//2571 2569//2569
f 2576//2576 2735//2735 2574//2574
f 2574//2574 2735//2735 2879//2879
f 2574//2574 2879//2879 2572//2572
f 2572//2572 2879//2879 2880//2880
f 2572//2572 2880//2880 2570//2570
f 2570//2570 2880//2880 2881//2881
f 2570//2570 2881//2881 2568//2568
f 2568//2568 2881//2881 2739//2739
f 2568//2568 2739//2739 2566//2566
f 2735//2735 2734//2734 2879//2879
f 2879//2879 2734//2734 2882//2882
f 2879//2879 2882//2882 2880//2880
f 2880//2880 2882//2882 2883//2883
f 2880//2880 2883//2883 2881//2881
f 2881//2881 2883//2883 2738//2738
f 2881//2881 2738//2738 2739//2739
f 2882//2882 2734//2734 2733//2733
f 2883//2883 2882//2882 2884//2884
f 2884//2884 2882//2882 2733//2733
f 2884//2884 2733//2733 2732//2732
f 2738//2738 2883//2883 2737//2737
f 2737//2737 2883//2883 2884//2884
f 2737//2737 2884//2884 2736//2736
f 2736//2736 2884//2884 2732//2732
f 2736//2736 2732//2732 2731//2731
f 2633//2633 2640//2640 2634//2634
f 2634//2634 2640//2640 2885//2885
f 2634//2634 2885//2885 2635//2635
f 2635//2635 2885//2885 2886//2886
f 2635//2635 2886//2886 2636//2636
f 2636//2636 2886//2886 2887//2887
f 2636//2636 2887//2887 2637//2637
f 2637//2637 2887//2887 2888//2888
f 2637//2637 2888//2888 2638//2638
f 2638//2638 2888//2888 2889//2889
f 2638//2638 2889//2889 2639//2639
f 2639//2639 2889//2889 2619//2619
f 2639//2639 2619//2619 2617//2617
f 2640//2640 2641//2641 2885//2885
f 2885//2885 2641//2641 2890//2890
f 2885//2885 2890//2890 2886//2886
f 2886//2886 2890//2890 2891//2891
f 2886//2886 2891//2891 2887//2887
f 2887//2887 2891//2891 2892//2892
f 2887//2887 2892//2892 2888//2888
f 2888//2888 2892//2892 2893//2893
f 2888//2888 2893//2893 2889//2889
f 2889//2889 2893//2893 2621//2621
f 2889//2889 2621//2621 2619//2619
f 2642//2642 2644//2644 2890//2890
f 2890//2890 2644//2644 2891//2891
f 2892//2892 2891//2891 2646//2646
f 2646//2646 2891//2891 2644//2644
f 2641//2641 2642//2642 2890//2890
f 2649//2649 2651//2651 2650//2650
f 2650//2650 2651//2651 2629//2629
f 2650//2650 2629//2629 2627//2627
f 2631//2631 2629//2629 2651//2651
f 2892//2892 2646//2646 2648//2648
f 2892//2892 2648//2648 2893//2893
f 2893//2893 2648//2648 2623//2623
f 2893//2893 2623//2623 2621//2621
f 2628//2628 2706//2706 2626//2626
f 2626//2626 2706//2706 2894//2894
f 2626//2626 2894//2894 2624//2624
f 2624//2624 2894//2894 2895//2895
f 2624//2624 2895//2895 2622//2622
f 2622//2622 2895//2895 2896//2896
f 2622//2622 2896//2896 2620//2620
f 2620//2620 2896//2896 2710//2710
f 2620//2620 2710//2710 2618//2618
f 2706//2706 2705//2705 2894//2894
f 2894//2894 2705//2705 2897//2897
f 2894//2894 2897//2897 2895//2895
f 2895//2895 2897//2897 2898//2898
f 2895//2895 2898//2898 2896//2896
f 2896//2896 2898//2898 2709//2709
f 2896//2896 2709//2709 2710//2710
f 2897//2897 2705//2705 2704//2704
f 2898//2898 2897//2897 2899//2899
f 2899//2899 2897//2897 2704//2704
f 2899//2899 2704//2704 2703//2703
f 2709//2709 2898//2898 2708//2708
f 2708//2708 2898//2898 2899//2899
f 2708//2708 2899//2899 2707//2707
f 2707//2707 2899//2899 2703//2703
f 2707//2707 2703//2703 2702//2702
f 2668//2668 2674//2674 2669//2669
f 2669//2669 2674//2674 2900//2900
f 2669//2669 2900//2900 2670//2670
f 2670//2670 2900//2900 2901//2901
f 2670//2670 2901//2901 2671//2671
f 2671//2671 2901//2901 2902//2902
f 2671//2671 2902//2902 2672//2672
f 2672//2672 2902//2902 2903//2903
f 2672//2672 2903//2903 2673//2673
f 2673//2673 2903//2903 2439//2439
f 2673//2673 2439//2439 2441//2441
f 2674//2674 2675//2675 2900//2900
f 2900//2900 2675//2675 2904//2904
f 2900//2900 2904//2904 2901//2901
f 2901//2901 2904//2904 2905//2905
f 2901//2901 2905//2905 2902//2902
f 2902//2902 2905//2905 2906//2906
f 2902//2902 2906//2906 2903//2903
f 2903//2903 2906//2906 2437//2437
f 2903//2903 2437//2437 2439//2439
f 2676//2676 2678//2678 2904//2904
f 2904//2904 2678//2678 2905//2905
f 2906//2906 2905//2905 2680//2680
f 2680//2680 2905//2905 2678//2678
f 2675//2675 2676//2676 2904//2904
f 2429//2429 2431//2431 2681//2681
f 2906//2906 2680//2680 2435//2435
f 2435//2435 2437//2437 2906//2906
f 27//27 2907//2907 26//26
f 26//26 2907//2907 2908//2908
f 26//26 2908//2908 25//25
f 25//25 2908//2908 2909//2909
f 25//25 2909//2909 48//48
f 48//48 2909//2909 2910//2910
f 48//48 2910//2910 47//47
f 47//47 2910//2910 2911//2911
f 47//47 2911//2911 46//46
f 46//46 2911//2911 2912//2912
f 46//46 2912//2912 45//45
f 45//45 2912//2912 2913//2913
f 45//45 2913//2913 44//44
f 44//44 2913//2913 2914//2914
f 44//44 2914//2914 43//43
f 43//43 2914//2914 2915//2915
f 43//43 2915//2915 42//42
f 42//42 2915//2915 2916//2916
f 42//42 2916//2916 41//41
f 41//41 2916//2916 2917//2917
f 41//41 2917//2917 40//40
f 40//40 2917//2917 2918//2918
f 40//40 2918//2918 39//39
f 39//39 2918//2918 2919//2919
f 39//39 2919//2919 38//38
f 38//38 2919//2919 2920//2920
f 38//38 2920//2920 37//37
f 37//37 2920//2920 2921//2921
f 37//37 2921//2921 36//36
f 36//36 2921//2921 2922//2922
f 36//36 2922//2922 35//35
f 35//35 2922//2922 2923//2923
f 35//35 2923//2923 34//34
f 34//34 2923//2923 2924//2924
f 34//34 2924//2924 33//33
f 33//33 2924//2924 2925//2925
f 33//33 2925//2925 32//32
f 32//32 2925//2925 2926//2926
f 32//32 2926//2926 31//31
f 31//31 2926//2926 2927//2927
f 31//31 2927//2927 30//30
f 30//30 2927//2927 2928//2928
f 30//30 2928//2928 29//29
f 29//29 2928//2928 2929//2929
f 29//29 2929//2929 28//28
f 28//28 2929//2929 2930//2930
f 28//28 2930//2930 27//27
f 27//27 2930//2930 2907//2907
f 75//75 2931//2931 74//74
f 74//74 2931//2931 2932//2932
f 74//74 2932//2932 73//73
f 73//73 2932//2932 2933//2933
f 73//73 2933//2933 96//96
f 96//96 2933//2933 2934//2934
f 96//96 2934//2934 95//95
f 95//95 2934//2934 2935//2935
f 95//95 2935//2935 94//94
f 94//94 2935//2935 2936//2936
f 94//94 2936//2936 93//93
f 93//93 2936//2936 2937//2937
f 93//93 2937//2937 92//92
f 92//92 2937//2937 2938//2938
f 92//92 2938//2938 91//91
f 91//91 2938//2938 2939//2939
f 91//91 2939//2939 90//90
f 90//90 2939//2939 2940//2940
f 90//90 2940//2940 89//89
f 89//89 2940//2940 2941//2941
f 89//89 2941//2941 88//88
f 88//88 2941//2941 2942//2942
f 88//88 2942//2942 87//87
f 87//87 2942//2942 2943//2943
f 87//87 2943//2943 86//86
f 86//86 2943//2943 2944//2944
f 86//86 2944//2944 85//85
f 85//85 2944//2944 2945//2945
f 85//85 2945//2945 84//84
f 84//84 2945//2945 2946//2946
f 84//84 2946//2946 83//83
f 83//83 2946//2946 2947//2947
f 83//83 2947//2947 82//82
f 82//82 2947//2947 2948//2948
f 82//82 2948//2948 81//81
f 81//81 2948//2948 2949//2949
f 81//81 2949//2949 80//80
f 80//80 2949//2949 2950//2950
f 80//80 2950//2950 79//79
f 79//79 2950//2950 2951//2951
f 79//79 2951//2951 78//78
f 78//78 2951//2951 2952//2952
f 78//78 2952//2952 77//77
f 77//77 2952//2952 2953//2953
f 77//77 2953//2953 76//76
f 76//76 2953//2953 2954//2954
f 76//76 2954//2954 75//75
f 75//75 2954//2954 2931//2931
f 1355//1355 2919//2919 1356//1356
f 1356//1356 2919//2919 2918//2918
f 1356//1356 2918//2918 2917//2917
f 2926//2926 2925//2925 1355//1355
f 1355//1355 2925//2925 2924//2924
f 1355//1355 2924//2924 2923//2923
f 2923//2923 2922//2922 1355//1355
f 1355//1355 2922//2922 2921//2921
f 1355//1355 2921//2921 2920//2920
f 2920//2920 2919//2919 1355//1355
f 2917//2917 2916//2916 1356//1356
f 1356//1356 2916//2916 2915//2915
f 1356//1356 2915//2915 2914//2914
f 1356//1356 2914//2914 1461//1461
f 1461//1461 2914//2914 2913//2913
f 1461//1461 2913//2913 2912//2912
f 2912//2912 2911//2911 1461//1461
f 1461//1461 2911//2911 2910//2910
f 1461//1461 2910//2910 2909//2909
f 1461//1461 2909//2909 1449//1449
f 1449//1449 2909//2909 2908//2908
f 1449//1449 2908//2908 2907//2907
f 2907//2907 2930//2930 1449//1449
f 1449//1449 2930//2930 2929//2929
f 1449//1449 2929//2929 2928//2928
f 2928//2928 2927//2927 1449//1449
f 1449//1449 2927//2927 2926//2926
f 986//986 2943//2943 987//987
f 987//987 2943//2943 2942//2942
f 987//987 2942//2942 2941//2941
f 2950//2950 2949//2949 986//986
f 986//986 2949//2949 2948//2948
f 986//986 2948//2948 2947//2947
f 2947//2947 2946//2946 986//986
f 986//986 2946//2946 2945//2945
f 986//986 2945//2945 2944//2944
f 2944//2944 2943//2943 986//986
f 2941//2941 2940//2940 987//987
f 987//987 2940//2940 2939//2939
f 987//987 2939//2939 2938//2938
f 987//987 2938//2938 1092//1092
f 1092//1092 2938//2938 2937//2937
f 1092//1092 2937//2937 2936//2936
f 2936//2936 2935//2935 1092//1092
f 1092//1092 2935//2935 2934//2934
f 1092//1092 2934//2934 2933//2933
f 1092//1092 2933//2933 1080//1080
f 1080//1080 2933//2933 2932//2932
f 1080//1080 2932//2932 2931//2931
f 2931//2931 2954//2954 1080//1080
f 1080//1080 2954//2954 2953//2953
f 1080//1080 2953//2953 2952//2952
f 2952//2952 2951//2951 1080//1080
f 1080//1080 2951//2951 2950//2950
f 1073//1073 982//982 970//970
f 970//970 982//982 969//969
f 1442//1442 1351//1351 1339//1339
f 1339//1339 1351//1351 1338//1338
f 1009//1009 1078//1078 994//994
f 994//994 1078//1078 1087//1087
f 1087//1087 1078//1078 1077//1077
f 1087//1087 1077//1077 1088//1088
f 1088//1088 1077//1077 1089//1089
f 1089//1089 1077//1077 1076//1076
f 1089//1089 1076//1076 1090//1090
f 1090//1090 1076//1076 1075//1075
f 1090//1090 1075//1075 1091//1091
f 1091//1091 1075//1075 1074//1074
f 1091//1091 1074//1074 970//970
f 970//970 1074//1074 1073//1073
f 1378//1378 1447//1447 1363//1363
f 1363//1363 1447//1447 1456//1456
f 1456//1456 1447//1447 1446//1446
f 1456//1456 1446//1446 1457//1457
f 1457//1457 1446//1446 1458//1458
f 1458//1458 1446//1446 1445//1445
f 1458//1458 1445//1445 1459//1459
f 1459//1459 1445//1445 1444//1444
f 1459//1459 1444//1444 1460//1460
f 1460//1460 1444//1444 1443//1443
f 1460//1460 1443//1443 1339//1339
f 1339//1339 1443//1443 1442//1442
f 982//982 983//983 969//969
f 969//969 983//983 1083//1083
f 1083//1083 983//983 984//984
f 1083//1083 984//984 1082//1082
f 1082//1082 984//984 985//985
f 1082//1082 985//985 1081//1081
f 1081//1081 985//985 1092//1092
f 1092//1092 985//985 987//987
f 1008//1008 1009//1009 1086//1086
f 1086//1086 1009//1009 994//994
f 1377//1377 1378//1378 1455//1455
f 1455//1455 1378//1378 1363//1363
f 986//986 1072//1072 2950//2950
f 2950//2950 1072//1072 1071//1071
f 2950//2950 1071//1071 1084//1084
f 1084//1084 1071//1071 1085//1085
f 1085//1085 1071//1071 1070//1070
f 1085//1085 1070//1070 1086//1086
f 1086//1086 1070//1070 1008//1008
f 1084//1084 1079//1079 2950//2950
f 2950//2950 1079//1079 1080//1080
f 1355//1355 1441//1441 2926//2926
f 2926//2926 1441//1441 1440//1440
f 2926//2926 1440//1440 1453//1453
f 1453//1453 1440//1440 1454//1454
f 1454//1454 1440//1440 1439//1439
f 1454//1454 1439//1439 1455//1455
f 1455//1455 1439//1439 1377//1377
f 1453//1453 1448//1448 2926//2926
f 2926//2926 1448//1448 1449//1449
f 1351//1351 1352//1352 1338//1338
f 1338//1338 1352//1352 1452//1452
f 1452//1452 1352//1352 1353//1353
f 1452//1452 1353//1353 1451//1451
f 1451//1451 1353//1353 1354//1354
f 1451//1451 1354//1354 1450//1450
f 1450//1450 1354//1354 1461//1461
f 1461//1461 1354//1354 1356//1356
# 5920 faces, 0 coords texture

# End of File
