####
#
# OBJ File Generated by Meshlab
#
####
# Object rope_mount.obj
#
# Vertices: 1056
# Faces: 2096
#
####
vn -4.148183 0.408218 1.025929
v 0.000000 0.055000 0.005000
vn -4.232975 0.245726 -1.110721
v 0.000000 0.055000 0.001000
vn -3.122254 -0.245727 0.000000
v 0.000000 0.005000 0.005000
vn -5.258904 -0.408218 -2.136650
v 0.000000 0.005000 0.001000
vn -0.408218 -4.148183 1.025929
v 0.005000 0.000000 0.005000
vn -0.245727 -4.232975 -1.110721
v 0.005000 0.000000 0.001000
vn 0.245726 -3.122254 0.000000
v 0.095000 0.000000 0.005000
vn 0.408218 -5.258907 -2.136653
v 0.095000 0.000000 0.001000
vn 5.258901 -0.408223 2.136649
v 0.100000 0.005000 0.005000
vn 5.258899 -0.408225 -2.136651
v 0.100000 0.005000 0.001000
vn 5.258900 0.408224 2.136650
v 0.100000 0.055000 0.005000
vn 5.258901 0.408222 -2.136649
v 0.100000 0.055000 0.001000
vn 0.408214 5.258909 2.136653
v 0.095000 0.060000 0.005000
vn 0.408213 5.258907 -2.136649
v 0.095000 0.060000 0.001000
vn -0.408213 5.258908 2.136649
v 0.005000 0.060000 0.005000
vn -0.408214 5.258909 -2.136653
v 0.005000 0.060000 0.001000
vn 0.232688 0.308128 6.259246
v 0.084821 0.036384 0.006000
vn 0.285345 0.260127 6.259246
v 0.085912 0.035390 0.006000
vn 2.292430 0.187165 5.276944
v 0.099000 0.055000 0.006000
vn 0.328284 0.203265 6.259247
v 0.086802 0.034211 0.006000
vn 0.386119 0.000000 6.259246
v 0.088000 0.030000 0.006000
vn 2.292428 -0.187162 5.276947
v 0.099000 0.005000 0.006000
vn 0.379542 0.070948 6.259248
v 0.087864 0.031470 0.006000
vn 0.360043 0.139482 6.259247
v 0.087460 0.032890 0.006000
vn 0.328284 0.203265 6.259247
v 0.026802 0.034211 0.006000
vn 0.360044 0.139482 6.259247
v 0.027460 0.032890 0.006000
vn -0.105666 -0.371378 6.259243
v 0.077811 0.022305 0.006000
vn 0.172108 0.345639 6.259246
v 0.023566 0.037161 0.006000
vn 0.232688 0.308128 6.259246
v 0.024821 0.036384 0.006000
vn -0.285343 -0.260123 6.259302
v 0.074088 0.024610 0.006000
vn 0.285345 0.260126 6.259220
v 0.025912 0.035390 0.006000
vn -0.232687 -0.308128 6.259246
v 0.075179 0.023616 0.006000
vn -0.172107 -0.345637 6.259247
v 0.076434 0.022839 0.006000
vn 0.379542 -0.070949 6.259248
v 0.087864 0.028530 0.006000
vn 0.360043 -0.139482 6.259247
v 0.087460 0.027110 0.006000
vn 0.328283 -0.203265 6.259247
v 0.086802 0.025789 0.006000
vn -0.360044 -0.139482 6.259246
v 0.072540 0.027110 0.006000
vn -0.379543 -0.070949 6.259247
v 0.072136 0.028530 0.006000
vn 0.105666 0.371377 6.259244
v 0.022189 0.037695 0.006000
vn 0.379542 0.070949 6.259247
v 0.027864 0.031470 0.006000
vn 0.386117 -0.000000 6.259263
v 0.028000 0.030000 0.006000
vn -0.035626 -0.384470 6.259247
v 0.079262 0.022034 0.006000
vn -0.328285 -0.203266 6.259247
v 0.073198 0.025789 0.006000
vn 1.912050 1.389188 5.190850
v 0.098236 0.057351 0.006000
vn 1.389182 1.912048 5.190856
v 0.097351 0.058236 0.006000
vn 0.172108 0.345640 6.259251
v 0.083566 0.037161 0.006000
vn 0.187166 2.292434 5.276942
v 0.095000 0.059000 0.006000
vn -0.035626 0.384470 6.259247
v 0.079262 0.037966 0.006000
vn 0.035626 0.384469 6.259247
v 0.080738 0.037966 0.006000
vn 2.247754 0.730337 5.190847
v 0.098804 0.056236 0.006000
vn 0.105666 0.371377 6.259247
v 0.082189 0.037695 0.006000
vn 0.730334 2.247745 5.190858
v 0.096236 0.058804 0.006000
vn -0.285343 0.260125 6.259247
v 0.074088 0.035390 0.006000
vn -0.232687 0.308128 6.259247
v 0.075179 0.036384 0.006000
vn -0.187164 2.292436 5.276936
v 0.005000 0.059000 0.006000
vn -0.172107 0.345638 6.259247
v 0.076434 0.037161 0.006000
vn -0.105666 0.371378 6.259247
v 0.077811 0.037695 0.006000
vn 0.187165 -2.292434 5.276937
v 0.095000 0.001000 0.006000
vn 0.730336 -2.247746 5.190856
v 0.096236 0.001196 0.006000
vn 0.172107 -0.345638 6.259248
v 0.083566 0.022839 0.006000
vn 1.389184 -1.912050 5.190852
v 0.097351 0.001764 0.006000
vn 0.285345 -0.260126 6.259247
v 0.085912 0.024610 0.006000
vn 0.232688 -0.308128 6.259250
v 0.084821 0.023616 0.006000
vn 2.247751 -0.730340 5.190850
v 0.098804 0.003764 0.006000
vn 1.912050 -1.389186 5.190851
v 0.098236 0.002649 0.006000
vn -0.187165 -2.292431 5.276942
v 0.005000 0.001000 0.006000
vn 0.035626 -0.384470 6.259247
v 0.020738 0.022034 0.006000
vn -0.035626 -0.384470 6.259247
v 0.019262 0.022034 0.006000
vn -0.328283 -0.203264 6.259247
v 0.013198 0.025789 0.006000
vn -2.292431 -0.187165 5.276943
v 0.001000 0.005000 0.006000
vn -0.285344 -0.260125 6.259247
v 0.014088 0.024610 0.006000
vn -0.232687 -0.308128 6.259247
v 0.015179 0.023616 0.006000
vn 0.285344 -0.260126 6.259246
v 0.025912 0.024610 0.006000
vn 0.232688 -0.308128 6.259247
v 0.024821 0.023616 0.006000
vn 0.172107 -0.345638 6.259247
v 0.023566 0.022839 0.006000
vn 0.105666 -0.371377 6.259247
v 0.022189 0.022305 0.006000
vn -1.912048 -1.389184 5.190855
v 0.001764 0.002649 0.006000
vn -1.389184 -1.912048 5.190854
v 0.002649 0.001764 0.006000
vn -0.172107 -0.345638 6.259246
v 0.016434 0.022839 0.006000
vn -0.360044 0.139482 6.259247
v 0.012540 0.032890 0.006000
vn -0.328284 0.203265 6.259247
v 0.013198 0.034211 0.006000
vn -2.292431 0.187164 5.276943
v 0.001000 0.055000 0.006000
vn 0.105666 -0.371377 6.259247
v 0.082189 0.022305 0.006000
vn 0.035626 -0.384470 6.259247
v 0.080738 0.022034 0.006000
vn -0.105666 -0.371378 6.259247
v 0.017811 0.022305 0.006000
vn -0.730337 -2.247747 5.190854
v 0.003764 0.001196 0.006000
vn -0.379543 0.070949 6.259247
v 0.012136 0.031470 0.006000
vn 0.379542 -0.070949 6.259247
v 0.027864 0.028530 0.006000
vn 0.360044 -0.139482 6.259247
v 0.027460 0.027110 0.006000
vn 0.328283 -0.203265 6.259247
v 0.026802 0.025789 0.006000
vn -2.247747 -0.730337 5.190855
v 0.001196 0.003764 0.006000
vn -0.105666 0.371378 6.259246
v 0.017811 0.037695 0.006000
vn -0.035626 0.384470 6.259247
v 0.019262 0.037966 0.006000
vn 0.035626 0.384469 6.259247
v 0.020738 0.037966 0.006000
vn -0.386114 0.000000 6.259247
v 0.072000 0.030000 0.006000
vn -0.379542 0.070949 6.259242
v 0.072136 0.031470 0.006000
vn -0.360043 0.139482 6.259247
v 0.072540 0.032890 0.006000
vn -0.328287 0.203265 6.259246
v 0.073198 0.034211 0.006000
vn -0.172108 0.345639 6.259246
v 0.016434 0.037161 0.006000
vn -0.730339 2.247744 5.190857
v 0.003764 0.058804 0.006000
vn -1.389183 1.912047 5.190856
v 0.002649 0.058236 0.006000
vn -0.360044 -0.139482 6.259247
v 0.012540 0.027110 0.006000
vn -0.379543 -0.070949 6.259247
v 0.012136 0.028530 0.006000
vn -0.386117 -0.000000 6.259247
v 0.012000 0.030000 0.006000
vn -0.285345 0.260126 6.259247
v 0.014088 0.035390 0.006000
vn -0.232687 0.308128 6.259245
v 0.015179 0.036384 0.006000
vn -2.247747 0.730338 5.190853
v 0.001196 0.056236 0.006000
vn -1.912047 1.389187 5.190852
v 0.001764 0.057351 0.006000
vn -0.187166 1.181712 -4.166222
v 0.005000 0.059000 0.000000
vn 0.000000 0.000000 -2.984511
v 0.095000 0.059000 0.000000
vn 0.187165 -1.181711 -4.166224
v 0.095000 0.001000 0.000000
vn -1.181710 -0.187165 -4.166223
v 0.001000 0.005000 0.000000
vn -0.187165 -1.181710 -4.166224
v 0.005000 0.001000 0.000000
vn 1.912049 -1.389186 -5.190852
v 0.098236 0.002649 0.000000
vn 1.389184 -1.912049 -5.190855
v 0.097351 0.001764 0.000000
vn 2.247753 -0.730336 -5.190847
v 0.098804 0.003764 0.000000
vn 1.181710 -0.187165 -4.166223
v 0.099000 0.005000 0.000000
vn -0.730337 -2.247747 -5.190855
v 0.003764 0.001196 0.000000
vn -1.389184 -1.912048 -5.190855
v 0.002649 0.001764 0.000000
vn -1.912048 -1.389184 -5.190855
v 0.001764 0.002649 0.000000
vn -2.247747 -0.730337 -5.190855
v 0.001196 0.003764 0.000000
vn -1.912048 1.389186 -5.190853
v 0.001764 0.057351 0.000000
vn -1.389182 1.912046 -5.190857
v 0.002649 0.058236 0.000000
vn -0.730337 2.247746 -5.190856
v 0.003764 0.058804 0.000000
vn 0.730335 -2.247746 -5.190857
v 0.096236 0.001196 0.000000
vn 0.000000 0.000000 -2.984515
v 0.099000 0.055000 0.000000
vn 0.000000 0.000000 -2.827430
v 0.098804 0.056236 0.000000
vn 0.000000 0.000000 -2.827435
v 0.096236 0.058804 0.000000
vn 0.000000 0.000000 -2.827432
v 0.098236 0.057351 0.000000
vn 0.000000 0.000000 -2.827435
v 0.097351 0.058236 0.000000
vn -1.181710 0.187164 -4.166224
v 0.001000 0.055000 0.000000
vn -2.247747 0.730338 -5.190854
v 0.001196 0.056236 0.000000
vn 3.427825 -1.730486 -2.124391
v 0.024946 0.030736 0.050677
vn 3.060589 -1.927559 -1.632729
v 0.024931 0.030823 0.050544
vn 5.097580 1.067257 2.092728
v 0.024932 0.030823 0.055000
vn 3.098714 -2.112661 -1.718197
v 0.024931 0.030823 0.042544
vn 3.108167 -1.854524 2.127193
v 0.024932 0.030823 0.045438
vn 3.438590 -1.420383 2.451571
v 0.024962 0.030614 0.045211
vn 3.107971 1.852830 2.124552
v 0.024932 0.029177 0.045438
vn 3.450049 1.084174 -2.701073
v 0.024977 0.029524 0.042879
vn 3.437639 1.414658 2.442549
v 0.024962 0.029386 0.045211
vn 3.465341 0.364274 -2.996870
v 0.024997 0.029835 0.042986
vn 3.459877 0.723745 2.883549
v 0.024989 0.029675 0.045054
vn 3.470376 0.000001 3.039583
v 0.025000 0.030000 0.045000
vn 3.465740 -0.370427 -3.002998
v 0.024997 0.030165 0.042986
vn 3.460810 -0.733377 2.893061
v 0.024989 0.030325 0.045054
vn 3.450542 -1.087117 -2.709574
v 0.024977 0.030476 0.042879
vn 3.426355 -1.721541 -2.121020
v 0.024946 0.030736 0.042677
vn 4.522063 2.446159 2.045600
v 0.024397 0.032380 0.055000
vn 3.351102 -1.966621 -1.192365
v 0.024915 0.030916 0.050402
vn 3.214673 -1.842149 -0.306035
v 0.024900 0.030997 0.050083
vn 3.289937 -1.943094 0.788640
v 0.024905 0.030969 0.049755
vn 3.418943 -1.999911 1.732638
v 0.024929 0.030837 0.045453
vn 3.412874 -2.219172 -1.283241
v 0.024915 0.030916 0.042402
vn 3.410191 -2.377912 0.788974
v 0.024905 0.030969 0.045755
vn 3.283402 -2.013752 -0.266271
v 0.024900 0.030997 0.042083
vn 3.283401 -2.013742 -0.266086
v 0.024900 0.030997 0.046083
vn 5.603701 2.782326 0.417908
v 0.024381 0.032372 0.009000
vn 3.278458 -2.000248 -0.268161
v 0.024900 0.030997 0.038083
vn 3.108123 -1.854229 2.126915
v 0.024932 0.030823 0.037438
vn 6.229650 0.577679 0.406866
v 0.024924 0.030822 0.009000
vn 3.407655 -1.941959 1.710569
v 0.024929 0.030837 0.037453
vn 6.147047 1.149603 0.411542
v 0.024915 0.030919 0.009000
vn 3.366915 -2.192047 0.769606
v 0.024905 0.030969 0.037755
vn 5.828359 2.264838 0.422808
v 0.024662 0.031806 0.009000
vn 3.098727 -2.112649 -1.718216
v 0.024931 0.030823 0.046544
vn 3.108167 -1.854524 2.127193
v 0.024932 0.030823 0.049438
vn 3.438590 -1.420383 2.451571
v 0.024962 0.030614 0.049211
vn 3.107971 1.852830 2.124552
v 0.024932 0.029177 0.049438
vn 3.450058 1.084184 -2.701066
v 0.024977 0.029524 0.046879
vn 3.437639 1.414658 2.442549
v 0.024962 0.029386 0.049211
vn 3.465342 0.364274 -2.996870
v 0.024997 0.029835 0.046986
vn 3.459866 0.723763 2.883546
v 0.024989 0.029675 0.049054
vn 3.470398 0.000001 3.039577
v 0.025000 0.030000 0.049000
vn 3.465741 -0.370427 -3.002998
v 0.024997 0.030165 0.046986
vn 3.460799 -0.733395 2.893060
v 0.024989 0.030325 0.049054
vn 3.450551 -1.087126 -2.709566
v 0.024977 0.030476 0.046879
vn 3.426334 -1.721544 -2.121026
v 0.024946 0.030736 0.046677
vn 3.407590 1.941996 1.710630
v 0.024929 0.029163 0.037453
vn 3.366915 2.192047 0.769606
v 0.024905 0.029031 0.037755
vn 5.603702 -2.782324 0.417909
v 0.024381 0.027628 0.009000
vn 5.828358 -2.264842 0.422808
v 0.024662 0.028194 0.009000
vn 6.147025 -1.149625 0.411503
v 0.024915 0.029081 0.009000
vn 3.108266 1.854879 2.127276
v 0.024932 0.029177 0.037438
vn 6.229872 -0.576986 0.407880
v 0.024924 0.029178 0.009000
vn 3.438611 1.420728 2.449711
v 0.024962 0.029386 0.037211
vn 3.412912 2.219148 -1.283211
v 0.024915 0.029084 0.038402
vn 3.098577 2.111991 -1.718875
v 0.024931 0.029177 0.038544
vn 3.107971 1.852830 2.124552
v 0.024932 0.029177 0.041438
vn 3.412901 2.219159 -1.283194
v 0.024915 0.029084 0.042402
vn 3.098588 2.112000 -1.718861
v 0.024931 0.029177 0.042544
vn 3.427861 1.730609 -2.123896
v 0.024946 0.029264 0.042677
vn 3.418892 2.000099 1.732106
v 0.024929 0.029163 0.045453
vn 3.410191 2.377911 0.788974
v 0.024905 0.029031 0.045755
vn 3.283397 2.013757 -0.266263
v 0.024900 0.029003 0.042083
vn 3.283396 2.013747 -0.266078
v 0.024900 0.029003 0.046083
vn 3.412901 2.219159 -1.283194
v 0.024915 0.029084 0.046402
vn 3.098601 2.111987 -1.718880
v 0.024931 0.029177 0.046544
vn 3.427840 1.730612 -2.123901
v 0.024946 0.029264 0.046677
vn 3.418892 2.000099 1.732106
v 0.024929 0.029163 0.049453
vn 3.289938 1.943095 0.788640
v 0.024905 0.029031 0.049755
vn 4.520900 -2.449217 2.048236
v 0.024397 0.027620 0.055000
vn 3.278453 2.000253 -0.268152
v 0.024900 0.029003 0.038083
vn 3.410189 2.377912 0.788974
v 0.024905 0.029031 0.041755
vn 3.418892 2.000099 1.732106
v 0.024929 0.029163 0.041453
vn -3.415840 -1.983691 1.723600
v 0.015071 0.030837 0.037453
vn -3.398129 -2.320591 0.783108
v 0.015095 0.030969 0.037755
vn -6.018631 1.708768 0.412687
v 0.015285 0.031620 0.009000
vn -3.460239 -0.727359 2.887823
v 0.015011 0.030325 0.041054
vn -3.439039 -1.423893 2.449982
v 0.015038 0.030614 0.041211
vn -3.428001 -1.731586 -2.123217
v 0.015054 0.030736 0.038677
vn -3.418885 -1.999835 1.733033
v 0.015071 0.030837 0.041453
vn -3.412898 -2.219224 -1.283259
v 0.015085 0.030916 0.038402
vn -3.410212 -2.378013 0.788974
v 0.015095 0.030969 0.041755
vn -3.355155 -2.236966 -0.267390
v 0.015100 0.030997 0.038083
vn -3.361871 -2.261262 -0.266270
v 0.015100 0.030997 0.042083
vn -4.861627 1.675449 2.055870
v 0.015271 0.031623 0.055000
vn -3.460239 -0.727359 2.887823
v 0.015011 0.030325 0.045054
vn -3.439039 -1.423893 2.449982
v 0.015038 0.030614 0.045211
vn -3.428007 -1.731590 -2.123210
v 0.015054 0.030736 0.042677
vn -3.418885 -1.999835 1.733033
v 0.015071 0.030837 0.045453
vn -3.412892 -2.219229 -1.283250
v 0.015085 0.030916 0.042402
vn -3.410212 -2.378013 0.788974
v 0.015095 0.030969 0.045755
vn -3.361871 -2.261262 -0.266270
v 0.015100 0.030997 0.046083
vn -3.460227 -0.727377 2.887820
v 0.015011 0.030325 0.049054
vn -3.439039 -1.423893 2.449982
v 0.015038 0.030614 0.049211
vn -3.427991 -1.731598 -2.123208
v 0.015054 0.030736 0.046677
vn -3.418885 -1.999835 1.733033
v 0.015071 0.030837 0.049453
vn -3.412898 -2.219224 -1.283259
v 0.015085 0.030916 0.046402
vn -3.410212 -2.378013 0.788974
v 0.015095 0.030969 0.049755
vn -3.361885 -2.261362 -0.263805
v 0.015100 0.030997 0.050083
vn -3.397051 -2.143644 -1.256798
v 0.015085 0.030916 0.050402
vn -3.418130 -1.679426 -2.073093
v 0.015054 0.030736 0.050677
vn -3.418126 1.679427 -2.073099
v 0.015054 0.029264 0.050677
vn -3.397060 2.143634 -1.256797
v 0.015085 0.029084 0.050402
vn -4.862064 -1.671047 2.049205
v 0.015271 0.028377 0.055000
vn -3.442800 1.050070 -2.606796
v 0.015023 0.029524 0.050879
vn -3.442801 -1.050068 -2.606797
v 0.015023 0.030476 0.050879
vn -3.379395 -0.413050 -2.948034
v 0.015003 0.030165 0.050986
vn -5.142025 -0.006003 2.051613
v 0.015000 0.030000 0.055000
vn -3.303316 -0.064050 -3.023450
v 0.015000 0.030000 0.051000
vn -3.376984 0.462643 -2.842139
v 0.015003 0.029835 0.050986
vn -3.361879 2.261363 -0.263796
v 0.015100 0.029003 0.050083
vn -3.410213 2.378013 0.788974
v 0.015095 0.029031 0.049755
vn -3.361865 2.261263 -0.266261
v 0.015100 0.029003 0.046083
vn -3.449294 1.077010 -2.701167
v 0.015023 0.029524 0.046879
vn -3.427987 1.731600 -2.123214
v 0.015054 0.029264 0.046677
vn -3.460258 0.728347 2.886302
v 0.015011 0.029675 0.049054
vn -3.412905 2.219209 -1.283258
v 0.015085 0.029084 0.046402
vn -3.418881 1.999840 1.733028
v 0.015071 0.029163 0.049453
vn -3.439046 1.423890 2.449980
v 0.015038 0.029386 0.049211
vn -3.449296 -1.077008 -2.701168
v 0.015023 0.030476 0.046879
vn -3.385000 -0.476966 -3.011979
v 0.015003 0.030165 0.046986
vn -3.470345 -0.001663 3.037654
v 0.015000 0.030000 0.049000
vn -3.306458 -0.002824 -3.094415
v 0.015000 0.030000 0.047000
vn -3.385033 0.479155 -3.008265
v 0.015003 0.029835 0.046986
vn -3.449285 1.077000 -2.701175
v 0.015023 0.029524 0.042879
vn -3.428002 1.731592 -2.123217
v 0.015054 0.029264 0.042677
vn -3.460269 0.728329 2.886306
v 0.015011 0.029675 0.045054
vn -3.361865 2.261263 -0.266261
v 0.015100 0.029003 0.042083
vn -3.410213 2.378013 0.788974
v 0.015095 0.029031 0.045755
vn -3.412899 2.219215 -1.283249
v 0.015085 0.029084 0.042402
vn -3.418881 1.999840 1.733028
v 0.015071 0.029163 0.045453
vn -3.439046 1.423890 2.449980
v 0.015038 0.029386 0.045211
vn -3.449287 -1.076998 -2.701176
v 0.015023 0.030476 0.042879
vn -3.384978 -0.477001 -3.011976
v 0.015003 0.030165 0.042986
vn -3.470323 -0.001662 3.037658
v 0.015000 0.030000 0.045000
vn -3.306503 -0.002824 -3.094409
v 0.015000 0.030000 0.043000
vn -3.385010 0.479191 -3.008263
v 0.015003 0.029835 0.042986
vn -3.410210 2.378013 0.788974
v 0.015095 0.029031 0.041755
vn -3.355149 2.236966 -0.267381
v 0.015100 0.029003 0.038083
vn -3.449275 1.077018 -2.701169
v 0.015023 0.029524 0.038879
vn -3.427997 1.731587 -2.123224
v 0.015054 0.029264 0.038677
vn -3.460269 0.728329 2.886306
v 0.015011 0.029675 0.041054
vn -3.412905 2.219209 -1.283258
v 0.015085 0.029084 0.038402
vn -3.418881 1.999840 1.733028
v 0.015071 0.029163 0.041453
vn -3.439046 1.423890 2.449980
v 0.015038 0.029386 0.041211
vn -3.449276 -1.077015 -2.701170
v 0.015023 0.030476 0.038879
vn -3.385011 -0.476980 -3.011974
v 0.015003 0.030165 0.038986
vn -3.470323 -0.001662 3.037658
v 0.015000 0.030000 0.041000
vn -3.306458 -0.002824 -3.094415
v 0.015000 0.030000 0.039000
vn -3.385044 0.479170 -3.008260
v 0.015003 0.029835 0.038986
vn -3.398135 2.320637 0.782933
v 0.015095 0.029031 0.037755
vn -6.015553 -1.719483 0.419536
v 0.015285 0.028380 0.009000
vn -6.147205 -1.148777 0.411502
v 0.015085 0.029081 0.009000
vn -3.437771 1.415078 2.445780
v 0.015038 0.029386 0.037211
vn -3.460513 0.730893 2.888165
v 0.015011 0.029675 0.037054
vn -6.253615 -0.000175 0.411703
v 0.015000 0.030000 0.009000
vn -3.470182 0.002529 3.032177
v 0.015000 0.030000 0.037000
vn -6.146250 1.152212 0.416604
v 0.015085 0.030919 0.009000
vn -3.459620 -0.722860 2.876331
v 0.015011 0.030325 0.037054
vn -3.437146 -1.411789 2.437337
v 0.015038 0.030614 0.037211
vn -3.414735 1.977855 1.722523
v 0.015071 0.029163 0.037453
vn 3.418943 -1.999911 1.732638
v 0.024929 0.030837 0.049453
vn 3.412874 -2.219172 -1.283241
v 0.024915 0.030916 0.046402
vn 3.410191 -2.377912 0.788974
v 0.024905 0.030969 0.041755
vn 3.412885 -2.219160 -1.283259
v 0.024915 0.030916 0.038402
vn 3.418942 -1.999911 1.732638
v 0.024929 0.030837 0.041453
vn 3.098702 -2.112652 -1.718211
v 0.024931 0.030823 0.038544
vn 3.108167 -1.854524 2.127193
v 0.024932 0.030823 0.041438
vn 3.438590 -1.420383 2.451571
v 0.024962 0.030614 0.041211
vn 3.427861 1.730609 -2.123896
v 0.024946 0.029264 0.038677
vn 3.450039 1.084191 -2.701067
v 0.024977 0.029524 0.038879
vn 3.437639 1.414658 2.442549
v 0.024962 0.029386 0.041211
vn 3.465352 0.364288 -2.996865
v 0.024997 0.029835 0.038986
vn 3.459877 0.723745 2.883549
v 0.024989 0.029675 0.041054
vn 3.470376 0.000001 3.039583
v 0.025000 0.030000 0.041000
vn 3.465752 -0.370441 -3.002992
v 0.024997 0.030165 0.038986
vn 3.460811 -0.733377 2.893061
v 0.024989 0.030325 0.041054
vn 3.450532 -1.087134 -2.709568
v 0.024977 0.030476 0.038879
vn 3.426355 -1.721541 -2.121020
v 0.024946 0.030736 0.038677
vn 3.438609 -1.420732 2.449710
v 0.024962 0.030614 0.037211
vn 3.460530 -0.731015 2.888280
v 0.024989 0.030325 0.037054
vn 6.253691 -0.000691 0.410388
v 0.025000 0.030000 0.009000
vn 3.470191 -0.002263 3.032526
v 0.025000 0.030000 0.037000
vn 3.460566 0.732359 2.885803
v 0.024989 0.029675 0.037054
vn 3.214670 1.842156 -0.306027
v 0.024900 0.029003 0.050083
vn 3.351243 1.963199 -1.226642
v 0.024915 0.029084 0.050402
vn 5.098661 -1.064070 2.097949
v 0.024932 0.029177 0.055000
vn 3.098604 2.112005 -1.718892
v 0.024931 0.029177 0.050544
vn 3.427825 1.730486 -2.124390
v 0.024946 0.029264 0.050677
vn 3.450312 1.087118 -2.698081
v 0.024977 0.029524 0.050879
vn 3.465012 0.360239 -2.990098
v 0.024997 0.029835 0.050986
vn 5.266456 -0.000000 2.143399
v 0.025000 0.030000 0.055000
vn 3.465011 -0.360237 -2.990098
v 0.024997 0.030165 0.050986
vn 3.450314 -1.087115 -2.698081
v 0.024977 0.030476 0.050879
vn -5.317967 -3.290230 0.413440
v 0.015749 0.027368 0.009000
vn -4.992826 -3.770400 0.406918
v 0.016071 0.026941 0.009000
vn -4.057875 -3.156784 2.043414
v 0.016054 0.026929 0.055000
vn -5.832578 -2.253391 0.426017
v 0.015338 0.028194 0.009000
vn -3.293636 -5.319415 0.406985
v 0.017276 0.025831 0.009000
vn -2.811613 -4.304378 2.044580
v 0.017265 0.025814 0.055000
vn -3.769829 -4.989532 0.412537
v 0.016987 0.026010 0.009000
vn -4.620393 -4.214148 0.412510
v 0.016305 0.026632 0.009000
vn -2.785341 -5.598927 0.413815
v 0.017771 0.025524 0.009000
vn -1.713390 -6.014166 0.414030
v 0.018632 0.025191 0.009000
vn -1.263091 -4.983809 2.045340
v 0.018773 0.025153 0.055000
vn 1.708731 -6.015456 0.414656
v 0.021368 0.025191 0.009000
vn 2.260123 -5.834043 0.407211
v 0.022003 0.025437 0.009000
vn 2.064025 -4.708724 2.044128
v 0.022008 0.025421 0.055000
vn -1.149620 -6.150007 0.407565
v 0.018775 0.025164 0.009000
vn -0.576862 -6.226995 0.410996
v 0.019539 0.025021 0.009000
vn 0.426104 -5.123591 2.044453
v 0.020413 0.025017 0.055000
vn 0.008780 -6.256476 0.421541
v 0.020413 0.025021 0.009000
vn 0.570641 -6.226451 0.429045
v 0.020461 0.025021 0.009000
vn 4.214999 -4.623636 0.406885
v 0.023372 0.026337 0.009000
vn 3.482435 -3.782394 2.045567
v 0.023386 0.026321 0.055000
vn 3.767783 -4.991141 0.411744
v 0.023013 0.026010 0.009000
vn 2.788334 -5.597565 0.411879
v 0.022229 0.025524 0.009000
vn 5.315984 -3.293500 0.412870
v 0.024251 0.027368 0.009000
vn 4.622608 -4.211694 0.412787
v 0.023695 0.026632 0.009000
vn 4.214992 4.623641 0.406888
v 0.023372 0.033663 0.009000
vn 3.481844 3.782890 2.045270
v 0.023386 0.033679 0.055000
vn 4.622287 4.212119 0.411977
v 0.023695 0.033368 0.009000
vn 5.316298 3.293082 0.412060
v 0.024251 0.032632 0.009000
vn 2.260112 5.834049 0.407208
v 0.022003 0.034563 0.009000
vn 2.064683 4.708411 2.043766
v 0.022008 0.034579 0.055000
vn 2.789081 5.597103 0.413219
v 0.022229 0.034476 0.009000
vn 3.767050 4.991591 0.413103
v 0.023013 0.033990 0.009000
vn 1.708715 6.015461 0.414663
v 0.021368 0.034809 0.009000
vn 0.579424 6.226510 0.414974
v 0.020461 0.034979 0.009000
vn 0.425853 5.123692 2.044859
v 0.020413 0.034983 0.055000
vn -2.785340 5.598927 0.413811
v 0.017771 0.034476 0.009000
vn -3.293653 5.319405 0.406985
v 0.017276 0.034169 0.009000
vn -2.810884 4.304735 2.043655
v 0.017265 0.034186 0.055000
vn 0.000000 6.256533 0.408064
v 0.020413 0.034979 0.009000
vn -0.576862 6.226995 0.411011
v 0.019539 0.034979 0.009000
vn -1.263744 4.983519 2.044219
v 0.018773 0.034847 0.055000
vn -1.157580 6.148470 0.420027
v 0.018775 0.034836 0.009000
vn -1.705403 6.015609 0.427003
v 0.018632 0.034809 0.009000
vn -4.992827 3.770400 0.406916
v 0.016071 0.033059 0.009000
vn -4.057507 3.157518 2.044941
v 0.016054 0.033071 0.055000
vn -4.620521 4.214035 0.412242
v 0.016305 0.033368 0.009000
vn -3.769709 4.989645 0.412274
v 0.016987 0.033990 0.009000
vn -5.830494 2.260881 0.413611
v 0.015338 0.031806 0.009000
vn -5.317967 3.290231 0.413436
v 0.015749 0.032632 0.009000
vn 2.300125 -0.000000 5.276366
v 0.024000 0.030000 0.056000
vn 2.286339 0.485382 5.228616
v 0.023945 0.030658 0.056000
vn 0.000000 0.000000 6.283187
v 0.020000 0.030000 0.056000
vn 2.286339 -0.485381 5.228616
v 0.023945 0.029342 0.056000
vn 0.952008 -2.170356 5.180864
v 0.021607 0.026337 0.056000
vn 1.605138 -1.743645 5.180864
v 0.022709 0.027057 0.056000
vn 2.084327 -1.127982 5.180864
v 0.023518 0.028096 0.056000
vn -1.296252 -1.984060 5.180864
v 0.017812 0.026651 0.056000
vn -0.581794 -2.297450 5.180865
v 0.019018 0.026122 0.056000
vn 0.195711 -2.361877 5.180863
v 0.020330 0.026014 0.056000
vn -2.369969 -0.000001 5.180867
v 0.016000 0.030000 0.056000
vn -2.241560 -0.769528 5.180864
v 0.016217 0.028701 0.056000
vn -1.870239 -1.455666 5.180866
v 0.016843 0.027543 0.056000
vn -1.296250 1.984057 5.180869
v 0.017812 0.033349 0.056000
vn -1.870240 1.455668 5.180863
v 0.016843 0.032457 0.056000
vn -2.241560 0.769527 5.180865
v 0.016217 0.031299 0.056000
vn 0.952008 2.170356 5.180863
v 0.021607 0.033663 0.056000
vn 0.195709 2.361874 5.180867
v 0.020330 0.033986 0.056000
vn -0.581793 2.297448 5.180868
v 0.019018 0.033878 0.056000
vn 2.084327 1.127981 5.180865
v 0.023518 0.031904 0.056000
vn 1.605136 1.743642 5.180867
v 0.022709 0.032943 0.056000
vn 3.427835 -1.730540 -2.124405
v 0.084946 0.030736 0.050677
vn 3.060589 -1.927562 -1.632722
v 0.084931 0.030823 0.050544
vn 5.097583 1.067263 2.092728
v 0.084932 0.030823 0.055000
vn 3.098713 -2.112659 -1.718189
v 0.084931 0.030823 0.042544
vn 3.108059 -1.853794 2.127071
v 0.084932 0.030823 0.045438
vn 3.438594 -1.420411 2.451572
v 0.084962 0.030614 0.045211
vn 3.107867 1.852126 2.124449
v 0.084932 0.029177 0.045438
vn 3.450046 1.084152 -2.701053
v 0.084977 0.029524 0.042879
vn 3.437644 1.414694 2.442555
v 0.084962 0.029386 0.045211
vn 3.465343 0.364296 -2.996878
v 0.084997 0.029835 0.042986
vn 3.459878 0.723750 2.883569
v 0.084989 0.029675 0.045054
vn 3.470374 0.000001 3.039560
v 0.085000 0.030000 0.045000
vn 3.465741 -0.370450 -3.003006
v 0.084997 0.030165 0.042986
vn 3.460812 -0.733383 2.893082
v 0.084989 0.030325 0.045054
vn 3.450539 -1.087090 -2.709552
v 0.084977 0.030476 0.042879
vn 3.426366 -1.721602 -2.121038
v 0.084946 0.030736 0.042677
vn 4.522070 2.446162 2.045601
v 0.084397 0.032380 0.055000
vn 3.351117 -1.966676 -1.192351
v 0.084915 0.030916 0.050402
vn 3.214576 -1.841926 -0.306095
v 0.084900 0.030997 0.050083
vn 3.289942 -1.943110 0.788639
v 0.084905 0.030969 0.049755
vn 3.418942 -1.999894 1.732761
v 0.084929 0.030837 0.045453
vn 3.412898 -2.219294 -1.283240
v 0.084915 0.030916 0.042402
vn 3.410313 -2.378520 0.788974
v 0.084905 0.030969 0.045755
vn 3.283397 -2.013742 -0.266269
v 0.084900 0.030997 0.042083
vn 3.283396 -2.013733 -0.266084
v 0.084900 0.030997 0.046083
vn 5.603725 2.782375 0.417892
v 0.084381 0.032372 0.009000
vn 3.278455 -2.000242 -0.268159
v 0.084900 0.030997 0.038083
vn 3.108016 -1.853499 2.126793
v 0.084932 0.030823 0.037438
vn 6.229641 0.577844 0.406879
v 0.084924 0.030822 0.009000
vn 3.407653 -1.941933 1.710689
v 0.084929 0.030837 0.037453
vn 6.147025 1.149764 0.411564
v 0.084915 0.030919 0.009000
vn 3.367013 -2.192420 0.769586
v 0.084905 0.030969 0.037755
vn 5.828365 2.264823 0.422797
v 0.084662 0.031806 0.009000
vn 3.098726 -2.112647 -1.718208
v 0.084931 0.030823 0.046544
vn 3.108059 -1.853794 2.127071
v 0.084932 0.030823 0.049438
vn 3.438594 -1.420411 2.451572
v 0.084962 0.030614 0.049211
vn 3.107867 1.852126 2.124449
v 0.084932 0.029177 0.049438
vn 3.450055 1.084161 -2.701046
v 0.084977 0.029524 0.046879
vn 3.437644 1.414694 2.442555
v 0.084962 0.029386 0.049211
vn 3.465343 0.364295 -2.996878
v 0.084997 0.029835 0.046986
vn 3.459867 0.723768 2.883566
v 0.084989 0.029675 0.049054
vn 3.470397 0.000001 3.039555
v 0.085000 0.030000 0.049000
vn 3.465742 -0.370449 -3.003006
v 0.084997 0.030165 0.046986
vn 3.460801 -0.733401 2.893080
v 0.084989 0.030325 0.049054
vn 3.450547 -1.087100 -2.709544
v 0.084977 0.030476 0.046879
vn 3.426345 -1.721605 -2.121043
v 0.084946 0.030736 0.046677
vn 3.407588 1.941970 1.710750
v 0.084929 0.029163 0.037453
vn 3.367013 2.192419 0.769586
v 0.084905 0.029031 0.037755
vn 5.603726 -2.782373 0.417893
v 0.084381 0.027628 0.009000
vn 5.828369 -2.264817 0.422788
v 0.084662 0.028194 0.009000
vn 6.147002 -1.149796 0.411515
v 0.084915 0.029081 0.009000
vn 3.108160 1.854152 2.127155
v 0.084932 0.029177 0.037438
vn 6.229862 -0.577151 0.407892
v 0.084924 0.029178 0.009000
vn 3.438615 1.420758 2.449710
v 0.084962 0.029386 0.037211
vn 3.412936 2.219270 -1.283211
v 0.084915 0.029084 0.038402
vn 3.098577 2.111995 -1.718870
v 0.084931 0.029177 0.038544
vn 3.107867 1.852126 2.124449
v 0.084932 0.029177 0.041438
vn 3.412925 2.219281 -1.283193
v 0.084915 0.029084 0.042402
vn 3.098589 2.112003 -1.718856
v 0.084931 0.029177 0.042544
vn 3.427871 1.730665 -2.123912
v 0.084946 0.029264 0.042677
vn 3.418891 2.000081 1.732235
v 0.084929 0.029163 0.045453
vn 3.410314 2.378520 0.788973
v 0.084905 0.029031 0.045755
vn 3.283392 2.013747 -0.266261
v 0.084900 0.029003 0.042083
vn 3.283391 2.013737 -0.266076
v 0.084900 0.029003 0.046083
vn 3.412925 2.219281 -1.283193
v 0.084915 0.029084 0.046402
vn 3.098602 2.111991 -1.718875
v 0.084931 0.029177 0.046544
vn 3.427849 1.730668 -2.123917
v 0.084946 0.029264 0.046677
vn 3.418891 2.000081 1.732235
v 0.084929 0.029163 0.049453
vn 3.289943 1.943111 0.788639
v 0.084905 0.029031 0.049755
vn 4.520905 -2.449219 2.048236
v 0.084397 0.027620 0.055000
vn 3.278450 2.000247 -0.268151
v 0.084900 0.029003 0.038083
vn 3.410311 2.378521 0.788973
v 0.084905 0.029031 0.041755
vn 3.418891 2.000081 1.732235
v 0.084929 0.029163 0.041453
vn -3.415847 -1.983728 1.723605
v 0.075071 0.030837 0.037453
vn -3.398077 -2.320355 0.783110
v 0.075095 0.030969 0.037755
vn -6.018619 1.708816 0.412689
v 0.075285 0.031620 0.009000
vn -3.460240 -0.727384 2.887814
v 0.075011 0.030325 0.041054
vn -3.439037 -1.423874 2.449978
v 0.075038 0.030614 0.041211
vn -3.427986 -1.731506 -2.123204
v 0.075054 0.030736 0.038677
vn -3.418890 -1.999866 1.733036
v 0.075071 0.030837 0.041453
vn -3.412911 -2.219300 -1.283273
v 0.075085 0.030916 0.038402
vn -3.410148 -2.377710 0.788971
v 0.075095 0.030969 0.041755
vn -3.355156 -2.236972 -0.267388
v 0.075100 0.030997 0.038083
vn -3.361872 -2.261266 -0.266268
v 0.075100 0.030997 0.042083
vn -4.861627 1.675447 2.055868
v 0.075271 0.031623 0.055000
vn -3.460240 -0.727384 2.887814
v 0.075011 0.030325 0.045054
vn -3.439037 -1.423874 2.449978
v 0.075038 0.030614 0.045211
vn -3.427992 -1.731511 -2.123197
v 0.075054 0.030736 0.042677
vn -3.418890 -1.999866 1.733036
v 0.075071 0.030837 0.045453
vn -3.412906 -2.219306 -1.283263
v 0.075085 0.030916 0.042402
vn -3.410150 -2.377709 0.788971
v 0.075095 0.030969 0.045755
vn -3.361872 -2.261266 -0.266268
v 0.075100 0.030997 0.046083
vn -3.460228 -0.727402 2.887810
v 0.075011 0.030325 0.049054
vn -3.439037 -1.423874 2.449978
v 0.075038 0.030614 0.049211
vn -3.427977 -1.731518 -2.123195
v 0.075054 0.030736 0.046677
vn -3.418890 -1.999866 1.733036
v 0.075071 0.030837 0.049453
vn -3.412912 -2.219299 -1.283272
v 0.075085 0.030916 0.046402
vn -3.410150 -2.377709 0.788971
v 0.075095 0.030969 0.049755
vn -3.361886 -2.261366 -0.263802
v 0.075100 0.030997 0.050083
vn -3.397061 -2.143686 -1.256806
v 0.075085 0.030916 0.050402
vn -3.418118 -1.679369 -2.073085
v 0.075054 0.030736 0.050677
vn -3.418114 1.679369 -2.073090
v 0.075054 0.029264 0.050677
vn -3.397069 2.143675 -1.256806
v 0.075085 0.029084 0.050402
vn -4.862069 -1.671045 2.049201
v 0.075271 0.028377 0.055000
vn -3.442803 1.050090 -2.606810
v 0.075023 0.029524 0.050879
vn -3.442805 -1.050088 -2.606811
v 0.075023 0.030476 0.050879
vn -3.379395 -0.413082 -2.947996
v 0.075003 0.030165 0.050986
vn -5.142035 -0.006003 2.051612
v 0.075000 0.030000 0.055000
vn -3.303319 -0.064064 -3.023502
v 0.075000 0.030000 0.051000
vn -3.376981 0.462685 -2.842078
v 0.075003 0.029835 0.050986
vn -3.361881 2.261367 -0.263794
v 0.075100 0.029003 0.050083
vn -3.410151 2.377709 0.788971
v 0.075095 0.029031 0.049755
vn -3.361867 2.261267 -0.266259
v 0.075100 0.029003 0.046083
vn -3.449299 1.077045 -2.701189
v 0.075023 0.029524 0.046879
vn -3.427973 1.731519 -2.123200
v 0.075054 0.029264 0.046677
vn -3.460257 0.728373 2.886292
v 0.075011 0.029675 0.049054
vn -3.412922 2.219285 -1.283271
v 0.075085 0.029084 0.046402
vn -3.418888 1.999871 1.733031
v 0.075071 0.029163 0.049453
vn -3.439043 1.423871 2.449975
v 0.075038 0.029386 0.049211
vn -3.449301 -1.077043 -2.701190
v 0.075023 0.030476 0.046879
vn -3.385000 -0.476994 -3.011938
v 0.075003 0.030165 0.046986
vn -3.470347 -0.001665 3.037684
v 0.075000 0.030000 0.049000
vn -3.306459 -0.002828 -3.094478
v 0.075000 0.030000 0.047000
vn -3.385033 0.479186 -3.008219
v 0.075003 0.029835 0.046986
vn -3.449290 1.077035 -2.701196
v 0.075023 0.029524 0.042879
vn -3.427989 1.731511 -2.123203
v 0.075054 0.029264 0.042677
vn -3.460269 0.728355 2.886294
v 0.075011 0.029675 0.045054
vn -3.361867 2.261267 -0.266259
v 0.075100 0.029003 0.042083
vn -3.410151 2.377709 0.788971
v 0.075095 0.029031 0.045755
vn -3.412916 2.219290 -1.283262
v 0.075085 0.029084 0.042402
vn -3.418887 1.999871 1.733031
v 0.075071 0.029163 0.045453
vn -3.439043 1.423871 2.449975
v 0.075038 0.029386 0.045211
vn -3.449292 -1.077033 -2.701197
v 0.075023 0.030476 0.042879
vn -3.384977 -0.477030 -3.011935
v 0.075003 0.030165 0.042986
vn -3.470325 -0.001664 3.037688
v 0.075000 0.030000 0.045000
vn -3.306504 -0.002828 -3.094472
v 0.075000 0.030000 0.043000
vn -3.385010 0.479222 -3.008217
v 0.075003 0.029835 0.042986
vn -3.410148 2.377710 0.788971
v 0.075095 0.029031 0.041755
vn -3.355150 2.236972 -0.267379
v 0.075100 0.029003 0.038083
vn -3.449279 1.077052 -2.701190
v 0.075023 0.029524 0.038879
vn -3.427983 1.731507 -2.123210
v 0.075054 0.029264 0.038677
vn -3.460269 0.728355 2.886294
v 0.075011 0.029675 0.041054
vn -3.412921 2.219285 -1.283271
v 0.075085 0.029084 0.038402
vn -3.418887 1.999871 1.733031
v 0.075071 0.029163 0.041453
vn -3.439043 1.423871 2.449975
v 0.075038 0.029386 0.041211
vn -3.449281 -1.077050 -2.701191
v 0.075023 0.030476 0.038879
vn -3.385011 -0.477009 -3.011932
v 0.075003 0.030165 0.038986
vn -3.470325 -0.001664 3.037688
v 0.075000 0.030000 0.041000
vn -3.306459 -0.002828 -3.094478
v 0.075000 0.030000 0.039000
vn -3.385043 0.479201 -3.008214
v 0.075003 0.029835 0.038986
vn -3.398084 2.320401 0.782936
v 0.075095 0.029031 0.037755
vn -6.015542 -1.719530 0.419537
v 0.075285 0.028380 0.009000
vn -6.147208 -1.148765 0.411491
v 0.075085 0.029081 0.009000
vn -3.437768 1.415055 2.445772
v 0.075038 0.029386 0.037211
vn -3.460514 0.730918 2.888153
v 0.075011 0.029675 0.037054
vn -6.253617 -0.000172 0.411700
v 0.075000 0.030000 0.009000
vn -3.470184 0.002529 3.032205
v 0.075000 0.030000 0.037000
vn -6.146253 1.152196 0.416589
v 0.075085 0.030919 0.009000
vn -3.459621 -0.722885 2.876319
v 0.075011 0.030325 0.037054
vn -3.437143 -1.411768 2.437331
v 0.075038 0.030614 0.037211
vn -3.414743 1.977897 1.722530
v 0.075071 0.029163 0.037453
vn 3.418942 -1.999894 1.732761
v 0.084929 0.030837 0.049453
vn 3.412898 -2.219294 -1.283240
v 0.084915 0.030916 0.046402
vn 3.410313 -2.378520 0.788974
v 0.084905 0.030969 0.041755
vn 3.412910 -2.219282 -1.283257
v 0.084915 0.030916 0.038402
vn 3.418942 -1.999894 1.732761
v 0.084929 0.030837 0.041453
vn 3.098702 -2.112650 -1.718203
v 0.084931 0.030823 0.038544
vn 3.108059 -1.853794 2.127071
v 0.084932 0.030823 0.041438
vn 3.438594 -1.420411 2.451572
v 0.084962 0.030614 0.041211
vn 3.427871 1.730665 -2.123912
v 0.084946 0.029264 0.038677
vn 3.450036 1.084168 -2.701047
v 0.084977 0.029524 0.038879
vn 3.437644 1.414694 2.442555
v 0.084962 0.029386 0.041211
vn 3.465354 0.364310 -2.996872
v 0.084997 0.029835 0.038986
vn 3.459878 0.723750 2.883569
v 0.084989 0.029675 0.041054
vn 3.470374 0.000001 3.039560
v 0.085000 0.030000 0.041000
vn 3.465753 -0.370464 -3.003001
v 0.084997 0.030165 0.038986
vn 3.460812 -0.733383 2.893082
v 0.084989 0.030325 0.041054
vn 3.450528 -1.087107 -2.709546
v 0.084977 0.030476 0.038879
vn 3.426366 -1.721602 -2.121038
v 0.084946 0.030736 0.038677
vn 3.438612 -1.420762 2.449709
v 0.084962 0.030614 0.037211
vn 3.460531 -0.731016 2.888297
v 0.084989 0.030325 0.037054
vn 6.253692 -0.000691 0.410389
v 0.085000 0.030000 0.009000
vn 3.470190 -0.002262 3.032505
v 0.085000 0.030000 0.037000
vn 3.460567 0.732360 2.885820
v 0.084989 0.029675 0.037054
vn 3.214572 1.841934 -0.306087
v 0.084900 0.029003 0.050083
vn 3.351259 1.963253 -1.226628
v 0.084915 0.029084 0.050402
vn 5.098662 -1.064074 2.097950
v 0.084932 0.029177 0.055000
vn 3.098604 2.112008 -1.718885
v 0.084931 0.029177 0.050544
vn 3.427835 1.730539 -2.124404
v 0.084946 0.029264 0.050677
vn 3.450308 1.087093 -2.698060
v 0.084977 0.029524 0.050879
vn 3.465014 0.360262 -2.990106
v 0.084997 0.029835 0.050986
vn 5.266452 -0.000002 2.143396
v 0.085000 0.030000 0.055000
vn 3.465013 -0.360260 -2.990106
v 0.084997 0.030165 0.050986
vn 3.450310 -1.087091 -2.698061
v 0.084977 0.030476 0.050879
vn -5.317956 -3.290244 0.413443
v 0.075749 0.027368 0.009000
vn -4.992817 -3.770405 0.406931
v 0.076071 0.026941 0.009000
vn -4.057869 -3.156788 2.043414
v 0.076054 0.026929 0.055000
vn -5.832563 -2.253436 0.426030
v 0.075338 0.028194 0.009000
vn -3.293643 -5.319412 0.406979
v 0.077276 0.025831 0.009000
vn -2.811612 -4.304381 2.044581
v 0.077265 0.025814 0.055000
vn -3.769837 -4.989529 0.412537
v 0.076987 0.026010 0.009000
vn -4.620402 -4.214136 0.412527
v 0.076305 0.026632 0.009000
vn -2.785342 -5.598927 0.413808
v 0.077771 0.025524 0.009000
vn -1.713398 -6.014163 0.414031
v 0.078632 0.025191 0.009000
vn -1.263092 -4.983809 2.045339
v 0.078773 0.025153 0.055000
vn 1.708729 -6.015456 0.414659
v 0.081368 0.025191 0.009000
vn 2.260115 -5.834045 0.407217
v 0.082002 0.025437 0.009000
vn 2.064025 -4.708726 2.044127
v 0.082008 0.025421 0.055000
vn -1.149625 -6.150007 0.407566
v 0.078775 0.025164 0.009000
vn -0.576859 -6.226996 0.410997
v 0.079539 0.025021 0.009000
vn 0.426104 -5.123592 2.044452
v 0.080413 0.025017 0.055000
vn 0.008780 -6.256476 0.421542
v 0.080413 0.025021 0.009000
vn 0.570641 -6.226451 0.429045
v 0.080461 0.025021 0.009000
vn 4.214984 -4.623649 0.406889
v 0.083372 0.026337 0.009000
vn 3.482435 -3.782396 2.045565
v 0.083386 0.026321 0.055000
vn 3.767771 -4.991151 0.411757
v 0.083013 0.026010 0.009000
vn 2.788329 -5.597567 0.411886
v 0.082229 0.025524 0.009000
vn 5.315964 -3.293540 0.412864
v 0.084251 0.027368 0.009000
vn 4.622609 -4.211692 0.412782
v 0.083695 0.026632 0.009000
vn 4.214978 4.623654 0.406893
v 0.083372 0.033663 0.009000
vn 3.481844 3.782891 2.045269
v 0.083386 0.033679 0.055000
vn 4.622287 4.212117 0.411971
v 0.083695 0.033368 0.009000
vn 5.316279 3.293120 0.412054
v 0.084251 0.032632 0.009000
vn 2.260103 5.834051 0.407214
v 0.082002 0.034563 0.009000
vn 2.064683 4.708414 2.043766
v 0.082008 0.034579 0.055000
vn 2.789074 5.597106 0.413227
v 0.082229 0.034476 0.009000
vn 3.767039 4.991599 0.413117
v 0.083013 0.033990 0.009000
vn 1.708714 6.015461 0.414667
v 0.081368 0.034809 0.009000
vn 0.579423 6.226510 0.414975
v 0.080461 0.034979 0.009000
vn 0.425853 5.123693 2.044859
v 0.080413 0.034983 0.055000
vn -2.785342 5.598926 0.413806
v 0.077771 0.034476 0.009000
vn -3.293660 5.319402 0.406979
v 0.077276 0.034169 0.009000
vn -2.810884 4.304739 2.043655
v 0.077265 0.034186 0.055000
vn 0.000000 6.256533 0.408063
v 0.080413 0.034979 0.009000
vn -0.576859 6.226995 0.411011
v 0.079539 0.034979 0.009000
vn -1.263745 4.983519 2.044218
v 0.078773 0.034847 0.055000
vn -1.157585 6.148472 0.420028
v 0.078775 0.034836 0.009000
vn -1.705410 6.015607 0.427005
v 0.078632 0.034809 0.009000
vn -4.992818 3.770405 0.406929
v 0.076071 0.033059 0.009000
vn -4.057503 3.157520 2.044941
v 0.076054 0.033071 0.055000
vn -4.620528 4.214025 0.412254
v 0.076305 0.033368 0.009000
vn -3.769720 4.989637 0.412269
v 0.076987 0.033990 0.009000
vn -5.830478 2.260929 0.413622
v 0.075338 0.031806 0.009000
vn -5.317958 3.290242 0.413437
v 0.075749 0.032632 0.009000
vn 2.300122 -0.000002 5.276370
v 0.084000 0.030000 0.056000
vn 2.286341 0.485381 5.228614
v 0.083945 0.030658 0.056000
vn 0.000000 0.000000 6.283186
v 0.080000 0.030000 0.056000
vn 2.286343 -0.485380 5.228612
v 0.083945 0.029342 0.056000
vn 0.952009 -2.170357 5.180862
v 0.081607 0.026337 0.056000
vn 1.605139 -1.743645 5.180862
v 0.082709 0.027057 0.056000
vn 2.084327 -1.127981 5.180865
v 0.083518 0.028096 0.056000
vn -1.296254 -1.984060 5.180863
v 0.077812 0.026651 0.056000
vn -0.581796 -2.297451 5.180863
v 0.079018 0.026122 0.056000
vn 0.195712 -2.361877 5.180863
v 0.080330 0.026014 0.056000
vn -2.369976 0.000001 5.180860
v 0.076000 0.030000 0.056000
vn -2.241562 -0.769531 5.180860
v 0.076217 0.028701 0.056000
vn -1.870234 -1.455669 5.180870
v 0.076843 0.027543 0.056000
vn -1.296250 1.984057 5.180869
v 0.077812 0.033349 0.056000
vn -1.870237 1.455670 5.180865
v 0.076843 0.032457 0.056000
vn -2.241564 0.769532 5.180858
v 0.076217 0.031299 0.056000
vn 0.952010 2.170357 5.180861
v 0.081607 0.033663 0.056000
vn 0.195710 2.361875 5.180866
v 0.080330 0.033986 0.056000
vn -0.581795 2.297448 5.180866
v 0.079018 0.033878 0.056000
vn 2.084326 1.127982 5.180866
v 0.083518 0.031904 0.056000
vn 1.605138 1.743643 5.180865
v 0.082709 0.032943 0.056000
vn 4.902485 1.592921 -2.051856
v 0.099755 0.056545 0.001000
vn 4.902484 1.592919 2.051857
v 0.099755 0.056545 0.005000
vn 4.170300 3.029902 -2.051856
v 0.099045 0.057939 0.001000
vn 4.170302 3.029902 2.051855
v 0.099045 0.057939 0.005000
vn 3.029903 4.170298 -2.051860
v 0.097939 0.059045 0.001000
vn 3.029905 4.170299 2.051858
v 0.097939 0.059045 0.005000
vn 1.592912 4.902474 -2.051858
v 0.096545 0.059755 0.001000
vn 1.592910 4.902474 2.051858
v 0.096545 0.059755 0.005000
vn -1.592910 4.902476 -2.051858
v 0.003455 0.059755 0.001000
vn -1.592911 4.902476 2.051858
v 0.003455 0.059755 0.005000
vn -3.029902 4.170299 -2.051860
v 0.002061 0.059045 0.001000
vn -3.029902 4.170298 2.051860
v 0.002061 0.059045 0.005000
vn -4.170299 3.029902 -2.051858
v 0.000955 0.057939 0.001000
vn -4.170298 3.029902 2.051858
v 0.000955 0.057939 0.005000
vn -4.902480 1.592913 -2.051858
v 0.000245 0.056545 0.001000
vn -4.902480 1.592913 2.051857
v 0.000245 0.056545 0.005000
vn 1.592913 -4.902479 -2.051858
v 0.096545 0.000245 0.001000
vn 1.592913 -4.902479 2.051859
v 0.096545 0.000245 0.005000
vn 3.029902 -4.170300 -2.051857
v 0.097939 0.000955 0.001000
vn 3.029901 -4.170299 2.051858
v 0.097939 0.000955 0.005000
vn 4.170302 -3.029900 -2.051856
v 0.099045 0.002061 0.001000
vn 4.170302 -3.029900 2.051856
v 0.099045 0.002061 0.005000
vn 4.902485 -1.592918 -2.051857
v 0.099755 0.003455 0.001000
vn 4.902485 -1.592921 2.051856
v 0.099755 0.003455 0.005000
vn -4.902480 -1.592912 -2.051858
v 0.000245 0.003455 0.001000
vn -4.902480 -1.592912 2.051858
v 0.000245 0.003455 0.005000
vn -4.170299 -3.029899 -2.051858
v 0.000955 0.002061 0.001000
vn -4.170299 -3.029900 2.051858
v 0.000955 0.002061 0.005000
vn -3.029899 -4.170299 -2.051858
v 0.002061 0.000955 0.001000
vn -3.029900 -4.170299 2.051858
v 0.002061 0.000955 0.005000
vn -1.592912 -4.902480 -2.051858
v 0.003455 0.000245 0.001000
vn -1.592912 -4.902480 2.051858
v 0.003455 0.000245 0.005000
vn 0.000000 -1.110721 1.110721
v 0.095000 0.000000 0.005000
vn 0.000000 -1.110724 1.110724
v 0.005000 0.000000 0.005000
vn 0.162491 -1.025929 1.025929
v 0.095000 -0.000000 0.005000
vn -1.025929 -0.162491 1.025929
v 0.000000 0.005000 0.005000
vn -1.110721 0.000000 1.110721
v 0.000000 0.055000 0.005000
vn -1.110721 0.000000 1.110721
v 0.000000 0.005000 0.005000
vn -0.000000 -1.110721 -1.110721
v 0.095000 0.001000 -0.000000
vn -0.000000 -1.110724 -1.110724
v 0.005000 0.001000 0.000000
vn -0.162491 -1.025929 -1.025929
v 0.005000 0.000000 0.001000
vn 1.110720 0.000000 -1.110722
v 0.099000 0.055000 0.000000
vn 1.110720 0.000000 -1.110722
v 0.099000 0.005000 0.000000
vn -1.110721 0.000000 -1.110721
v 0.001000 0.055000 0.000000
vn -1.110721 0.000000 -1.110721
v 0.001000 0.005000 0.000000
vn 0.187164 1.181711 -1.181712
v 0.095000 0.059000 -0.000000
vn 0.730338 2.247743 -2.363423
v 0.096236 0.058804 -0.000000
vn 1.389183 1.912049 -2.363419
v 0.097351 0.058236 -0.000000
vn 1.912050 1.389189 -2.363417
v 0.098236 0.057351 -0.000000
vn 2.247751 0.730340 -2.363419
v 0.098804 0.056236 -0.000000
vn 1.181709 0.187162 -1.181711
v 0.099000 0.055000 -0.000000
vn -1.025929 0.162491 -1.025929
v 0.000000 0.055000 0.001000
vn -0.000000 1.110722 -1.110720
v 0.005000 0.059000 -0.000000
vn -0.000000 1.110725 -1.110723
v 0.095000 0.059000 -0.000000
vn 6.034770 -0.000001 1.629986
v 0.085102 0.030000 0.008224
vn -0.556815 -6.009024 1.629997
v 0.079529 0.024920 0.008224
vn -0.946217 1.252994 6.039149
v 0.075647 0.035765 0.006102
vn -1.160345 1.057796 6.039148
v 0.074662 0.034866 0.006102
vn -2.281426 2.079799 5.430601
v 0.075196 0.034379 0.006402
vn -1.570141 -0.000001 6.039146
v 0.072776 0.030000 0.006102
vn -1.464116 -0.567202 6.039145
v 0.073264 0.027391 0.006102
vn -1.543405 -0.288511 6.039148
v 0.072899 0.028673 0.006102
vn -3.736924 2.313811 4.443601
v 0.075002 0.033095 0.006879
vn -2.624739 1.625177 5.430602
v 0.074474 0.033422 0.006402
vn -1.334960 0.826572 6.039148
v 0.073858 0.033803 0.006102
vn -5.036719 1.951238 3.146501
v 0.074963 0.031951 0.007500
vn -4.098463 1.587749 4.443597
v 0.074518 0.032124 0.006879
vn -2.878682 1.115201 5.430602
v 0.073939 0.032348 0.006402
vn -1.464119 0.567199 6.039145
v 0.073264 0.032609 0.006102
vn -3.255114 -4.310465 3.146497
v 0.076745 0.025689 0.007500
vn -3.991732 -3.638954 3.146490
v 0.076008 0.026361 0.007500
vn -3.248135 -2.961071 4.443602
v 0.075656 0.026040 0.006879
vn -5.932012 1.108873 1.630002
v 0.074985 0.030938 0.008224
vn -5.309501 0.992514 3.146503
v 0.074690 0.030993 0.007500
vn -4.320434 0.807626 4.443589
v 0.074221 0.031080 0.006879
vn -3.034584 0.567262 5.430599
v 0.073611 0.031194 0.006402
vn -1.543405 0.288513 6.039147
v 0.072899 0.031327 0.006102
vn -4.459748 -4.065600 1.629992
v 0.076229 0.026563 0.008224
vn -3.636755 -4.815855 1.629986
v 0.076925 0.025928 0.008224
vn -2.689932 -5.402099 1.629993
v 0.077726 0.025433 0.008224
vn -1.651495 -5.804392 1.629998
v 0.078604 0.025093 0.008224
vn -2.407648 -4.835195 3.146499
v 0.077592 0.025164 0.007500
vn -2.648737 -3.507496 4.443599
v 0.076457 0.025309 0.006879
vn -2.281428 -2.079802 5.430599
v 0.075196 0.025621 0.006402
vn -0.946220 -1.252995 6.039149
v 0.075647 0.024235 0.006102
vn -0.699873 -1.405536 6.039145
v 0.076780 0.023534 0.006102
vn -1.376061 -2.763499 5.430602
v 0.077103 0.024181 0.006402
vn -0.844838 -2.969294 5.430604
v 0.078221 0.023748 0.006402
vn -1.202817 -4.227476 4.443598
v 0.078391 0.024346 0.006879
vn -0.405544 -4.376512 4.443600
v 0.079458 0.024146 0.006879
vn -0.498380 -5.378432 3.146494
v 0.079502 0.024621 0.007500
vn 0.498384 -5.378431 3.146495
v 0.080498 0.024621 0.007500
vn 0.556813 -6.009021 1.629998
v 0.080471 0.024920 0.008224
vn 1.651490 -5.804394 1.630000
v 0.081396 0.025093 0.008224
vn -0.429690 -1.510203 6.039147
v 0.078023 0.023052 0.006102
vn -0.284844 -3.073977 5.430602
v 0.079400 0.023528 0.006402
vn 0.405540 -4.376512 4.443599
v 0.080542 0.024146 0.006879
vn 1.478178 -5.195275 3.146497
v 0.081478 0.024804 0.007500
vn 2.689924 -5.402101 1.630007
v 0.082274 0.025433 0.008224
vn -0.144874 -1.563444 6.039146
v 0.079333 0.022807 0.006102
vn 0.284846 -3.073975 5.430603
v 0.080600 0.023528 0.006402
vn 1.202822 -4.227475 4.443599
v 0.081609 0.024346 0.006879
vn 2.407645 -4.835201 3.146492
v 0.082408 0.025164 0.007500
vn 3.636761 -4.815845 1.630003
v 0.083075 0.025928 0.008224
vn 0.144874 -1.563444 6.039147
v 0.080667 0.022807 0.006102
vn 0.429690 -1.510203 6.039146
v 0.081977 0.023052 0.006102
vn 0.844839 -2.969296 5.430602
v 0.081779 0.023748 0.006402
vn 1.376057 -2.763499 5.430603
v 0.082897 0.024181 0.006402
vn 1.959138 -3.934480 4.443595
v 0.082620 0.024738 0.006879
vn 2.648738 -3.507494 4.443600
v 0.083543 0.025309 0.006879
vn 3.255116 -4.310467 3.146494
v 0.083255 0.025689 0.007500
vn 3.991739 -3.638947 3.146494
v 0.083992 0.026361 0.007500
vn 4.459754 -4.065589 1.629993
v 0.083771 0.026563 0.008224
vn 5.130857 -3.176897 1.630002
v 0.084338 0.027314 0.008224
vn 0.699872 -1.405532 6.039147
v 0.083220 0.023534 0.006102
vn 1.860422 -2.463596 5.430601
v 0.083917 0.024813 0.006402
vn 3.248139 -2.961069 4.443597
v 0.084344 0.026040 0.006879
vn 4.592427 -2.843504 3.146499
v 0.084593 0.027156 0.007500
vn 5.627252 -2.180009 1.629992
v 0.084758 0.028157 0.008224
vn 0.946222 -1.253001 6.039145
v 0.084353 0.024235 0.006102
vn 2.281423 -2.079794 5.430606
v 0.084804 0.025621 0.006402
vn 3.736926 -2.313806 4.443598
v 0.084998 0.026905 0.006879
vn 5.036726 -1.951234 3.146492
v 0.085037 0.028049 0.007500
vn 5.932012 -1.108898 1.629997
v 0.085015 0.029062 0.008224
vn 1.334964 -0.826574 6.039145
v 0.086142 0.026197 0.006102
vn 1.464108 -0.567201 6.039149
v 0.086736 0.027391 0.006102
vn 2.878673 -1.115206 5.430604
v 0.086061 0.027652 0.006402
vn 3.034581 -0.567258 5.430602
v 0.086389 0.028806 0.006402
vn 4.320420 -0.807627 4.443605
v 0.085779 0.028920 0.006879
vn 4.395265 0.000001 4.443597
v 0.085879 0.030000 0.006879
vn 5.401475 0.000002 3.146489
v 0.085402 0.030000 0.007500
vn 5.309499 0.992517 3.146497
v 0.085310 0.030993 0.007500
vn 5.932015 1.108892 1.629988
v 0.085015 0.030938 0.008224
vn 5.627252 2.180020 1.629979
v 0.084758 0.031843 0.008224
vn 1.543403 -0.288511 6.039148
v 0.087101 0.028673 0.006102
vn 3.087142 -0.000002 5.430603
v 0.086500 0.030000 0.006402
vn 4.320421 0.807625 4.443604
v 0.085779 0.031080 0.006879
vn 5.036721 1.951233 3.146501
v 0.085037 0.031951 0.007500
vn 5.130862 3.176889 1.629999
v 0.084338 0.032686 0.008224
vn 1.570136 -0.000001 6.039149
v 0.087224 0.030000 0.006102
vn 3.034579 0.567261 5.430603
v 0.086389 0.031194 0.006402
vn 4.098461 1.587756 4.443595
v 0.085482 0.032124 0.006879
vn 4.592427 2.843500 3.146504
v 0.084593 0.032844 0.007500
vn 4.459750 4.065591 1.629998
v 0.083771 0.033437 0.008224
vn 1.543404 0.288512 6.039148
v 0.087101 0.031327 0.006102
vn 1.464110 0.567199 6.039148
v 0.086736 0.032609 0.006102
vn 2.878673 1.115201 5.430604
v 0.086061 0.032348 0.006402
vn 2.624739 1.625169 5.430607
v 0.085526 0.033422 0.006402
vn 3.736926 2.313808 4.443597
v 0.084998 0.033095 0.006879
vn 3.248138 2.961068 4.443596
v 0.084344 0.033960 0.006879
vn 3.991740 3.638954 3.146487
v 0.083992 0.033639 0.007500
vn 3.255117 4.310466 3.146493
v 0.083255 0.034311 0.007500
vn 3.636762 4.815844 1.630005
v 0.083075 0.034072 0.008224
vn 2.689925 5.402103 1.629995
v 0.082274 0.034567 0.008224
vn 1.334964 0.826576 6.039145
v 0.086142 0.033803 0.006102
vn 2.281424 2.079792 5.430606
v 0.084804 0.034379 0.006402
vn 2.648741 3.507493 4.443600
v 0.083543 0.034691 0.006879
vn 2.407640 4.835201 3.146494
v 0.082408 0.034836 0.007500
vn 1.651490 5.804395 1.629998
v 0.081396 0.034907 0.008224
vn 1.160346 1.057796 6.039149
v 0.085338 0.034866 0.006102
vn 1.860422 2.463598 5.430600
v 0.083917 0.035187 0.006402
vn 1.959135 3.934478 4.443600
v 0.082620 0.035262 0.006879
vn 1.478183 5.195272 3.146496
v 0.081478 0.035196 0.007500
vn 0.556820 6.009022 1.630005
v 0.080471 0.035080 0.008224
vn 0.946221 1.253000 6.039147
v 0.084353 0.035765 0.006102
vn 0.699872 1.405531 6.039148
v 0.083220 0.036466 0.006102
vn 1.376059 2.763498 5.430603
v 0.082897 0.035819 0.006402
vn 0.844837 2.969295 5.430601
v 0.081779 0.036252 0.006402
vn 1.202820 4.227476 4.443601
v 0.081609 0.035654 0.006879
vn 0.405542 4.376513 4.443598
v 0.080542 0.035854 0.006879
vn 0.498388 5.378432 3.146492
v 0.080498 0.035379 0.007500
vn -0.498384 5.378433 3.146490
v 0.079502 0.035379 0.007500
vn -0.556819 6.009023 1.630003
v 0.079529 0.035080 0.008224
vn -1.651497 5.804394 1.629994
v 0.078604 0.034907 0.008224
vn 0.429689 1.510199 6.039148
v 0.081977 0.036948 0.006102
vn 0.284848 3.073973 5.430604
v 0.080600 0.036472 0.006402
vn -0.405545 4.376512 4.443599
v 0.079458 0.035854 0.006879
vn -1.478189 5.195274 3.146491
v 0.078522 0.035196 0.007500
vn -2.689935 5.402102 1.629982
v 0.077726 0.034567 0.008224
vn 0.144873 1.563443 6.039147
v 0.080667 0.037193 0.006102
vn -0.144873 1.563443 6.039147
v 0.079333 0.037193 0.006102
vn -0.284846 3.073976 5.430602
v 0.079400 0.036472 0.006402
vn -0.844835 2.969294 5.430603
v 0.078221 0.036252 0.006402
vn -1.202816 4.227474 4.443602
v 0.078391 0.035654 0.006879
vn -1.959134 3.934471 4.443607
v 0.077380 0.035262 0.006879
vn -2.407640 4.835196 3.146502
v 0.077592 0.034836 0.007500
vn -3.255113 4.310468 3.146495
v 0.076745 0.034311 0.007500
vn -3.636754 4.815853 1.629995
v 0.076925 0.034072 0.008224
vn -4.459751 4.065595 1.629995
v 0.076229 0.033437 0.008224
vn -0.429688 1.510199 6.039149
v 0.078023 0.036948 0.006102
vn -1.376065 2.763499 5.430601
v 0.077103 0.035819 0.006402
vn -2.648743 3.507493 4.443597
v 0.076457 0.034691 0.006879
vn -3.991737 3.638951 3.146487
v 0.076008 0.033639 0.007500
vn -5.130863 3.176896 1.629995
v 0.075662 0.032686 0.008224
vn -0.699874 1.405533 6.039146
v 0.076780 0.036466 0.006102
vn -1.860423 2.463593 5.430601
v 0.076083 0.035187 0.006402
vn -3.248136 2.961072 4.443600
v 0.075656 0.033960 0.006879
vn -4.592414 2.843516 3.146501
v 0.075407 0.032844 0.007500
vn -5.627252 2.180007 1.630003
v 0.075242 0.031843 0.008224
vn -3.034584 -0.567259 5.430600
v 0.073611 0.028806 0.006402
vn -3.087149 -0.000002 5.430600
v 0.073500 0.030000 0.006402
vn -4.320434 -0.807632 4.443588
v 0.074221 0.028920 0.006879
vn -4.395266 0.000002 4.443595
v 0.074121 0.030000 0.006879
vn -5.309501 -0.992518 3.146499
v 0.074690 0.029007 0.007500
vn -5.401466 0.000003 3.146509
v 0.074598 0.030000 0.007500
vn -5.932011 -1.108876 1.630003
v 0.074985 0.029062 0.008224
vn -6.034761 0.000003 1.630011
v 0.074898 0.030000 0.008224
vn -5.627252 -2.180003 1.630005
v 0.075242 0.028157 0.008224
vn -2.878680 -1.115204 5.430602
v 0.073939 0.027652 0.006402
vn -4.098460 -1.587745 4.443601
v 0.074518 0.027876 0.006879
vn -5.036723 -1.951241 3.146494
v 0.074963 0.028049 0.007500
vn -1.334959 -0.826571 6.039148
v 0.073858 0.026197 0.006102
vn -2.624745 -1.625178 5.430599
v 0.074474 0.026578 0.006402
vn -3.736923 -2.313809 4.443603
v 0.075002 0.026905 0.006879
vn -4.592421 -2.843514 3.146493
v 0.075407 0.027156 0.007500
vn -5.130863 -3.176896 1.629997
v 0.075662 0.027314 0.008224
vn -1.478182 -5.195277 3.146493
v 0.078522 0.024804 0.007500
vn -1.959140 -3.934473 4.443602
v 0.077380 0.024738 0.006879
vn -1.860422 -2.463591 5.430603
v 0.076083 0.024813 0.006402
vn -1.160347 -1.057796 6.039147
v 0.074662 0.025134 0.006102
vn 5.309500 -0.992520 3.146494
v 0.085310 0.029007 0.007500
vn 4.098455 -1.587754 4.443602
v 0.085482 0.027876 0.006879
vn 2.624744 -1.625169 5.430605
v 0.085526 0.026578 0.006402
vn 1.160349 -1.057798 6.039147
v 0.085338 0.025134 0.006102
vn 6.034767 0.000001 1.629995
v 0.025102 0.030000 0.008224
vn -0.556815 -6.009023 1.629997
v 0.019529 0.024920 0.008224
vn -0.946220 1.252998 6.039148
v 0.015647 0.035765 0.006102
vn -1.160347 1.057797 6.039148
v 0.014662 0.034866 0.006102
vn -2.281423 2.079796 5.430604
v 0.015196 0.034379 0.006402
vn -1.570141 0.000000 6.039147
v 0.012776 0.030000 0.006102
vn -1.464113 -0.567200 6.039147
v 0.013264 0.027391 0.006102
vn -1.543407 -0.288513 6.039146
v 0.012899 0.028673 0.006102
vn -3.736922 2.313809 4.443602
v 0.015002 0.033095 0.006879
vn -2.624742 1.625172 5.430604
v 0.014474 0.033422 0.006402
vn -1.334962 0.826573 6.039147
v 0.013858 0.033803 0.006102
vn -5.036723 1.951236 3.146496
v 0.014963 0.031951 0.007500
vn -4.098460 1.587751 4.443599
v 0.014518 0.032124 0.006879
vn -2.878679 1.115204 5.430601
v 0.013939 0.032348 0.006402
vn -1.464114 0.567200 6.039146
v 0.013264 0.032609 0.006102
vn -3.255116 -4.310465 3.146496
v 0.016745 0.025689 0.007500
vn -3.991737 -3.638948 3.146494
v 0.016008 0.026361 0.007500
vn -3.248137 -2.961066 4.443601
v 0.015656 0.026040 0.006879
vn -5.932014 1.108883 1.629995
v 0.014985 0.030938 0.008224
vn -5.309502 0.992516 3.146495
v 0.014690 0.030993 0.007500
vn -4.320423 0.807627 4.443601
v 0.014221 0.031080 0.006879
vn -3.034581 0.567262 5.430602
v 0.013611 0.031194 0.006402
vn -1.543407 0.288513 6.039147
v 0.012899 0.031327 0.006102
vn -4.459749 -4.065597 1.629991
v 0.016229 0.026563 0.008224
vn -3.636760 -4.815848 1.629995
v 0.016925 0.025928 0.008224
vn -2.689929 -5.402100 1.629998
v 0.017726 0.025433 0.008224
vn -1.651489 -5.804393 1.629998
v 0.018604 0.025093 0.008224
vn -2.407645 -4.835199 3.146495
v 0.017592 0.025164 0.007500
vn -2.648736 -3.507496 4.443599
v 0.016457 0.025309 0.006879
vn -2.281428 -2.079796 5.430602
v 0.015196 0.025621 0.006402
vn -0.946221 -1.252999 6.039147
v 0.015647 0.024235 0.006102
vn -0.699872 -1.405533 6.039147
v 0.016780 0.023534 0.006102
vn -1.376059 -2.763498 5.430603
v 0.017103 0.024181 0.006402
vn -0.844837 -2.969296 5.430603
v 0.018221 0.023748 0.006402
vn -1.202820 -4.227476 4.443598
v 0.018391 0.024346 0.006879
vn -0.405542 -4.376513 4.443598
v 0.019458 0.024146 0.006879
vn -0.498384 -5.378431 3.146495
v 0.019502 0.024621 0.007500
vn 0.498383 -5.378431 3.146495
v 0.020498 0.024621 0.007500
vn 0.556816 -6.009023 1.629997
v 0.020471 0.024920 0.008224
vn 1.651492 -5.804394 1.629997
v 0.021396 0.025093 0.008224
vn -0.429690 -1.510203 6.039146
v 0.018023 0.023052 0.006102
vn -0.284845 -3.073975 5.430604
v 0.019400 0.023528 0.006402
vn 0.405542 -4.376513 4.443599
v 0.020542 0.024146 0.006879
vn 1.478182 -5.195275 3.146496
v 0.021478 0.024804 0.007500
vn 2.689926 -5.402102 1.629999
v 0.022274 0.025433 0.008224
vn -0.144875 -1.563444 6.039147
v 0.019333 0.022807 0.006102
vn 0.284845 -3.073976 5.430603
v 0.020600 0.023528 0.006402
vn 1.202821 -4.227476 4.443598
v 0.021609 0.024346 0.006879
vn 2.407645 -4.835199 3.146495
v 0.022408 0.025164 0.007500
vn 3.636761 -4.815848 1.629993
v 0.023075 0.025928 0.008224
vn 0.144874 -1.563444 6.039147
v 0.020667 0.022807 0.006102
vn 0.429690 -1.510203 6.039146
v 0.021977 0.023052 0.006102
vn 0.844837 -2.969296 5.430602
v 0.021779 0.023748 0.006402
vn 1.376058 -2.763499 5.430602
v 0.022897 0.024181 0.006402
vn 1.959136 -3.934477 4.443599
v 0.022620 0.024738 0.006879
vn 2.648736 -3.507492 4.443602
v 0.023543 0.025309 0.006879
vn 3.255115 -4.310465 3.146497
v 0.023255 0.025689 0.007500
vn 3.991738 -3.638947 3.146494
v 0.023992 0.026361 0.007500
vn 4.459747 -4.065598 1.629992
v 0.023771 0.026563 0.008224
vn 5.130862 -3.176898 1.629996
v 0.024338 0.027314 0.008224
vn 0.699872 -1.405533 6.039147
v 0.023220 0.023534 0.006102
vn 1.860422 -2.463595 5.430602
v 0.023917 0.024813 0.006402
vn 3.248136 -2.961066 4.443602
v 0.024344 0.026040 0.006879
vn 4.592423 -2.843511 3.146493
v 0.024593 0.027156 0.007500
vn 5.627254 -2.180008 1.629995
v 0.024758 0.028157 0.008224
vn 0.946222 -1.253000 6.039146
v 0.024353 0.024235 0.006102
vn 2.281427 -2.079796 5.430603
v 0.024804 0.025621 0.006402
vn 3.736924 -2.313806 4.443602
v 0.024998 0.026905 0.006879
vn 5.036723 -1.951239 3.146494
v 0.025037 0.028049 0.007500
vn 5.932013 -1.108885 1.629995
v 0.025015 0.029062 0.008224
vn 1.334961 -0.826573 6.039147
v 0.026142 0.026197 0.006102
vn 1.464113 -0.567200 6.039147
v 0.026736 0.027391 0.006102
vn 2.878676 -1.115205 5.430603
v 0.026061 0.027652 0.006402
vn 3.034581 -0.567261 5.430602
v 0.026389 0.028806 0.006402
vn 4.320424 -0.807627 4.443599
v 0.025779 0.028920 0.006879
vn 4.395261 -0.000001 4.443599
v 0.025879 0.030000 0.006879
vn 5.401473 0.000001 3.146494
v 0.025402 0.030000 0.007500
vn 5.309502 0.992516 3.146497
v 0.025310 0.030993 0.007500
vn 5.932013 1.108881 1.629998
v 0.025015 0.030938 0.008224
vn 5.627253 2.180009 1.630000
v 0.024758 0.031843 0.008224
vn 1.543407 -0.288512 6.039147
v 0.027101 0.028673 0.006102
vn 3.087144 -0.000001 5.430603
v 0.026500 0.030000 0.006402
vn 4.320424 0.807627 4.443599
v 0.025779 0.031080 0.006879
vn 5.036723 1.951242 3.146490
v 0.025037 0.031951 0.007500
vn 5.130862 3.176897 1.629995
v 0.024338 0.032686 0.008224
vn 1.570141 -0.000000 6.039147
v 0.027224 0.030000 0.006102
vn 3.034581 0.567262 5.430602
v 0.026389 0.031194 0.006402
vn 4.098458 1.587753 4.443599
v 0.025482 0.032124 0.006879
vn 4.592423 2.843510 3.146495
v 0.024593 0.032844 0.007500
vn 4.459747 4.065598 1.629992
v 0.023771 0.033437 0.008224
vn 1.543406 0.288512 6.039147
v 0.027101 0.031327 0.006102
vn 1.464114 0.567200 6.039146
v 0.026736 0.032609 0.006102
vn 2.878677 1.115204 5.430602
v 0.026061 0.032348 0.006402
vn 2.624741 1.625172 5.430604
v 0.025526 0.033422 0.006402
vn 3.736923 2.313806 4.443603
v 0.024998 0.033095 0.006879
vn 3.248137 2.961067 4.443600
v 0.024344 0.033960 0.006879
vn 3.991737 3.638950 3.146492
v 0.023992 0.033639 0.007500
vn 3.255115 4.310465 3.146497
v 0.023255 0.034311 0.007500
vn 3.636762 4.815846 1.629996
v 0.023075 0.034072 0.008224
vn 2.689927 5.402104 1.629988
v 0.022274 0.034567 0.008224
vn 1.334961 0.826573 6.039147
v 0.026142 0.033803 0.006102
vn 2.281426 2.079794 5.430604
v 0.024804 0.034379 0.006402
vn 2.648740 3.507491 4.443602
v 0.023543 0.034691 0.006879
vn 2.407642 4.835197 3.146498
v 0.022408 0.034836 0.007500
vn 1.651492 5.804395 1.629996
v 0.021396 0.034907 0.008224
vn 1.160347 1.057797 6.039147
v 0.025338 0.034866 0.006102
vn 1.860423 2.463596 5.430600
v 0.023917 0.035187 0.006402
vn 1.959135 3.934474 4.443603
v 0.022620 0.035262 0.006879
vn 1.478186 5.195272 3.146495
v 0.021478 0.035196 0.007500
vn 0.556822 6.009021 1.630005
v 0.020471 0.035080 0.008224
vn 0.946221 1.252998 6.039147
v 0.024353 0.035765 0.006102
vn 0.699871 1.405532 6.039148
v 0.023220 0.036466 0.006102
vn 1.376059 2.763499 5.430602
v 0.022897 0.035819 0.006402
vn 0.844836 2.969295 5.430602
v 0.021779 0.036252 0.006402
vn 1.202818 4.227477 4.443599
v 0.021609 0.035654 0.006879
vn 0.405544 4.376513 4.443598
v 0.020542 0.035854 0.006879
vn 0.498387 5.378433 3.146490
v 0.020498 0.035379 0.007500
vn -0.498389 5.378434 3.146489
v 0.019502 0.035379 0.007500
vn -0.556819 6.009023 1.630004
v 0.019529 0.035080 0.008224
vn -1.651492 5.804395 1.629997
v 0.018604 0.034907 0.008224
vn 0.429688 1.510199 6.039149
v 0.021977 0.036948 0.006102
vn 0.284847 3.073974 5.430604
v 0.020600 0.036472 0.006402
vn -0.405543 4.376512 4.443599
v 0.019458 0.035854 0.006879
vn -1.478186 5.195275 3.146492
v 0.018522 0.035196 0.007500
vn -2.689930 5.402103 1.629989
v 0.017726 0.034567 0.008224
vn 0.144873 1.563443 6.039147
v 0.020667 0.037193 0.006102
vn -0.144874 1.563442 6.039146
v 0.019333 0.037193 0.006102
vn -0.284846 3.073976 5.430603
v 0.019400 0.036472 0.006402
vn -0.844836 2.969295 5.430602
v 0.018221 0.036252 0.006402
vn -1.202818 4.227476 4.443600
v 0.018391 0.035654 0.006879
vn -1.959134 3.934477 4.443602
v 0.017380 0.035262 0.006879
vn -2.407641 4.835199 3.146497
v 0.017592 0.034836 0.007500
vn -3.255114 4.310467 3.146496
v 0.016745 0.034311 0.007500
vn -3.636759 4.815849 1.629996
v 0.016925 0.034072 0.008224
vn -4.459751 4.065594 1.629990
v 0.016229 0.033437 0.008224
vn -0.429687 1.510199 6.039148
v 0.018023 0.036948 0.006102
vn -1.376059 2.763499 5.430602
v 0.017103 0.035819 0.006402
vn -2.648742 3.507494 4.443597
v 0.016457 0.034691 0.006879
vn -3.991739 3.638947 3.146492
v 0.016008 0.033639 0.007500
vn -5.130863 3.176894 1.629994
v 0.015662 0.032686 0.008224
vn -0.699873 1.405532 6.039147
v 0.016780 0.036466 0.006102
vn -1.860424 2.463595 5.430600
v 0.016083 0.035187 0.006402
vn -3.248138 2.961069 4.443597
v 0.015656 0.033960 0.006879
vn -4.592421 2.843511 3.146498
v 0.015407 0.032844 0.007500
vn -5.627251 2.180012 1.629998
v 0.015242 0.031843 0.008224
vn -3.034581 -0.567262 5.430602
v 0.013611 0.028806 0.006402
vn -3.087145 -0.000000 5.430602
v 0.013500 0.030000 0.006402
vn -4.320423 -0.807626 4.443600
v 0.014221 0.028920 0.006879
vn -4.395261 -0.000001 4.443600
v 0.014121 0.030000 0.006879
vn -5.309502 -0.992517 3.146495
v 0.014690 0.029007 0.007500
vn -5.401472 -0.000000 3.146496
v 0.014598 0.030000 0.007500
vn -5.932014 -1.108888 1.629995
v 0.014985 0.029062 0.008224
vn -6.034767 -0.000000 1.629994
v 0.014898 0.030000 0.008224
vn -5.627253 -2.180008 1.629997
v 0.015242 0.028157 0.008224
vn -2.878677 -1.115205 5.430603
v 0.013939 0.027652 0.006402
vn -4.098459 -1.587752 4.443599
v 0.014518 0.027876 0.006879
vn -5.036722 -1.951236 3.146498
v 0.014963 0.028049 0.007500
vn -1.334961 -0.826573 6.039147
v 0.013858 0.026197 0.006102
vn -2.624744 -1.625172 5.430602
v 0.014474 0.026578 0.006402
vn -3.736925 -2.313807 4.443601
v 0.015002 0.026905 0.006879
vn -4.592423 -2.843510 3.146496
v 0.015407 0.027156 0.007500
vn -5.130864 -3.176894 1.629995
v 0.015662 0.027314 0.008224
vn -1.478182 -5.195276 3.146495
v 0.018522 0.024804 0.007500
vn -1.959137 -3.934479 4.443596
v 0.017380 0.024738 0.006879
vn -1.860420 -2.463597 5.430601
v 0.016083 0.024813 0.006402
vn -1.160349 -1.057798 6.039146
v 0.014662 0.025134 0.006102
vn 5.309501 -0.992519 3.146497
v 0.025310 0.029007 0.007500
vn 4.098458 -1.587752 4.443600
v 0.025482 0.027876 0.006879
vn 2.624744 -1.625172 5.430602
v 0.025526 0.026578 0.006402
vn 1.160350 -1.057798 6.039146
v 0.025338 0.025134 0.006102
# 1056 vertices, 0 vertices normals

f 1//1 2//2 3//3
f 3//3 2//2 4//4
f 5//5 6//6 7//7
f 7//7 6//6 8//8
f 9//9 10//10 11//11
f 11//11 10//10 12//12
f 13//13 14//14 15//15
f 15//15 14//14 16//16
f 17//17 18//18 19//19
f 19//19 18//18 20//20
f 21//21 22//22 23//23
f 23//23 22//22 19//19
f 23//23 19//19 24//24
f 24//24 19//19 20//20
f 25//25 26//26 27//27
f 28//28 29//29 30//30
f 30//30 29//29 31//31
f 30//30 31//31 32//32
f 25//25 27//27 31//31
f 31//31 27//27 33//33
f 31//31 33//33 32//32
f 21//21 34//34 22//22
f 22//22 34//34 35//35
f 22//22 35//35 36//36
f 37//37 38//38 39//39
f 26//26 40//40 27//27
f 27//27 40//40 41//41
f 27//27 41//41 42//42
f 28//28 30//30 39//39
f 39//39 30//30 43//43
f 39//39 43//43 37//37
f 44//44 45//45 46//46
f 47//47 48//48 49//49
f 17//17 19//19 46//46
f 46//46 19//19 50//50
f 46//46 50//50 44//44
f 49//49 51//51 47//47
f 47//47 51//51 46//46
f 47//47 46//46 52//52
f 52//52 46//46 45//45
f 53//53 54//54 55//55
f 55//55 54//54 56//56
f 55//55 56//56 47//47
f 47//47 56//56 57//57
f 47//47 57//57 48//48
f 58//58 59//59 60//60
f 60//60 59//59 61//61
f 36//36 62//62 22//22
f 22//22 62//62 63//63
f 22//22 63//63 64//64
f 64//64 63//63 60//60
f 64//64 60//60 65//65
f 65//65 60//60 61//61
f 66//66 67//67 68//68
f 69//69 70//70 71//71
f 71//71 70//70 72//72
f 73//73 74//74 58//58
f 58//58 74//74 75//75
f 58//58 75//75 66//66
f 66//66 75//75 76//76
f 66//66 76//76 67//67
f 77//77 78//78 79//79
f 80//80 81//81 82//82
f 60//60 83//83 58//58
f 58//58 83//83 84//84
f 58//58 84//84 42//42
f 68//68 85//85 66//66
f 66//66 85//85 79//79
f 66//66 79//79 86//86
f 86//86 79//79 78//78
f 80//80 82//82 87//87
f 41//41 88//88 42//42
f 42//42 88//88 89//89
f 42//42 89//89 58//58
f 58//58 89//89 90//90
f 58//58 90//90 73//73
f 72//72 70//70 79//79
f 79//79 70//70 91//91
f 79//79 91//91 77//77
f 92//92 93//93 55//55
f 55//55 93//93 94//94
f 38//38 95//95 39//39
f 39//39 95//95 96//96
f 39//39 96//96 94//94
f 94//94 96//96 97//97
f 94//94 97//97 55//55
f 55//55 97//97 98//98
f 55//55 98//98 53//53
f 92//92 55//55 99//99
f 99//99 55//55 100//100
f 99//99 100//100 101//101
f 69//69 102//102 70//70
f 70//70 102//102 103//103
f 70//70 103//103 82//82
f 82//82 103//103 104//104
f 82//82 104//104 87//87
f 81//81 105//105 82//82
f 82//82 105//105 106//106
f 82//82 106//106 107//107
f 107//107 106//106 99//99
f 107//107 99//99 108//108
f 108//108 99//99 101//101
f 109//109 110//110 111//111
f 112//112 111//111 113//113
f 114//114 115//115 116//116
f 116//116 115//115 117//117
f 118//118 119//119 120//120
f 118//118 120//120 113//113
f 113//113 120//120 121//121
f 113//113 121//121 112//112
f 122//122 123//123 124//124
f 115//115 125//125 117//117
f 117//117 125//125 111//111
f 117//117 111//111 126//126
f 126//126 111//111 110//110
f 126//126 110//110 127//127
f 127//127 110//110 128//128
f 127//127 128//128 129//129
f 129//129 128//128 130//130
f 111//111 112//112 109//109
f 109//109 112//112 131//131
f 109//109 131//131 124//124
f 124//124 131//131 132//132
f 124//124 132//132 122//122
f 133//133 134//134 135//135
f 136//136 137//137 138//138
f 139//139 140//140 141//141
f 141//141 140//140 142//142
f 141//141 142//142 143//143
f 143//143 142//142 144//144
f 144//144 142//142 145//145
f 144//144 145//145 146//146
f 146//146 145//145 147//147
f 146//146 147//147 138//138
f 138//138 147//147 148//148
f 138//138 148//148 136//136
f 135//135 134//134 149//149
f 134//134 150//150 149//149
f 149//149 150//150 151//151
f 149//149 151//151 152//152
f 137//137 136//136 153//153
f 153//153 136//136 154//154
f 153//153 154//154 155//155
f 155//155 154//154 156//156
f 155//155 156//156 157//157
f 158//158 149//149 159//159
f 160//160 161//161 162//162
f 162//162 161//161 163//163
f 159//159 164//164 158//158
f 158//158 164//164 162//162
f 158//158 162//162 165//165
f 165//165 162//162 163//163
f 166//166 167//167 168//168
f 169//169 170//170 171//171
f 171//171 170//170 172//172
f 171//171 172//172 173//173
f 173//173 172//172 174//174
f 174//174 172//172 175//175
f 174//174 175//175 176//176
f 176//176 175//175 177//177
f 176//176 177//177 168//168
f 168//168 177//177 178//178
f 168//168 178//178 166//166
f 179//179 180//180 181//181
f 181//181 182//182 179//179
f 179//179 182//182 183//183
f 179//179 183//183 184//184
f 184//184 183//183 185//185
f 184//184 185//185 186//186
f 187//187 188//188 189//189
f 190//190 191//191 139//139
f 139//139 191//191 192//192
f 139//139 192//192 140//140
f 139//139 193//193 190//190
f 190//190 193//193 194//194
f 190//190 194//194 195//195
f 195//195 194//194 196//196
f 197//197 198//198 169//169
f 169//169 198//198 199//199
f 169//169 199//199 170//170
f 169//169 200//200 197//197
f 197//197 200//200 201//201
f 197//197 201//201 196//196
f 196//196 201//201 202//202
f 196//196 202//202 195//195
f 195//195 202//202 203//203
f 195//195 203//203 204//204
f 204//204 203//203 187//187
f 204//204 187//187 205//205
f 205//205 187//187 189//189
f 206//206 207//207 208//208
f 209//209 210//210 211//211
f 211//211 210//210 212//212
f 211//211 212//212 213//213
f 213//213 212//212 214//214
f 213//213 214//214 215//215
f 215//215 214//214 216//216
f 215//215 216//216 217//217
f 218//218 219//219 220//220
f 220//220 219//219 221//221
f 220//220 221//221 222//222
f 222//222 221//221 223//223
f 222//222 223//223 216//216
f 216//216 223//223 224//224
f 216//216 224//224 217//217
f 225//225 226//226 227//227
f 227//227 226//226 228//228
f 227//227 228//228 229//229
f 229//229 228//228 230//230
f 229//229 230//230 224//224
f 224//224 230//230 231//231
f 224//224 231//231 217//217
f 217//217 231//231 232//232
f 217//217 232//232 233//233
f 234//234 235//235 236//236
f 234//234 236//236 237//237
f 233//233 238//238 217//217
f 217//217 238//238 239//239
f 217//217 239//239 240//240
f 240//240 239//239 241//241
f 240//240 241//241 236//236
f 236//236 241//241 242//242
f 236//236 242//242 237//237
f 243//243 244//244 245//245
f 246//246 247//247 248//248
f 245//245 244//244 249//249
f 249//249 244//244 250//250
f 249//249 250//250 247//247
f 247//247 250//250 251//251
f 247//247 251//251 248//248
f 227//227 252//252 225//225
f 225//225 252//252 253//253
f 225//225 253//253 254//254
f 254//254 253//253 255//255
f 254//254 255//255 248//248
f 248//248 255//255 256//256
f 248//248 256//256 246//246
f 257//257 258//258 259//259
f 235//235 243//243 236//236
f 236//236 243//243 245//245
f 236//236 245//245 260//260
f 260//260 245//245 261//261
f 260//260 261//261 262//262
f 262//262 261//261 263//263
f 262//262 263//263 258//258
f 258//258 263//263 264//264
f 258//258 264//264 259//259
f 220//220 265//265 218//218
f 218//218 265//265 266//266
f 218//218 266//266 267//267
f 267//267 266//266 268//268
f 267//267 268//268 259//259
f 259//259 268//268 269//269
f 259//259 269//269 257//257
f 260//260 270//270 271//271
f 272//272 273//273 274//274
f 271//271 270//270 275//275
f 275//275 270//270 276//276
f 275//275 276//276 273//273
f 273//273 276//276 277//277
f 273//273 277//277 274//274
f 211//211 278//278 209//209
f 209//209 278//278 279//279
f 209//209 279//279 280//280
f 280//280 279//279 281//281
f 280//280 281//281 274//274
f 274//274 281//281 282//282
f 274//274 282//282 272//272
f 271//271 283//283 284//284
f 284//284 283//283 285//285
f 286//286 287//287 288//288
f 288//288 287//287 289//289
f 288//288 289//289 290//290
f 290//290 289//289 291//291
f 290//290 291//291 208//208
f 208//208 291//291 292//292
f 208//208 292//292 206//206
f 285//285 283//283 288//288
f 288//288 283//283 293//293
f 288//288 293//293 286//286
f 167//167 166//166 294//294
f 294//294 166//166 295//295
f 294//294 295//295 152//152
f 152//152 295//295 157//157
f 152//152 157//157 149//149
f 149//149 157//157 156//156
f 149//149 156//156 159//159
f 159//159 156//156 296//296
f 159//159 296//296 297//297
f 297//297 296//296 298//298
f 297//297 298//298 299//299
f 299//299 298//298 300//300
f 299//299 300//300 301//301
f 188//188 302//302 189//189
f 189//189 302//302 303//303
f 189//189 303//303 304//304
f 304//304 303//303 305//305
f 304//304 305//305 306//306
f 306//306 305//305 307//307
f 307//307 305//305 308//308
f 307//307 308//308 309//309
f 309//309 308//308 310//310
f 309//309 310//310 301//301
f 301//301 310//310 311//311
f 301//301 311//311 299//299
f 160//160 312//312 161//161
f 161//161 312//312 313//313
f 161//161 313//313 314//314
f 314//314 313//313 315//315
f 314//314 315//315 185//185
f 185//185 315//315 316//316
f 185//185 316//316 186//186
f 201//201 317//317 202//202
f 202//202 317//317 318//318
f 202//202 318//318 319//319
f 319//319 318//318 320//320
f 319//319 320//320 321//321
f 321//321 322//322 319//319
f 319//319 322//322 323//323
f 319//319 323//323 324//324
f 324//324 323//323 325//325
f 324//324 325//325 135//135
f 135//135 325//325 326//326
f 135//135 326//326 133//133
f 327//327 328//328 329//329
f 260//260 271//271 236//236
f 236//236 271//271 284//284
f 236//236 284//284 329//329
f 329//329 284//284 330//330
f 329//329 330//330 327//327
f 331//331 332//332 333//333
f 333//333 332//332 329//329
f 333//333 329//329 334//334
f 334//334 329//329 328//328
f 331//331 335//335 332//332
f 332//332 335//335 336//336
f 332//332 336//336 337//337
f 338//338 339//339 340//340
f 336//336 341//341 337//337
f 337//337 341//341 342//342
f 337//337 342//342 343//343
f 343//343 342//342 344//344
f 343//343 344//344 340//340
f 340//340 344//344 345//345
f 340//340 345//345 338//338
f 346//346 347//347 348//348
f 348//348 347//347 340//340
f 348//348 340//340 349//349
f 349//349 340//340 339//339
f 180//180 203//203 181//181
f 181//181 203//203 202//202
f 181//181 202//202 350//350
f 350//350 202//202 347//347
f 350//350 347//347 351//351
f 351//351 347//347 346//346
f 352//352 353//353 354//354
f 354//354 353//353 149//149
f 354//354 149//149 355//355
f 355//355 149//149 158//158
f 356//356 357//357 358//358
f 358//358 357//357 353//353
f 358//358 353//353 359//359
f 359//359 353//353 352//352
f 356//356 360//360 357//357
f 357//357 360//360 361//361
f 357//357 361//361 362//362
f 363//363 364//364 365//365
f 361//361 366//366 362//362
f 362//362 366//366 367//367
f 362//362 367//367 368//368
f 368//368 367//367 369//369
f 368//368 369//369 365//365
f 365//365 369//369 370//370
f 365//365 370//370 363//363
f 371//371 372//372 373//373
f 373//373 372//372 365//365
f 373//373 365//365 374//374
f 374//374 365//365 364//364
f 207//207 215//215 208//208
f 208//208 215//215 217//217
f 208//208 217//217 375//375
f 375//375 217//217 372//372
f 375//375 372//372 376//376
f 376//376 372//372 371//371
f 377//377 378//378 379//379
f 377//377 379//379 380//380
f 381//381 382//382 379//379
f 379//379 382//382 383//383
f 379//379 383//383 380//380
f 384//384 385//385 379//379
f 379//379 385//385 386//386
f 379//379 386//386 381//381
f 387//387 388//388 379//379
f 379//379 388//388 389//389
f 379//379 389//389 384//384
f 390//390 391//391 379//379
f 379//379 391//391 392//392
f 379//379 392//392 387//387
f 393//393 394//394 379//379
f 379//379 394//394 395//395
f 379//379 395//395 390//390
f 378//378 396//396 379//379
f 379//379 396//396 397//397
f 379//379 397//397 393//393
f 398//398 399//399 400//400
f 401//401 402//402 403//403
f 404//404 405//405 406//406
f 406//406 405//405 407//407
f 406//406 407//407 408//408
f 408//408 407//407 409//409
f 409//409 407//407 410//410
f 409//409 410//410 411//411
f 411//411 410//410 412//412
f 411//411 412//412 403//403
f 403//403 412//412 413//413
f 403//403 413//413 401//401
f 400//400 399//399 414//414
f 399//399 415//415 414//414
f 414//414 415//415 416//416
f 414//414 416//416 417//417
f 402//402 401//401 418//418
f 418//418 401//401 419//419
f 418//418 419//419 420//420
f 420//420 419//419 421//421
f 420//420 421//421 422//422
f 423//423 414//414 424//424
f 425//425 426//426 427//427
f 427//427 426//426 428//428
f 424//424 429//429 423//423
f 423//423 429//429 427//427
f 423//423 427//427 430//430
f 430//430 427//427 428//428
f 431//431 432//432 433//433
f 434//434 435//435 436//436
f 436//436 435//435 437//437
f 436//436 437//437 438//438
f 438//438 437//437 439//439
f 439//439 437//437 440//440
f 439//439 440//440 441//441
f 441//441 440//440 442//442
f 441//441 442//442 433//433
f 433//433 442//442 443//443
f 433//433 443//443 431//431
f 444//444 445//445 446//446
f 446//446 447//447 444//444
f 444//444 447//447 448//448
f 444//444 448//448 449//449
f 449//449 448//448 450//450
f 449//449 450//450 451//451
f 452//452 453//453 454//454
f 455//455 456//456 404//404
f 404//404 456//456 457//457
f 404//404 457//457 405//405
f 404//404 458//458 455//455
f 455//455 458//458 459//459
f 455//455 459//459 460//460
f 460//460 459//459 461//461
f 462//462 463//463 434//434
f 434//434 463//463 464//464
f 434//434 464//464 435//435
f 434//434 465//465 462//462
f 462//462 465//465 466//466
f 462//462 466//466 461//461
f 461//461 466//466 467//467
f 461//461 467//467 460//460
f 460//460 467//467 468//468
f 460//460 468//468 469//469
f 469//469 468//468 452//452
f 469//469 452//452 470//470
f 470//470 452//452 454//454
f 471//471 472//472 473//473
f 474//474 475//475 476//476
f 476//476 475//475 477//477
f 476//476 477//477 478//478
f 478//478 477//477 479//479
f 478//478 479//479 480//480
f 480//480 479//479 481//481
f 480//480 481//481 482//482
f 483//483 484//484 485//485
f 485//485 484//484 486//486
f 485//485 486//486 487//487
f 487//487 486//486 488//488
f 487//487 488//488 481//481
f 481//481 488//488 489//489
f 481//481 489//489 482//482
f 490//490 491//491 492//492
f 492//492 491//491 493//493
f 492//492 493//493 494//494
f 494//494 493//493 495//495
f 494//494 495//495 489//489
f 489//489 495//495 496//496
f 489//489 496//496 482//482
f 482//482 496//496 497//497
f 482//482 497//497 498//498
f 499//499 500//500 501//501
f 499//499 501//501 502//502
f 498//498 503//503 482//482
f 482//482 503//503 504//504
f 482//482 504//504 505//505
f 505//505 504//504 506//506
f 505//505 506//506 501//501
f 501//501 506//506 507//507
f 501//501 507//507 502//502
f 508//508 509//509 510//510
f 511//511 512//512 513//513
f 510//510 509//509 514//514
f 514//514 509//509 515//515
f 514//514 515//515 512//512
f 512//512 515//515 516//516
f 512//512 516//516 513//513
f 492//492 517//517 490//490
f 490//490 517//517 518//518
f 490//490 518//518 519//519
f 519//519 518//518 520//520
f 519//519 520//520 513//513
f 513//513 520//520 521//521
f 513//513 521//521 511//511
f 522//522 523//523 524//524
f 500//500 508//508 501//501
f 501//501 508//508 510//510
f 501//501 510//510 525//525
f 525//525 510//510 526//526
f 525//525 526//526 527//527
f 527//527 526//526 528//528
f 527//527 528//528 523//523
f 523//523 528//528 529//529
f 523//523 529//529 524//524
f 485//485 530//530 483//483
f 483//483 530//530 531//531
f 483//483 531//531 532//532
f 532//532 531//531 533//533
f 532//532 533//533 524//524
f 524//524 533//533 534//534
f 524//524 534//534 522//522
f 525//525 535//535 536//536
f 537//537 538//538 539//539
f 536//536 535//535 540//540
f 540//540 535//535 541//541
f 540//540 541//541 538//538
f 538//538 541//541 542//542
f 538//538 542//542 539//539
f 476//476 543//543 474//474
f 474//474 543//543 544//544
f 474//474 544//544 545//545
f 545//545 544//544 546//546
f 545//545 546//546 539//539
f 539//539 546//546 547//547
f 539//539 547//547 537//537
f 536//536 548//548 549//549
f 549//549 548//548 550//550
f 551//551 552//552 553//553
f 553//553 552//552 554//554
f 553//553 554//554 555//555
f 555//555 554//554 556//556
f 555//555 556//556 473//473
f 473//473 556//556 557//557
f 473//473 557//557 471//471
f 550//550 548//548 553//553
f 553//553 548//548 558//558
f 553//553 558//558 551//551
f 432//432 431//431 559//559
f 559//559 431//431 560//560
f 559//559 560//560 417//417
f 417//417 560//560 422//422
f 417//417 422//422 414//414
f 414//414 422//422 421//421
f 414//414 421//421 424//424
f 424//424 421//421 561//561
f 424//424 561//561 562//562
f 562//562 561//561 563//563
f 562//562 563//563 564//564
f 564//564 563//563 565//565
f 564//564 565//565 566//566
f 453//453 567//567 454//454
f 454//454 567//567 568//568
f 454//454 568//568 569//569
f 569//569 568//568 570//570
f 569//569 570//570 571//571
f 571//571 570//570 572//572
f 572//572 570//570 573//573
f 572//572 573//573 574//574
f 574//574 573//573 575//575
f 574//574 575//575 566//566
f 566//566 575//575 576//576
f 566//566 576//576 564//564
f 425//425 577//577 426//426
f 426//426 577//577 578//578
f 426//426 578//578 579//579
f 579//579 578//578 580//580
f 579//579 580//580 450//450
f 450//450 580//580 581//581
f 450//450 581//581 451//451
f 466//466 582//582 467//467
f 467//467 582//582 583//583
f 467//467 583//583 584//584
f 584//584 583//583 585//585
f 584//584 585//585 586//586
f 586//586 587//587 584//584
f 584//584 587//587 588//588
f 584//584 588//588 589//589
f 589//589 588//588 590//590
f 589//589 590//590 400//400
f 400//400 590//590 591//591
f 400//400 591//591 398//398
f 592//592 593//593 594//594
f 525//525 536//536 501//501
f 501//501 536//536 549//549
f 501//501 549//549 594//594
f 594//594 549//549 595//595
f 594//594 595//595 592//592
f 596//596 597//597 598//598
f 598//598 597//597 594//594
f 598//598 594//594 599//599
f 599//599 594//594 593//593
f 596//596 600//600 597//597
f 597//597 600//600 601//601
f 597//597 601//601 602//602
f 603//603 604//604 605//605
f 601//601 606//606 602//602
f 602//602 606//606 607//607
f 602//602 607//607 608//608
f 608//608 607//607 609//609
f 608//608 609//609 605//605
f 605//605 609//609 610//610
f 605//605 610//610 603//603
f 611//611 612//612 613//613
f 613//613 612//612 605//605
f 613//613 605//605 614//614
f 614//614 605//605 604//604
f 445//445 468//468 446//446
f 446//446 468//468 467//467
f 446//446 467//467 615//615
f 615//615 467//467 612//612
f 615//615 612//612 616//616
f 616//616 612//612 611//611
f 617//617 618//618 619//619
f 619//619 618//618 414//414
f 619//619 414//414 620//620
f 620//620 414//414 423//423
f 621//621 622//622 623//623
f 623//623 622//622 618//618
f 623//623 618//618 624//624
f 624//624 618//618 617//617
f 621//621 625//625 622//622
f 622//622 625//625 626//626
f 622//622 626//626 627//627
f 628//628 629//629 630//630
f 626//626 631//631 627//627
f 627//627 631//631 632//632
f 627//627 632//632 633//633
f 633//633 632//632 634//634
f 633//633 634//634 630//630
f 630//630 634//634 635//635
f 630//630 635//635 628//628
f 636//636 637//637 638//638
f 638//638 637//637 630//630
f 638//638 630//630 639//639
f 639//639 630//630 629//629
f 472//472 480//480 473//473
f 473//473 480//480 482//482
f 473//473 482//482 640//640
f 640//640 482//482 637//637
f 640//640 637//637 641//641
f 641//641 637//637 636//636
f 642//642 643//643 644//644
f 642//642 644//644 645//645
f 646//646 647//647 644//644
f 644//644 647//647 648//648
f 644//644 648//648 645//645
f 649//649 650//650 644//644
f 644//644 650//650 651//651
f 644//644 651//651 646//646
f 652//652 653//653 644//644
f 644//644 653//653 654//654
f 644//644 654//654 649//649
f 655//655 656//656 644//644
f 644//644 656//656 657//657
f 644//644 657//657 652//652
f 658//658 659//659 644//644
f 644//644 659//659 660//660
f 644//644 660//660 655//655
f 643//643 661//661 644//644
f 644//644 661//661 662//662
f 644//644 662//662 658//658
f 514//514 462//462 461//461
f 514//514 461//461 510//510
f 510//510 461//461 459//459
f 510//510 459//459 526//526
f 526//526 459//459 458//458
f 526//526 458//458 528//528
f 528//528 458//458 404//404
f 528//528 404//404 529//529
f 404//404 406//406 529//529
f 529//529 406//406 408//408
f 529//529 408//408 524//524
f 524//524 408//408 409//409
f 524//524 409//409 532//532
f 532//532 409//409 411//411
f 532//532 411//411 483//483
f 483//483 411//411 403//403
f 483//483 403//403 484//484
f 484//484 403//403 402//402
f 484//484 402//402 486//486
f 402//402 418//418 486//486
f 486//486 418//418 420//420
f 486//486 420//420 488//488
f 488//488 420//420 422//422
f 488//488 422//422 489//489
f 489//489 422//422 560//560
f 489//489 560//560 494//494
f 494//494 560//560 431//431
f 494//494 431//431 492//492
f 440//440 517//517 442//442
f 442//442 517//517 492//492
f 442//442 492//492 443//443
f 443//443 492//492 431//431
f 462//462 514//514 463//463
f 463//463 514//514 512//512
f 463//463 512//512 464//464
f 464//464 512//512 511//511
f 464//464 511//511 435//435
f 435//435 511//511 521//521
f 435//435 521//521 437//437
f 437//437 521//521 520//520
f 437//437 520//520 440//440
f 440//440 520//520 518//518
f 440//440 518//518 517//517
f 527//527 455//455 460//460
f 527//527 460//460 525//525
f 525//525 460//460 469//469
f 525//525 469//469 535//535
f 535//535 469//469 470//470
f 535//535 470//470 541//541
f 541//541 470//470 454//454
f 541//541 454//454 542//542
f 454//454 569//569 542//542
f 542//542 569//569 571//571
f 542//542 571//571 539//539
f 539//539 571//571 572//572
f 539//539 572//572 545//545
f 545//545 572//572 574//574
f 545//545 574//574 474//474
f 474//474 574//574 566//566
f 474//474 566//566 475//475
f 475//475 566//566 565//565
f 475//475 565//565 477//477
f 565//565 563//563 477//477
f 477//477 563//563 561//561
f 477//477 561//561 479//479
f 479//479 561//561 421//421
f 479//479 421//421 481//481
f 481//481 421//421 419//419
f 481//481 419//419 487//487
f 487//487 419//419 401//401
f 487//487 401//401 485//485
f 410//410 530//530 412//412
f 412//412 530//530 485//485
f 412//412 485//485 413//413
f 413//413 485//485 401//401
f 455//455 527//527 456//456
f 456//456 527//527 523//523
f 456//456 523//523 457//457
f 457//457 523//523 522//522
f 457//457 522//522 405//405
f 405//405 522//522 534//534
f 405//405 534//534 407//407
f 407//407 534//534 533//533
f 407//407 533//533 410//410
f 410//410 533//533 531//531
f 410//410 531//531 530//530
f 540//540 452//452 468//468
f 540//540 468//468 536//536
f 536//536 468//468 445//445
f 536//536 445//445 548//548
f 548//548 445//445 444//444
f 548//548 444//444 558//558
f 558//558 444//444 449//449
f 558//558 449//449 551//551
f 449//449 451//451 551//551
f 551//551 451//451 581//581
f 551//551 581//581 552//552
f 552//552 581//581 580//580
f 552//552 580//580 554//554
f 554//554 580//580 578//578
f 554//554 578//578 556//556
f 556//556 578//578 577//577
f 556//556 577//577 557//557
f 557//557 577//577 425//425
f 557//557 425//425 471//471
f 425//425 427//427 471//471
f 471//471 427//427 429//429
f 471//471 429//429 472//472
f 472//472 429//429 424//424
f 472//472 424//424 480//480
f 480//480 424//424 562//562
f 480//480 562//562 478//478
f 478//478 562//562 564//564
f 478//478 564//564 476//476
f 573//573 543//543 575//575
f 575//575 543//543 476//476
f 575//575 476//476 576//576
f 576//576 476//476 564//564
f 452//452 540//540 453//453
f 453//453 540//540 538//538
f 453//453 538//538 567//567
f 567//567 538//538 537//537
f 567//567 537//537 568//568
f 568//568 537//537 547//547
f 568//568 547//547 570//570
f 570//570 547//547 546//546
f 570//570 546//546 573//573
f 573//573 546//546 544//544
f 573//573 544//544 543//543
f 500//500 583//583 582//582
f 500//500 582//582 508//508
f 508//508 582//582 466//466
f 508//508 466//466 509//509
f 509//509 466//466 465//465
f 509//509 465//465 515//515
f 515//515 465//465 434//434
f 515//515 434//434 516//516
f 434//434 436//436 516//516
f 516//516 436//436 438//438
f 516//516 438//438 513//513
f 513//513 438//438 439//439
f 513//513 439//439 519//519
f 519//519 439//439 441//441
f 519//519 441//441 490//490
f 490//490 441//441 433//433
f 490//490 433//433 491//491
f 491//491 433//433 432//432
f 491//491 432//432 493//493
f 432//432 559//559 493//493
f 493//493 559//559 417//417
f 493//493 417//417 495//495
f 495//495 417//417 416//416
f 495//495 416//416 496//496
f 496//496 416//416 415//415
f 496//496 415//415 497//497
f 497//497 415//415 399//399
f 497//497 399//399 498//498
f 590//590 503//503 591//591
f 591//591 503//503 498//498
f 591//591 498//498 398//398
f 398//398 498//498 399//399
f 583//583 500//500 585//585
f 585//585 500//500 499//499
f 585//585 499//499 586//586
f 586//586 499//499 502//502
f 586//586 502//502 587//587
f 587//587 502//502 507//507
f 587//587 507//507 588//588
f 588//588 507//507 506//506
f 588//588 506//506 590//590
f 590//590 506//506 504//504
f 590//590 504//504 503//503
f 249//249 197//197 196//196
f 249//249 196//196 245//245
f 245//245 196//196 194//194
f 245//245 194//194 261//261
f 261//261 194//194 193//193
f 261//261 193//193 263//263
f 263//263 193//193 139//139
f 263//263 139//139 264//264
f 139//139 141//141 264//264
f 264//264 141//141 143//143
f 264//264 143//143 259//259
f 259//259 143//143 144//144
f 259//259 144//144 267//267
f 267//267 144//144 146//146
f 267//267 146//146 218//218
f 218//218 146//146 138//138
f 218//218 138//138 219//219
f 219//219 138//138 137//137
f 219//219 137//137 221//221
f 137//137 153//153 221//221
f 221//221 153//153 155//155
f 221//221 155//155 223//223
f 223//223 155//155 157//157
f 223//223 157//157 224//224
f 224//224 157//157 295//295
f 224//224 295//295 229//229
f 229//229 295//295 166//166
f 229//229 166//166 227//227
f 175//175 252//252 177//177
f 177//177 252//252 227//227
f 177//177 227//227 178//178
f 178//178 227//227 166//166
f 197//197 249//249 198//198
f 198//198 249//249 247//247
f 198//198 247//247 199//199
f 199//199 247//247 246//246
f 199//199 246//246 170//170
f 170//170 246//246 256//256
f 170//170 256//256 172//172
f 172//172 256//256 255//255
f 172//172 255//255 175//175
f 175//175 255//255 253//253
f 175//175 253//253 252//252
f 262//262 190//190 195//195
f 262//262 195//195 260//260
f 260//260 195//195 204//204
f 260//260 204//204 270//270
f 270//270 204//204 205//205
f 270//270 205//205 276//276
f 276//276 205//205 189//189
f 276//276 189//189 277//277
f 189//189 304//304 277//277
f 277//277 304//304 306//306
f 277//277 306//306 274//274
f 274//274 306//306 307//307
f 274//274 307//307 280//280
f 280//280 307//307 309//309
f 280//280 309//309 209//209
f 209//209 309//309 301//301
f 209//209 301//301 210//210
f 210//210 301//301 300//300
f 210//210 300//300 212//212
f 300//300 298//298 212//212
f 212//212 298//298 296//296
f 212//212 296//296 214//214
f 214//214 296//296 156//156
f 214//214 156//156 216//216
f 216//216 156//156 154//154
f 216//216 154//154 222//222
f 222//222 154//154 136//136
f 222//222 136//136 220//220
f 145//145 265//265 147//147
f 147//147 265//265 220//220
f 147//147 220//220 148//148
f 148//148 220//220 136//136
f 190//190 262//262 191//191
f 191//191 262//262 258//258
f 191//191 258//258 192//192
f 192//192 258//258 257//257
f 192//192 257//257 140//140
f 140//140 257//257 269//269
f 140//140 269//269 142//142
f 142//142 269//269 268//268
f 142//142 268//268 145//145
f 145//145 268//268 266//266
f 145//145 266//266 265//265
f 275//275 187//187 203//203
f 275//275 203//203 271//271
f 271//271 203//203 180//180
f 271//271 180//180 283//283
f 283//283 180//180 179//179
f 283//283 179//179 293//293
f 293//293 179//179 184//184
f 293//293 184//184 286//286
f 184//184 186//186 286//286
f 286//286 186//186 316//316
f 286//286 316//316 287//287
f 287//287 316//316 315//315
f 287//287 315//315 289//289
f 289//289 315//315 313//313
f 289//289 313//313 291//291
f 291//291 313//313 312//312
f 291//291 312//312 292//292
f 292//292 312//312 160//160
f 292//292 160//160 206//206
f 160//160 162//162 206//206
f 206//206 162//162 164//164
f 206//206 164//164 207//207
f 207//207 164//164 159//159
f 207//207 159//159 215//215
f 215//215 159//159 297//297
f 215//215 297//297 213//213
f 213//213 297//297 299//299
f 213//213 299//299 211//211
f 308//308 278//278 310//310
f 310//310 278//278 211//211
f 310//310 211//211 311//311
f 311//311 211//211 299//299
f 187//187 275//275 188//188
f 188//188 275//275 273//273
f 188//188 273//273 302//302
f 302//302 273//273 272//272
f 302//302 272//272 303//303
f 303//303 272//272 282//282
f 303//303 282//282 305//305
f 305//305 282//282 281//281
f 305//305 281//281 308//308
f 308//308 281//281 279//279
f 308//308 279//279 278//278
f 235//235 318//318 317//317
f 235//235 317//317 243//243
f 243//243 317//317 201//201
f 243//243 201//201 244//244
f 244//244 201//201 200//200
f 244//244 200//200 250//250
f 250//250 200//200 169//169
f 250//250 169//169 251//251
f 169//169 171//171 251//251
f 251//251 171//171 173//173
f 251//251 173//173 248//248
f 248//248 173//173 174//174
f 248//248 174//174 254//254
f 254//254 174//174 176//176
f 254//254 176//176 225//225
f 225//225 176//176 168//168
f 225//225 168//168 226//226
f 226//226 168//168 167//167
f 226//226 167//167 228//228
f 167//167 294//294 228//228
f 228//228 294//294 152//152
f 228//228 152//152 230//230
f 230//230 152//152 151//151
f 230//230 151//151 231//231
f 231//231 151//151 150//150
f 231//231 150//150 232//232
f 232//232 150//150 134//134
f 232//232 134//134 233//233
f 325//325 238//238 326//326
f 326//326 238//238 233//233
f 326//326 233//233 133//133
f 133//133 233//233 134//134
f 318//318 235//235 320//320
f 320//320 235//235 234//234
f 320//320 234//234 321//321
f 321//321 234//234 237//237
f 321//321 237//237 322//322
f 322//322 237//237 242//242
f 322//322 242//242 323//323
f 323//323 242//242 241//241
f 323//323 241//241 325//325
f 325//325 241//241 239//239
f 325//325 239//239 238//238
f 11//11 12//12 663//663
f 11//11 663//663 664//664
f 664//664 663//663 665//665
f 664//664 665//665 666//666
f 666//666 665//665 667//667
f 666//666 667//667 668//668
f 668//668 667//667 669//669
f 668//668 669//669 670//670
f 670//670 669//669 14//14
f 670//670 14//14 13//13
f 15//15 16//16 671//671
f 15//15 671//671 672//672
f 672//672 671//671 673//673
f 672//672 673//673 674//674
f 674//674 673//673 675//675
f 674//674 675//675 676//676
f 676//676 675//675 677//677
f 676//676 677//677 678//678
f 678//678 677//677 2//2
f 678//678 2//2 1//1
f 7//7 8//8 679//679
f 7//7 679//679 680//680
f 680//680 679//679 681//681
f 680//680 681//681 682//682
f 682//682 681//681 683//683
f 682//682 683//683 684//684
f 684//684 683//683 685//685
f 684//684 685//685 686//686
f 686//686 685//685 10//10
f 686//686 10//10 9//9
f 3//3 4//4 687//687
f 3//3 687//687 688//688
f 688//688 687//687 689//689
f 688//688 689//689 690//690
f 690//690 689//689 691//691
f 690//690 691//691 692//692
f 692//692 691//691 693//693
f 692//692 693//693 694//694
f 694//694 693//693 6//6
f 694//694 6//6 5//5
f 378//378 377//377 324//324
f 324//324 377//377 319//319
f 377//377 380//380 319//319
f 319//319 380//380 383//383
f 319//319 383//383 202//202
f 202//202 383//383 382//382
f 202//202 382//382 347//347
f 347//347 382//382 381//381
f 347//347 381//381 340//340
f 340//340 381//381 386//386
f 340//340 386//386 343//343
f 343//343 386//386 385//385
f 343//343 385//385 337//337
f 337//337 385//385 384//384
f 337//337 384//384 332//332
f 332//332 384//384 389//389
f 332//332 389//389 329//329
f 329//329 389//389 388//388
f 329//329 388//388 236//236
f 236//236 388//388 387//387
f 236//236 387//387 240//240
f 240//240 387//387 392//392
f 240//240 392//392 217//217
f 217//217 392//392 391//391
f 217//217 391//391 372//372
f 372//372 391//391 390//390
f 372//372 390//390 365//365
f 365//365 390//390 395//395
f 365//365 395//395 368//368
f 368//368 395//395 394//394
f 368//368 394//394 362//362
f 362//362 394//394 393//393
f 362//362 393//393 357//357
f 357//357 393//393 397//397
f 357//357 397//397 353//353
f 353//353 397//397 396//396
f 353//353 396//396 149//149
f 149//149 396//396 378//378
f 149//149 378//378 135//135
f 135//135 378//378 324//324
f 643//643 642//642 589//589
f 589//589 642//642 584//584
f 642//642 645//645 584//584
f 584//584 645//645 648//648
f 584//584 648//648 467//467
f 467//467 648//648 647//647
f 467//467 647//647 612//612
f 612//612 647//647 646//646
f 612//612 646//646 605//605
f 605//605 646//646 651//651
f 605//605 651//651 608//608
f 608//608 651//651 650//650
f 608//608 650//650 602//602
f 602//602 650//650 649//649
f 602//602 649//649 597//597
f 597//597 649//649 654//654
f 597//597 654//654 594//594
f 594//594 654//654 653//653
f 594//594 653//653 501//501
f 501//501 653//653 652//652
f 501//501 652//652 505//505
f 505//505 652//652 657//657
f 505//505 657//657 482//482
f 482//482 657//657 656//656
f 482//482 656//656 637//637
f 637//637 656//656 655//655
f 637//637 655//655 630//630
f 630//630 655//655 660//660
f 630//630 660//660 633//633
f 633//633 660//660 659//659
f 633//633 659//659 627//627
f 627//627 659//659 658//658
f 627//627 658//658 622//622
f 622//622 658//658 662//662
f 622//622 662//662 618//618
f 618//618 662//662 661//661
f 618//618 661//661 414//414
f 414//414 661//661 643//643
f 414//414 643//643 400//400
f 400//400 643//643 589//589
f 695//695 58//58 696//696
f 696//696 58//58 66//66
f 58//58 697//697 680//680
f 58//58 680//680 59//59
f 59//59 680//680 682//682
f 59//59 682//682 61//61
f 61//61 682//682 684//684
f 61//61 684//684 65//65
f 65//65 684//684 686//686
f 65//65 686//686 64//64
f 64//64 686//686 9//9
f 64//64 9//9 22//22
f 70//70 698//698 688//688
f 70//70 688//688 91//91
f 91//91 688//688 690//690
f 91//91 690//690 77//77
f 77//77 690//690 692//692
f 77//77 692//692 78//78
f 78//78 692//692 694//694
f 78//78 694//694 86//86
f 86//86 694//694 5//5
f 86//86 5//5 66//66
f 11//11 19//19 9//9
f 9//9 19//19 22//22
f 82//82 699//699 70//70
f 70//70 699//699 700//700
f 19//19 11//11 664//664
f 19//19 664//664 50//50
f 50//50 664//664 666//666
f 50//50 666//666 44//44
f 44//44 666//666 668//668
f 44//44 668//668 45//45
f 45//45 668//668 670//670
f 45//45 670//670 52//52
f 52//52 670//670 13//13
f 52//52 13//13 47//47
f 55//55 15//15 672//672
f 55//55 672//672 100//100
f 100//100 672//672 674//674
f 100//100 674//674 101//101
f 101//101 674//674 676//676
f 101//101 676//676 108//108
f 108//108 676//676 678//678
f 108//108 678//678 107//107
f 107//107 678//678 1//1
f 107//107 1//1 82//82
f 15//15 55//55 13//13
f 13//13 55//55 47//47
f 701//701 8//8 702//702
f 702//702 8//8 6//6
f 117//117 10//10 685//685
f 117//117 685//685 116//116
f 116//116 685//685 683//683
f 116//116 683//683 114//114
f 114//114 683//683 681//681
f 114//114 681//681 115//115
f 115//115 681//681 679//679
f 115//115 679//679 125//125
f 125//125 679//679 8//8
f 125//125 8//8 111//111
f 113//113 703//703 693//693
f 113//113 693//693 118//118
f 118//118 693//693 691//691
f 118//118 691//691 119//119
f 119//119 691//691 689//689
f 119//119 689//689 120//120
f 120//120 689//689 687//687
f 120//120 687//687 121//121
f 121//121 687//687 4//4
f 121//121 4//4 112//112
f 704//704 12//12 705//705
f 705//705 12//12 10//10
f 2//2 706//706 4//4
f 4//4 706//706 707//707
f 708//708 14//14 669//669
f 708//708 669//669 709//709
f 709//709 669//669 667//667
f 709//709 667//667 710//710
f 710//710 667//667 665//665
f 710//710 665//665 711//711
f 711//711 665//665 663//663
f 711//711 663//663 712//712
f 712//712 663//663 12//12
f 712//712 12//12 713//713
f 131//131 714//714 677//677
f 131//131 677//677 132//132
f 132//132 677//677 675//675
f 132//132 675//675 122//122
f 122//122 675//675 673//673
f 122//122 673//673 123//123
f 123//123 673//673 671//671
f 123//123 671//671 124//124
f 124//124 671//671 16//16
f 124//124 16//16 109//109
f 715//715 16//16 716//716
f 716//716 16//16 14//14
f 426//426 579//579 717//717
f 609//609 607//607 718//718
f 719//719 720//720 721//721
f 96//96 95//95 722//722
f 38//38 37//37 723//723
f 95//95 38//38 724//724
f 53//53 720//720 54//54
f 54//54 720//720 719//719
f 54//54 719//719 56//56
f 725//725 721//721 726//726
f 726//726 721//721 720//720
f 726//726 720//720 727//727
f 727//727 720//720 53//53
f 727//727 53//53 98//98
f 728//728 725//725 729//729
f 729//729 725//725 726//726
f 729//729 726//726 730//730
f 730//730 726//726 727//727
f 730//730 727//727 731//731
f 731//731 727//727 98//98
f 731//731 98//98 97//97
f 732//732 733//733 734//734
f 735//735 728//728 736//736
f 736//736 728//728 729//729
f 736//736 729//729 737//737
f 737//737 729//729 730//730
f 737//737 730//730 738//738
f 738//738 730//730 731//731
f 738//738 731//731 739//739
f 739//739 731//731 97//97
f 739//739 97//97 96//96
f 740//740 733//733 741//741
f 741//741 733//733 732//732
f 741//741 732//732 742//742
f 606//606 601//601 743//743
f 743//743 601//601 742//742
f 743//743 742//742 744//744
f 744//744 742//742 732//732
f 744//744 732//732 745//745
f 745//745 732//732 734//734
f 745//745 734//734 746//746
f 30//30 32//32 747//747
f 747//747 32//32 748//748
f 747//747 748//748 749//749
f 749//749 748//748 750//750
f 749//749 750//750 751//751
f 751//751 750//750 752//752
f 751//751 752//752 753//753
f 753//753 752//752 754//754
f 753//753 754//754 755//755
f 755//755 754//754 756//756
f 32//32 33//33 748//748
f 748//748 33//33 757//757
f 748//748 757//757 750//750
f 750//750 757//757 758//758
f 750//750 758//758 752//752
f 752//752 758//758 759//759
f 752//752 759//759 754//754
f 754//754 759//759 760//760
f 754//754 760//760 756//756
f 756//756 760//760 761//761
f 33//33 27//27 757//757
f 757//757 27//27 762//762
f 757//757 762//762 758//758
f 758//758 762//762 763//763
f 758//758 763//763 759//759
f 759//759 763//763 764//764
f 759//759 764//764 760//760
f 760//760 764//764 765//765
f 760//760 765//765 761//761
f 761//761 765//765 766//766
f 761//761 766//766 613//613
f 613//613 766//766 611//611
f 42//42 84//84 767//767
f 767//767 84//84 768//768
f 767//767 768//768 769//769
f 769//769 768//768 770//770
f 769//769 770//770 771//771
f 771//771 770//770 772//772
f 771//771 772//772 773//773
f 773//773 772//772 774//774
f 773//773 774//774 775//775
f 775//775 774//774 776//776
f 84//84 83//83 768//768
f 768//768 83//83 777//777
f 768//768 777//777 770//770
f 770//770 777//777 778//778
f 770//770 778//778 772//772
f 772//772 778//778 779//779
f 772//772 779//779 774//774
f 774//774 779//779 780//780
f 774//774 780//780 776//776
f 776//776 780//780 781//781
f 83//83 60//60 777//777
f 777//777 60//60 782//782
f 777//777 782//782 778//778
f 778//778 782//782 783//783
f 778//778 783//783 779//779
f 779//779 783//783 784//784
f 779//779 784//784 780//780
f 780//780 784//784 785//785
f 780//780 785//785 781//781
f 781//781 785//785 786//786
f 781//781 786//786 448//448
f 448//448 786//786 450//450
f 62//62 36//36 787//787
f 787//787 36//36 788//788
f 787//787 788//788 789//789
f 789//789 788//788 790//790
f 789//789 790//790 791//791
f 791//791 790//790 792//792
f 791//791 792//792 793//793
f 793//793 792//792 794//794
f 793//793 794//794 795//795
f 795//795 794//794 796//796
f 36//36 35//35 788//788
f 788//788 35//35 797//797
f 788//788 797//797 790//790
f 790//790 797//797 798//798
f 790//790 798//798 792//792
f 792//792 798//798 799//799
f 792//792 799//799 794//794
f 794//794 799//799 800//800
f 794//794 800//800 796//796
f 796//796 800//800 801//801
f 35//35 34//34 797//797
f 797//797 34//34 802//802
f 797//797 802//802 798//798
f 798//798 802//802 803//803
f 798//798 803//803 799//799
f 799//799 803//803 804//804
f 799//799 804//804 800//800
f 800//800 804//804 805//805
f 800//800 805//805 801//801
f 801//801 805//805 806//806
f 801//801 806//806 619//619
f 619//619 806//806 617//617
f 21//21 23//23 807//807
f 807//807 23//23 808//808
f 807//807 808//808 809//809
f 809//809 808//808 810//810
f 809//809 810//810 811//811
f 811//811 810//810 812//812
f 811//811 812//812 813//813
f 813//813 812//812 814//814
f 813//813 814//814 815//815
f 815//815 814//814 816//816
f 23//23 24//24 808//808
f 808//808 24//24 817//817
f 808//808 817//817 810//810
f 810//810 817//817 818//818
f 810//810 818//818 812//812
f 812//812 818//818 819//819
f 812//812 819//819 814//814
f 814//814 819//819 820//820
f 814//814 820//820 816//816
f 816//816 820//820 821//821
f 24//24 20//20 817//817
f 817//817 20//20 822//822
f 817//817 822//822 818//818
f 818//818 822//822 823//823
f 818//818 823//823 819//819
f 819//819 823//823 824//824
f 819//819 824//824 820//820
f 820//820 824//824 825//825
f 820//820 825//825 821//821
f 821//821 825//825 826//826
f 821//821 826//826 626//626
f 626//626 826//826 631//631
f 18//18 17//17 827//827
f 827//827 17//17 828//828
f 827//827 828//828 829//829
f 829//829 828//828 830//830
f 829//829 830//830 831//831
f 831//831 830//830 832//832
f 831//831 832//832 833//833
f 833//833 832//832 834//834
f 833//833 834//834 835//835
f 835//835 834//834 836//836
f 17//17 46//46 828//828
f 828//828 46//46 837//837
f 828//828 837//837 830//830
f 830//830 837//837 838//838
f 830//830 838//838 832//832
f 832//832 838//838 839//839
f 832//832 839//839 834//834
f 834//834 839//839 840//840
f 834//834 840//840 836//836
f 836//836 840//840 841//841
f 836//836 841//841 628//628
f 628//628 841//841 629//629
f 51//51 49//49 842//842
f 842//842 49//49 843//843
f 842//842 843//843 844//844
f 844//844 843//843 845//845
f 844//844 845//845 846//846
f 846//846 845//845 847//847
f 846//846 847//847 848//848
f 848//848 847//847 849//849
f 848//848 849//849 850//850
f 850//850 849//849 851//851
f 49//49 48//48 843//843
f 843//843 48//48 852//852
f 843//843 852//852 845//845
f 845//845 852//852 853//853
f 845//845 853//853 847//847
f 847//847 853//853 854//854
f 847//847 854//854 849//849
f 849//849 854//854 855//855
f 849//849 855//855 851//851
f 851//851 855//855 856//856
f 48//48 57//57 852//852
f 852//852 57//57 857//857
f 852//852 857//857 853//853
f 853//853 857//857 858//858
f 853//853 858//858 854//854
f 854//854 858//858 859//859
f 854//854 859//859 855//855
f 855//855 859//859 860//860
f 855//855 860//860 856//856
f 856//856 860//860 861//861
f 856//856 861//861 640//640
f 640//640 861//861 473//473
f 95//95 724//724 722//722
f 722//722 724//724 862//862
f 722//722 862//862 863//863
f 863//863 862//862 864//864
f 863//863 864//864 865//865
f 865//865 864//864 866//866
f 865//865 866//866 867//867
f 867//867 866//866 868//868
f 867//867 868//868 869//869
f 869//869 868//868 550//550
f 869//869 550//550 553//553
f 870//870 595//595 549//549
f 38//38 723//723 724//724
f 724//724 723//723 871//871
f 724//724 871//871 862//862
f 862//862 871//871 872//872
f 862//862 872//872 864//864
f 864//864 872//872 873//873
f 864//864 873//873 866//866
f 866//866 873//873 870//870
f 866//866 870//870 868//868
f 868//868 870//870 549//549
f 868//868 549//549 550//550
f 37//37 874//874 723//723
f 723//723 874//874 875//875
f 723//723 875//875 871//871
f 871//871 875//875 876//876
f 871//871 876//876 872//872
f 872//872 876//876 877//877
f 872//872 877//877 873//873
f 873//873 877//877 878//878
f 873//873 878//878 870//870
f 870//870 878//878 592//592
f 870//870 592//592 595//595
f 874//874 746//746 875//875
f 875//875 746//746 734//734
f 875//875 734//734 876//876
f 876//876 734//734 733//733
f 876//876 733//733 877//877
f 877//877 733//733 740//740
f 877//877 740//740 878//878
f 878//878 740//740 593//593
f 878//878 593//593 592//592
f 601//601 600//600 742//742
f 742//742 600//600 596//596
f 742//742 596//596 741//741
f 741//741 596//596 598//598
f 741//741 598//598 740//740
f 740//740 598//598 599//599
f 740//740 599//599 593//593
f 607//607 606//606 718//718
f 718//718 606//606 743//743
f 718//718 743//743 879//879
f 879//879 743//743 744//744
f 879//879 744//744 880//880
f 880//880 744//744 745//745
f 880//880 745//745 881//881
f 881//881 745//745 746//746
f 881//881 746//746 882//882
f 882//882 746//746 874//874
f 882//882 874//874 43//43
f 43//43 874//874 37//37
f 43//43 30//30 882//882
f 882//882 30//30 747//747
f 882//882 747//747 881//881
f 881//881 747//747 749//749
f 881//881 749//749 880//880
f 880//880 749//749 751//751
f 880//880 751//751 879//879
f 879//879 751//751 753//753
f 879//879 753//753 718//718
f 718//718 753//753 755//755
f 718//718 755//755 609//609
f 613//613 614//614 761//761
f 761//761 614//614 604//604
f 761//761 604//604 756//756
f 756//756 604//604 603//603
f 756//756 603//603 755//755
f 755//755 603//603 610//610
f 755//755 610//610 609//609
f 27//27 42//42 762//762
f 762//762 42//42 767//767
f 762//762 767//767 763//763
f 763//763 767//767 769//769
f 763//763 769//769 764//764
f 764//764 769//769 771//771
f 764//764 771//771 765//765
f 765//765 771//771 773//773
f 765//765 773//773 766//766
f 766//766 773//773 775//775
f 766//766 775//775 611//611
f 448//448 447//447 781//781
f 781//781 447//447 446//446
f 781//781 446//446 776//776
f 776//776 446//446 615//615
f 776//776 615//615 775//775
f 775//775 615//615 616//616
f 775//775 616//616 611//611
f 579//579 450//450 717//717
f 717//717 450//450 786//786
f 717//717 786//786 883//883
f 883//883 786//786 785//785
f 883//883 785//785 884//884
f 884//884 785//785 784//784
f 884//884 784//784 885//885
f 885//885 784//784 783//783
f 885//885 783//783 886//886
f 886//886 783//783 782//782
f 886//886 782//782 63//63
f 63//63 782//782 60//60
f 63//63 62//62 886//886
f 886//886 62//62 787//787
f 886//886 787//787 885//885
f 885//885 787//787 789//789
f 885//885 789//789 884//884
f 884//884 789//789 791//791
f 884//884 791//791 883//883
f 883//883 791//791 793//793
f 883//883 793//793 717//717
f 717//717 793//793 795//795
f 717//717 795//795 426//426
f 619//619 620//620 801//801
f 801//801 620//620 423//423
f 801//801 423//423 796//796
f 796//796 423//423 430//430
f 796//796 430//430 795//795
f 795//795 430//430 428//428
f 795//795 428//428 426//426
f 34//34 21//21 802//802
f 802//802 21//21 807//807
f 802//802 807//807 803//803
f 803//803 807//807 809//809
f 803//803 809//809 804//804
f 804//804 809//809 811//811
f 804//804 811//811 805//805
f 805//805 811//811 813//813
f 805//805 813//813 806//806
f 806//806 813//813 815//815
f 806//806 815//815 617//617
f 626//626 625//625 821//821
f 821//821 625//625 621//621
f 821//821 621//621 816//816
f 816//816 621//621 623//623
f 816//816 623//623 815//815
f 815//815 623//623 624//624
f 815//815 624//624 617//617
f 20//20 18//18 822//822
f 822//822 18//18 827//827
f 822//822 827//827 823//823
f 823//823 827//827 829//829
f 823//823 829//829 824//824
f 824//824 829//829 831//831
f 824//824 831//831 825//825
f 825//825 831//831 833//833
f 825//825 833//833 826//826
f 826//826 833//833 835//835
f 826//826 835//835 631//631
f 628//628 635//635 836//836
f 836//836 635//635 634//634
f 836//836 634//634 835//835
f 835//835 634//634 632//632
f 835//835 632//632 631//631
f 46//46 51//51 837//837
f 837//837 51//51 842//842
f 837//837 842//842 838//838
f 838//838 842//842 844//844
f 838//838 844//844 839//839
f 839//839 844//844 846//846
f 839//839 846//846 840//840
f 840//840 846//846 848//848
f 840//840 848//848 841//841
f 841//841 848//848 850//850
f 841//841 850//850 629//629
f 640//640 641//641 856//856
f 856//856 641//641 636//636
f 856//856 636//636 851//851
f 851//851 636//636 638//638
f 851//851 638//638 850//850
f 850//850 638//638 639//639
f 850//850 639//639 629//629
f 555//555 473//473 735//735
f 735//735 473//473 861//861
f 735//735 861//861 728//728
f 728//728 861//861 860//860
f 728//728 860//860 725//725
f 725//725 860//860 859//859
f 725//725 859//859 721//721
f 721//721 859//859 858//858
f 721//721 858//858 719//719
f 719//719 858//858 857//857
f 719//719 857//857 56//56
f 56//56 857//857 57//57
f 96//96 722//722 739//739
f 739//739 722//722 863//863
f 739//739 863//863 738//738
f 738//738 863//863 865//865
f 738//738 865//865 737//737
f 737//737 865//865 867//867
f 737//737 867//867 736//736
f 736//736 867//867 869//869
f 736//736 869//869 735//735
f 735//735 869//869 553//553
f 735//735 553//553 555//555
f 161//161 314//314 887//887
f 344//344 342//342 888//888
f 889//889 890//890 891//891
f 87//87 104//104 892//892
f 103//103 102//102 893//893
f 104//104 103//103 894//894
f 105//105 890//890 106//106
f 106//106 890//890 889//889
f 106//106 889//889 99//99
f 895//895 891//891 896//896
f 896//896 891//891 890//890
f 896//896 890//890 897//897
f 897//897 890//890 105//105
f 897//897 105//105 81//81
f 898//898 895//895 899//899
f 899//899 895//895 896//896
f 899//899 896//896 900//900
f 900//900 896//896 897//897
f 900//900 897//897 901//901
f 901//901 897//897 81//81
f 901//901 81//81 80//80
f 902//902 903//903 904//904
f 905//905 898//898 906//906
f 906//906 898//898 899//899
f 906//906 899//899 907//907
f 907//907 899//899 900//900
f 907//907 900//900 908//908
f 908//908 900//900 901//901
f 908//908 901//901 909//909
f 909//909 901//901 80//80
f 909//909 80//80 87//87
f 910//910 903//903 911//911
f 911//911 903//903 902//902
f 911//911 902//902 912//912
f 341//341 336//336 913//913
f 913//913 336//336 912//912
f 913//913 912//912 914//914
f 914//914 912//912 902//902
f 914//914 902//902 915//915
f 915//915 902//902 904//904
f 915//915 904//904 916//916
f 71//71 72//72 917//917
f 917//917 72//72 918//918
f 917//917 918//918 919//919
f 919//919 918//918 920//920
f 919//919 920//920 921//921
f 921//921 920//920 922//922
f 921//921 922//922 923//923
f 923//923 922//922 924//924
f 923//923 924//924 925//925
f 925//925 924//924 926//926
f 72//72 79//79 918//918
f 918//918 79//79 927//927
f 918//918 927//927 920//920
f 920//920 927//927 928//928
f 920//920 928//928 922//922
f 922//922 928//928 929//929
f 922//922 929//929 924//924
f 924//924 929//929 930//930
f 924//924 930//930 926//926
f 926//926 930//930 931//931
f 79//79 85//85 927//927
f 927//927 85//85 932//932
f 927//927 932//932 928//928
f 928//928 932//932 933//933
f 928//928 933//933 929//929
f 929//929 933//933 934//934
f 929//929 934//934 930//930
f 930//930 934//934 935//935
f 930//930 935//935 931//931
f 931//931 935//935 936//936
f 931//931 936//936 348//348
f 348//348 936//936 346//346
f 68//68 67//67 937//937
f 937//937 67//67 938//938
f 937//937 938//938 939//939
f 939//939 938//938 940//940
f 939//939 940//940 941//941
f 941//941 940//940 942//942
f 941//941 942//942 943//943
f 943//943 942//942 944//944
f 943//943 944//944 945//945
f 945//945 944//944 946//946
f 67//67 76//76 938//938
f 938//938 76//76 947//947
f 938//938 947//947 940//940
f 940//940 947//947 948//948
f 940//940 948//948 942//942
f 942//942 948//948 949//949
f 942//942 949//949 944//944
f 944//944 949//949 950//950
f 944//944 950//950 946//946
f 946//946 950//950 951//951
f 76//76 75//75 947//947
f 947//947 75//75 952//952
f 947//947 952//952 948//948
f 948//948 952//952 953//953
f 948//948 953//953 949//949
f 949//949 953//953 954//954
f 949//949 954//954 950//950
f 950//950 954//954 955//955
f 950//950 955//955 951//951
f 951//951 955//955 956//956
f 951//951 956//956 183//183
f 183//183 956//956 185//185
f 73//73 90//90 957//957
f 957//957 90//90 958//958
f 957//957 958//958 959//959
f 959//959 958//958 960//960
f 959//959 960//960 961//961
f 961//961 960//960 962//962
f 961//961 962//962 963//963
f 963//963 962//962 964//964
f 963//963 964//964 965//965
f 965//965 964//964 966//966
f 90//90 89//89 958//958
f 958//958 89//89 967//967
f 958//958 967//967 960//960
f 960//960 967//967 968//968
f 960//960 968//968 962//962
f 962//962 968//968 969//969
f 962//962 969//969 964//964
f 964//964 969//969 970//970
f 964//964 970//970 966//966
f 966//966 970//970 971//971
f 89//89 88//88 967//967
f 967//967 88//88 972//972
f 967//967 972//972 968//968
f 968//968 972//972 973//973
f 968//968 973//973 969//969
f 969//969 973//973 974//974
f 969//969 974//974 970//970
f 970//970 974//974 975//975
f 970//970 975//975 971//971
f 971//971 975//975 976//976
f 971//971 976//976 354//354
f 354//354 976//976 352//352
f 41//41 40//40 977//977
f 977//977 40//40 978//978
f 977//977 978//978 979//979
f 979//979 978//978 980//980
f 979//979 980//980 981//981
f 981//981 980//980 982//982
f 981//981 982//982 983//983
f 983//983 982//982 984//984
f 983//983 984//984 985//985
f 985//985 984//984 986//986
f 40//40 26//26 978//978
f 978//978 26//26 987//987
f 978//978 987//987 980//980
f 980//980 987//987 988//988
f 980//980 988//988 982//982
f 982//982 988//988 989//989
f 982//982 989//989 984//984
f 984//984 989//989 990//990
f 984//984 990//990 986//986
f 986//986 990//990 991//991
f 26//26 25//25 987//987
f 987//987 25//25 992//992
f 987//987 992//992 988//988
f 988//988 992//992 993//993
f 988//988 993//993 989//989
f 989//989 993//993 994//994
f 989//989 994//994 990//990
f 990//990 994//994 995//995
f 990//990 995//995 991//991
f 991//991 995//995 996//996
f 991//991 996//996 361//361
f 361//361 996//996 366//366
f 31//31 29//29 997//997
f 997//997 29//29 998//998
f 997//997 998//998 999//999
f 999//999 998//998 1000//1000
f 999//999 1000//1000 1001//1001
f 1001//1001 1000//1000 1002//1002
f 1001//1001 1002//1002 1003//1003
f 1003//1003 1002//1002 1004//1004
f 1003//1003 1004//1004 1005//1005
f 1005//1005 1004//1004 1006//1006
f 29//29 28//28 998//998
f 998//998 28//28 1007//1007
f 998//998 1007//1007 1000//1000
f 1000//1000 1007//1007 1008//1008
f 1000//1000 1008//1008 1002//1002
f 1002//1002 1008//1008 1009//1009
f 1002//1002 1009//1009 1004//1004
f 1004//1004 1009//1009 1010//1010
f 1004//1004 1010//1010 1006//1006
f 1006//1006 1010//1010 1011//1011
f 1006//1006 1011//1011 363//363
f 363//363 1011//1011 364//364
f 39//39 94//94 1012//1012
f 1012//1012 94//94 1013//1013
f 1012//1012 1013//1013 1014//1014
f 1014//1014 1013//1013 1015//1015
f 1014//1014 1015//1015 1016//1016
f 1016//1016 1015//1015 1017//1017
f 1016//1016 1017//1017 1018//1018
f 1018//1018 1017//1017 1019//1019
f 1018//1018 1019//1019 1020//1020
f 1020//1020 1019//1019 1021//1021
f 94//94 93//93 1013//1013
f 1013//1013 93//93 1022//1022
f 1013//1013 1022//1022 1015//1015
f 1015//1015 1022//1022 1023//1023
f 1015//1015 1023//1023 1017//1017
f 1017//1017 1023//1023 1024//1024
f 1017//1017 1024//1024 1019//1019
f 1019//1019 1024//1024 1025//1025
f 1019//1019 1025//1025 1021//1021
f 1021//1021 1025//1025 1026//1026
f 93//93 92//92 1022//1022
f 1022//1022 92//92 1027//1027
f 1022//1022 1027//1027 1023//1023
f 1023//1023 1027//1027 1028//1028
f 1023//1023 1028//1028 1024//1024
f 1024//1024 1028//1028 1029//1029
f 1024//1024 1029//1029 1025//1025
f 1025//1025 1029//1029 1030//1030
f 1025//1025 1030//1030 1026//1026
f 1026//1026 1030//1030 1031//1031
f 1026//1026 1031//1031 375//375
f 375//375 1031//1031 208//208
f 104//104 894//894 892//892
f 892//892 894//894 1032//1032
f 892//892 1032//1032 1033//1033
f 1033//1033 1032//1032 1034//1034
f 1033//1033 1034//1034 1035//1035
f 1035//1035 1034//1034 1036//1036
f 1035//1035 1036//1036 1037//1037
f 1037//1037 1036//1036 1038//1038
f 1037//1037 1038//1038 1039//1039
f 1039//1039 1038//1038 285//285
f 1039//1039 285//285 288//288
f 1040//1040 330//330 284//284
f 103//103 893//893 894//894
f 894//894 893//893 1041//1041
f 894//894 1041//1041 1032//1032
f 1032//1032 1041//1041 1042//1042
f 1032//1032 1042//1042 1034//1034
f 1034//1034 1042//1042 1043//1043
f 1034//1034 1043//1043 1036//1036
f 1036//1036 1043//1043 1040//1040
f 1036//1036 1040//1040 1038//1038
f 1038//1038 1040//1040 284//284
f 1038//1038 284//284 285//285
f 102//102 1044//1044 893//893
f 893//893 1044//1044 1045//1045
f 893//893 1045//1045 1041//1041
f 1041//1041 1045//1045 1046//1046
f 1041//1041 1046//1046 1042//1042
f 1042//1042 1046//1046 1047//1047
f 1042//1042 1047//1047 1043//1043
f 1043//1043 1047//1047 1048//1048
f 1043//1043 1048//1048 1040//1040
f 1040//1040 1048//1048 327//327
f 1040//1040 327//327 330//330
f 1044//1044 916//916 1045//1045
f 1045//1045 916//916 904//904
f 1045//1045 904//904 1046//1046
f 1046//1046 904//904 903//903
f 1046//1046 903//903 1047//1047
f 1047//1047 903//903 910//910
f 1047//1047 910//910 1048//1048
f 1048//1048 910//910 328//328
f 1048//1048 328//328 327//327
f 336//336 335//335 912//912
f 912//912 335//335 331//331
f 912//912 331//331 911//911
f 911//911 331//331 333//333
f 911//911 333//333 910//910
f 910//910 333//333 334//334
f 910//910 334//334 328//328
f 342//342 341//341 888//888
f 888//888 341//341 913//913
f 888//888 913//913 1049//1049
f 1049//1049 913//913 914//914
f 1049//1049 914//914 1050//1050
f 1050//1050 914//914 915//915
f 1050//1050 915//915 1051//1051
f 1051//1051 915//915 916//916
f 1051//1051 916//916 1052//1052
f 1052//1052 916//916 1044//1044
f 1052//1052 1044//1044 69//69
f 69//69 1044//1044 102//102
f 69//69 71//71 1052//1052
f 1052//1052 71//71 917//917
f 1052//1052 917//917 1051//1051
f 1051//1051 917//917 919//919
f 1051//1051 919//919 1050//1050
f 1050//1050 919//919 921//921
f 1050//1050 921//921 1049//1049
f 1049//1049 921//921 923//923
f 1049//1049 923//923 888//888
f 888//888 923//923 925//925
f 888//888 925//925 344//344
f 348//348 349//349 931//931
f 931//931 349//349 339//339
f 931//931 339//339 926//926
f 926//926 339//339 338//338
f 926//926 338//338 925//925
f 925//925 338//338 345//345
f 925//925 345//345 344//344
f 85//85 68//68 932//932
f 932//932 68//68 937//937
f 932//932 937//937 933//933
f 933//933 937//937 939//939
f 933//933 939//939 934//934
f 934//934 939//939 941//941
f 934//934 941//941 935//935
f 935//935 941//941 943//943
f 935//935 943//943 936//936
f 936//936 943//943 945//945
f 936//936 945//945 346//346
f 183//183 182//182 951//951
f 951//951 182//182 181//181
f 951//951 181//181 946//946
f 946//946 181//181 350//350
f 946//946 350//350 945//945
f 945//945 350//350 351//351
f 945//945 351//351 346//346
f 314//314 185//185 887//887
f 887//887 185//185 956//956
f 887//887 956//956 1053//1053
f 1053//1053 956//956 955//955
f 1053//1053 955//955 1054//1054
f 1054//1054 955//955 954//954
f 1054//1054 954//954 1055//1055
f 1055//1055 954//954 953//953
f 1055//1055 953//953 1056//1056
f 1056//1056 953//953 952//952
f 1056//1056 952//952 74//74
f 74//74 952//952 75//75
f 74//74 73//73 1056//1056
f 1056//1056 73//73 957//957
f 1056//1056 957//957 1055//1055
f 1055//1055 957//957 959//959
f 1055//1055 959//959 1054//1054
f 1054//1054 959//959 961//961
f 1054//1054 961//961 1053//1053
f 1053//1053 961//961 963//963
f 1053//1053 963//963 887//887
f 887//887 963//963 965//965
f 887//887 965//965 161//161
f 354//354 355//355 971//971
f 971//971 355//355 158//158
f 971//971 158//158 966//966
f 966//966 158//158 165//165
f 966//966 165//165 965//965
f 965//965 165//165 163//163
f 965//965 163//163 161//161
f 88//88 41//41 972//972
f 972//972 41//41 977//977
f 972//972 977//977 973//973
f 973//973 977//977 979//979
f 973//973 979//979 974//974
f 974//974 979//979 981//981
f 974//974 981//981 975//975
f 975//975 981//981 983//983
f 975//975 983//983 976//976
f 976//976 983//983 985//985
f 976//976 985//985 352//352
f 361//361 360//360 991//991
f 991//991 360//360 356//356
f 991//991 356//356 986//986
f 986//986 356//356 358//358
f 986//986 358//358 985//985
f 985//985 358//358 359//359
f 985//985 359//359 352//352
f 25//25 31//31 992//992
f 992//992 31//31 997//997
f 992//992 997//997 993//993
f 993//993 997//997 999//999
f 993//993 999//999 994//994
f 994//994 999//999 1001//1001
f 994//994 1001//1001 995//995
f 995//995 1001//1001 1003//1003
f 995//995 1003//1003 996//996
f 996//996 1003//1003 1005//1005
f 996//996 1005//1005 366//366
f 363//363 370//370 1006//1006
f 1006//1006 370//370 369//369
f 1006//1006 369//369 1005//1005
f 1005//1005 369//369 367//367
f 1005//1005 367//367 366//366
f 28//28 39//39 1007//1007
f 1007//1007 39//39 1012//1012
f 1007//1007 1012//1012 1008//1008
f 1008//1008 1012//1012 1014//1014
f 1008//1008 1014//1014 1009//1009
f 1009//1009 1014//1014 1016//1016
f 1009//1009 1016//1016 1010//1010
f 1010//1010 1016//1016 1018//1018
f 1010//1010 1018//1018 1011//1011
f 1011//1011 1018//1018 1020//1020
f 1011//1011 1020//1020 364//364
f 375//375 376//376 1026//1026
f 1026//1026 376//376 371//371
f 1026//1026 371//371 1021//1021
f 1021//1021 371//371 373//373
f 1021//1021 373//373 1020//1020
f 1020//1020 373//373 374//374
f 1020//1020 374//374 364//364
f 290//290 208//208 905//905
f 905//905 208//208 1031//1031
f 905//905 1031//1031 898//898
f 898//898 1031//1031 1030//1030
f 898//898 1030//1030 895//895
f 895//895 1030//1030 1029//1029
f 895//895 1029//1029 891//891
f 891//891 1029//1029 1028//1028
f 891//891 1028//1028 889//889
f 889//889 1028//1028 1027//1027
f 889//889 1027//1027 99//99
f 99//99 1027//1027 92//92
f 87//87 892//892 909//909
f 909//909 892//892 1033//1033
f 909//909 1033//1033 908//908
f 908//908 1033//1033 1035//1035
f 908//908 1035//1035 907//907
f 907//907 1035//1035 1037//1037
f 907//907 1037//1037 906//906
f 906//906 1037//1037 1039//1039
f 906//906 1039//1039 905//905
f 905//905 1039//1039 288//288
f 905//905 288//288 290//290
# 2096 faces, 0 coords texture

# End of File
